2026-01-10 11:10:08,090 - INFO - Loaded country summary with 186 countries
2026-01-10 11:10:08,090 - INFO - 🧪 Running test with 3 sample countries...
2026-01-10 11:10:08,090 - INFO - 🌍 Starting batch processing of countries...
2026-01-10 11:10:08,090 - INFO - 📊 Total countries to process: 3
2026-01-10 11:10:08,091 - INFO - 
🚀 Processing Afghanistan
2026-01-10 11:10:08,091 - INFO -    ILI cases: 1,517,440
2026-01-10 11:10:08,091 - INFO -    ARI cases: 0
2026-01-10 11:10:08,091 - INFO -    Data types: ILI
2026-01-10 11:10:08,091 - INFO - Running extraction: /home/david/miniconda3/bin/python enhanced_extract_country_data.py --country Afghanistan --input data/who_flu_data.csv --output_dir data/extracted_data
2026-01-10 11:10:09,398 - INFO - ✅ Extraction successful for Afghanistan
2026-01-10 11:10:09,399 - INFO - Running chronos inference: /home/david/miniconda3/bin/python src/scripts/chronos_inference.py --data_file data/extracted_data/Afghanistan_ili.csv --country_name Afghanistan --prediction_length 54 --plot --use_weather --use_future_weather --test_split 0
2026-01-10 11:10:18,038 - INFO - ✅ Inference successful for Afghanistan
2026-01-10 11:10:18,038 - INFO - 
🚀 Processing Albania
2026-01-10 11:10:18,038 - INFO -    ILI cases: 10,008
2026-01-10 11:10:18,038 - INFO -    ARI cases: 16,503,801
2026-01-10 11:10:18,039 - INFO -    Data types: ARI, ILI
2026-01-10 11:10:18,039 - INFO - Running extraction: /home/david/miniconda3/bin/python enhanced_extract_country_data.py --country Albania --input data/who_flu_data.csv --output_dir data/extracted_data
2026-01-10 11:10:19,349 - INFO - ✅ Extraction successful for Albania
2026-01-10 11:10:19,350 - INFO - Running chronos inference: /home/david/miniconda3/bin/python src/scripts/chronos_inference.py --data_file data/extracted_data/Albania_ili.csv --country_name Albania --prediction_length 54 --plot --use_weather --use_future_weather --test_split 0
2026-01-10 11:10:25,077 - INFO - ✅ Inference successful for Albania
2026-01-10 11:10:25,077 - INFO - 
🚀 Processing Algeria
2026-01-10 11:10:25,078 - INFO -    ILI cases: 72,349
2026-01-10 11:10:25,078 - INFO -    ARI cases: 0
2026-01-10 11:10:25,078 - INFO -    Data types: ILI
2026-01-10 11:10:25,078 - INFO - Running extraction: /home/david/miniconda3/bin/python enhanced_extract_country_data.py --country Algeria --input data/who_flu_data.csv --output_dir data/extracted_data
2026-01-10 11:10:26,355 - INFO - ✅ Extraction successful for Algeria
2026-01-10 11:10:26,355 - INFO - Running chronos inference: /home/david/miniconda3/bin/python src/scripts/chronos_inference.py --data_file data/extracted_data/Algeria_ili.csv --country_name Algeria --prediction_length 54 --plot --use_weather --use_future_weather --test_split 0
2026-01-10 11:10:31,586 - INFO - ✅ Inference successful for Algeria
2026-01-10 11:10:31,586 - INFO - 
🎉 BATCH PROCESSING COMPLETE
2026-01-10 11:10:31,586 - INFO - ============================================================
2026-01-10 11:10:31,586 - INFO - 📊 SUMMARY STATISTICS:
2026-01-10 11:10:31,586 - INFO -    Total countries in dataset: 186
2026-01-10 11:10:31,586 - INFO -    Countries processed: 3
2026-01-10 11:10:31,586 - INFO -    Countries skipped (no data): 0
2026-01-10 11:10:31,586 - INFO -    Successful extractions: 3
2026-01-10 11:10:31,586 - INFO -    Failed extractions: 0
2026-01-10 11:10:31,586 - INFO -    Successful inferences: 3
2026-01-10 11:10:31,586 - INFO -    Failed inferences: 0
2026-01-10 11:10:31,586 - INFO -    Overall success rate: 1.6%
2026-01-10 11:10:31,586 - INFO -    Total processing time: 23.5 seconds (0.01 hours)
2026-01-10 11:10:31,586 - INFO -    Average time per country: 3.9 seconds
2026-01-10 11:10:31,586 - INFO -    Estimated time for remaining countries: 11.9 minutes
2026-01-10 11:10:31,587 - INFO - ============================================================
2026-01-10 11:10:31,587 - INFO - 📁 RESULTS SAVED TO: results/country_predictions
2026-01-10 11:10:31,587 - INFO - 📁 EXTRACTED DATA IN: data/extracted_data
2026-01-10 11:10:31,587 - INFO - 📄 DETAILED LOG: country_inference_batch.log
2026-01-10 11:15:09,993 - INFO - Loaded country summary with 186 countries
2026-01-10 11:15:09,993 - INFO - 🌍 Starting batch processing of countries...
2026-01-10 11:15:09,993 - INFO - 📊 Total countries to process: 186
2026-01-10 11:15:09,993 - INFO - 
🚀 Processing Afghanistan
2026-01-10 11:15:09,993 - INFO -    ILI cases: 1,517,440
2026-01-10 11:15:09,993 - INFO -    ARI cases: 0
2026-01-10 11:15:09,993 - INFO -    Data types: ILI
2026-01-10 11:15:09,993 - INFO - Running extraction: /home/david/miniconda3/bin/python enhanced_extract_country_data.py --country Afghanistan --input data/who_flu_data.csv --output_dir data/extracted_data
2026-01-10 11:15:11,262 - INFO - ✅ Extraction successful for Afghanistan
2026-01-10 11:15:11,262 - INFO - Running chronos inference: /home/david/miniconda3/bin/python src/scripts/chronos_inference.py --data_file data/extracted_data/Afghanistan_ili.csv --country_name Afghanistan --prediction_length 54 --plot --use_weather --use_future_weather --test_split 0
2026-01-10 11:15:16,303 - INFO - ✅ Inference successful for Afghanistan
2026-01-10 11:15:16,303 - INFO - 
🚀 Processing Albania
2026-01-10 11:15:16,303 - INFO -    ILI cases: 10,008
2026-01-10 11:15:16,303 - INFO -    ARI cases: 16,503,801
2026-01-10 11:15:16,303 - INFO -    Data types: ARI, ILI
2026-01-10 11:15:16,303 - INFO - Running extraction: /home/david/miniconda3/bin/python enhanced_extract_country_data.py --country Albania --input data/who_flu_data.csv --output_dir data/extracted_data
2026-01-10 11:15:17,576 - INFO - ✅ Extraction successful for Albania
2026-01-10 11:15:17,576 - INFO - Running chronos inference: /home/david/miniconda3/bin/python src/scripts/chronos_inference.py --data_file data/extracted_data/Albania_ili.csv --country_name Albania --prediction_length 54 --plot --use_weather --use_future_weather --test_split 0
2026-01-10 11:15:22,701 - INFO - ✅ Inference successful for Albania
2026-01-10 11:15:22,701 - INFO - 
🚀 Processing Algeria
2026-01-10 11:15:22,701 - INFO -    ILI cases: 72,349
2026-01-10 11:15:22,701 - INFO -    ARI cases: 0
2026-01-10 11:15:22,701 - INFO -    Data types: ILI
2026-01-10 11:15:22,701 - INFO - Running extraction: /home/david/miniconda3/bin/python enhanced_extract_country_data.py --country Algeria --input data/who_flu_data.csv --output_dir data/extracted_data
2026-01-10 11:15:24,000 - INFO - ✅ Extraction successful for Algeria
2026-01-10 11:15:24,000 - INFO - Running chronos inference: /home/david/miniconda3/bin/python src/scripts/chronos_inference.py --data_file data/extracted_data/Algeria_ili.csv --country_name Algeria --prediction_length 54 --plot --use_weather --use_future_weather --test_split 0
2026-01-10 11:15:28,798 - INFO - ✅ Inference successful for Algeria
2026-01-10 11:15:28,798 - INFO - 
🚀 Processing American Samoa
2026-01-10 11:15:28,799 - INFO -    ILI cases: 23,645
2026-01-10 11:15:28,799 - INFO -    ARI cases: 0
2026-01-10 11:15:28,799 - INFO -    Data types: ILI
2026-01-10 11:15:28,799 - INFO - Running extraction: /home/david/miniconda3/bin/python enhanced_extract_country_data.py --country American Samoa --input data/who_flu_data.csv --output_dir data/extracted_data
2026-01-10 11:15:30,066 - INFO - ✅ Extraction successful for American Samoa
2026-01-10 11:15:30,067 - INFO - Running chronos inference: /home/david/miniconda3/bin/python src/scripts/chronos_inference.py --data_file data/extracted_data/American_Samoa_ili.csv --country_name American Samoa --prediction_length 54 --plot --use_weather --use_future_weather --test_split 0
2026-01-10 11:15:33,875 - ERROR - ❌ Inference failed for American Samoa: Traceback (most recent call last):
  File "/home/david/random_projects/mistral-vibe-test/tirex-test/src/scripts/data_loader.py", line 325, in load_time_series_with_weather
    weekly_weather, scaler = get_weather_for_country(
                             ^^^^^^^^^^^^^^^^^^^^^^^^
  File "/home/david/random_projects/mistral-vibe-test/tirex-test/src/scripts/weather_fetcher.py", line 687, in get_weather_for_country
    lat, lon = get_country_coordinates(country_name)
               ^^^^^^^^^^^^^^^^^^^^^^^^^^^^^^^^^^^^^
  File "/home/david/random_projects/mistral-vibe-test/tirex-test/src/scripts/weather_fetcher.py", line 119, in get_country_coordinates
    raise ValueError(f"Country code '{country_code}' not found in bounding boxes")
ValueError: Country code 'AS' not found in bounding boxes

During handling of the above exception, another exception occurred:

Traceback (most recent call last):
  File "/home/david/random_projects/mistral-vibe-test/tirex-test/src/scripts/chronos_inference.py", line 510, in <module>
    main()
  File "/home/david/random_projects/mistral-vibe-test/tirex-test/src/scripts/chronos_inference.py", line 149, in main
    data, dates, _, weather_covariates = load_time_series_with_weather(
                                         ^^^^^^^^^^^^^^^^^^^^^^^^^^^^^^
  File "/home/david/random_projects/mistral-vibe-test/tirex-test/src/scripts/data_loader.py", line 333, in load_time_series_with_weather
    raise ValueError(f"Failed to fetch weather data: {e}")
ValueError: Failed to fetch weather data: Country code 'AS' not found in bounding boxes

2026-01-10 11:15:33,876 - INFO - 
🚀 Processing Anguilla
2026-01-10 11:15:33,876 - INFO -    ILI cases: 815
2026-01-10 11:15:33,876 - INFO -    ARI cases: 0
2026-01-10 11:15:33,876 - INFO -    Data types: ILI
2026-01-10 11:15:33,876 - INFO - Running extraction: /home/david/miniconda3/bin/python enhanced_extract_country_data.py --country Anguilla --input data/who_flu_data.csv --output_dir data/extracted_data
2026-01-10 11:15:35,139 - INFO - ✅ Extraction successful for Anguilla
2026-01-10 11:15:35,140 - INFO - Running chronos inference: /home/david/miniconda3/bin/python src/scripts/chronos_inference.py --data_file data/extracted_data/Anguilla_ili.csv --country_name Anguilla --prediction_length 54 --plot --use_weather --use_future_weather --test_split 0
2026-01-10 11:15:38,936 - ERROR - ❌ Inference failed for Anguilla: Traceback (most recent call last):
  File "/home/david/random_projects/mistral-vibe-test/tirex-test/src/scripts/data_loader.py", line 325, in load_time_series_with_weather
    weekly_weather, scaler = get_weather_for_country(
                             ^^^^^^^^^^^^^^^^^^^^^^^^
  File "/home/david/random_projects/mistral-vibe-test/tirex-test/src/scripts/weather_fetcher.py", line 687, in get_weather_for_country
    lat, lon = get_country_coordinates(country_name)
               ^^^^^^^^^^^^^^^^^^^^^^^^^^^^^^^^^^^^^
  File "/home/david/random_projects/mistral-vibe-test/tirex-test/src/scripts/weather_fetcher.py", line 119, in get_country_coordinates
    raise ValueError(f"Country code '{country_code}' not found in bounding boxes")
ValueError: Country code 'AI' not found in bounding boxes

During handling of the above exception, another exception occurred:

Traceback (most recent call last):
  File "/home/david/random_projects/mistral-vibe-test/tirex-test/src/scripts/chronos_inference.py", line 510, in <module>
    main()
  File "/home/david/random_projects/mistral-vibe-test/tirex-test/src/scripts/chronos_inference.py", line 149, in main
    data, dates, _, weather_covariates = load_time_series_with_weather(
                                         ^^^^^^^^^^^^^^^^^^^^^^^^^^^^^^
  File "/home/david/random_projects/mistral-vibe-test/tirex-test/src/scripts/data_loader.py", line 333, in load_time_series_with_weather
    raise ValueError(f"Failed to fetch weather data: {e}")
ValueError: Failed to fetch weather data: Country code 'AI' not found in bounding boxes

2026-01-10 11:15:38,937 - INFO - 
📈 PROGRESS UPDATE
2026-01-10 11:15:38,937 - INFO -    Countries processed: 5/186
2026-01-10 11:15:38,938 - INFO -    Successful extractions: 5
2026-01-10 11:15:38,938 - INFO -    Failed extractions: 0
2026-01-10 11:15:38,938 - INFO -    Successful inferences: 3
2026-01-10 11:15:38,938 - INFO -    Failed inferences: 2
2026-01-10 11:15:38,938 - INFO -    Skipped countries: 0
2026-01-10 11:15:38,938 - INFO -    Average processing time: 2.9s per country
2026-01-10 11:15:38,938 - INFO - 
🚀 Processing Antigua and Barbuda
2026-01-10 11:15:38,939 - INFO -    ILI cases: 4,093
2026-01-10 11:15:38,939 - INFO -    ARI cases: 0
2026-01-10 11:15:38,939 - INFO -    Data types: ILI
2026-01-10 11:15:38,939 - INFO - Running extraction: /home/david/miniconda3/bin/python enhanced_extract_country_data.py --country Antigua and Barbuda --input data/who_flu_data.csv --output_dir data/extracted_data
2026-01-10 11:15:40,215 - INFO - ✅ Extraction successful for Antigua and Barbuda
2026-01-10 11:15:40,216 - INFO - Running chronos inference: /home/david/miniconda3/bin/python src/scripts/chronos_inference.py --data_file data/extracted_data/Antigua_and_Barbuda_ili.csv --country_name Antigua and Barbuda --prediction_length 54 --plot --use_weather --use_future_weather --test_split 0
2026-01-10 11:15:43,971 - ERROR - ❌ Inference failed for Antigua and Barbuda: Traceback (most recent call last):
  File "/home/david/random_projects/mistral-vibe-test/tirex-test/src/scripts/data_loader.py", line 325, in load_time_series_with_weather
    weekly_weather, scaler = get_weather_for_country(
                             ^^^^^^^^^^^^^^^^^^^^^^^^
  File "/home/david/random_projects/mistral-vibe-test/tirex-test/src/scripts/weather_fetcher.py", line 687, in get_weather_for_country
    lat, lon = get_country_coordinates(country_name)
               ^^^^^^^^^^^^^^^^^^^^^^^^^^^^^^^^^^^^^
  File "/home/david/random_projects/mistral-vibe-test/tirex-test/src/scripts/weather_fetcher.py", line 119, in get_country_coordinates
    raise ValueError(f"Country code '{country_code}' not found in bounding boxes")
ValueError: Country code 'AG' not found in bounding boxes

During handling of the above exception, another exception occurred:

Traceback (most recent call last):
  File "/home/david/random_projects/mistral-vibe-test/tirex-test/src/scripts/chronos_inference.py", line 510, in <module>
    main()
  File "/home/david/random_projects/mistral-vibe-test/tirex-test/src/scripts/chronos_inference.py", line 149, in main
    data, dates, _, weather_covariates = load_time_series_with_weather(
                                         ^^^^^^^^^^^^^^^^^^^^^^^^^^^^^^
  File "/home/david/random_projects/mistral-vibe-test/tirex-test/src/scripts/data_loader.py", line 333, in load_time_series_with_weather
    raise ValueError(f"Failed to fetch weather data: {e}")
ValueError: Failed to fetch weather data: Country code 'AG' not found in bounding boxes

2026-01-10 11:15:43,971 - INFO - 
🚀 Processing Argentina
2026-01-10 11:15:43,973 - INFO -    ILI cases: 19,019,429
2026-01-10 11:15:43,973 - INFO -    ARI cases: 2,789,474
2026-01-10 11:15:43,973 - INFO -    Data types: ARI, ILI
2026-01-10 11:15:43,973 - INFO - Running extraction: /home/david/miniconda3/bin/python enhanced_extract_country_data.py --country Argentina --input data/who_flu_data.csv --output_dir data/extracted_data
2026-01-10 11:15:45,296 - INFO - ✅ Extraction successful for Argentina
2026-01-10 11:15:45,296 - INFO - Running chronos inference: /home/david/miniconda3/bin/python src/scripts/chronos_inference.py --data_file data/extracted_data/Argentina_ili.csv --country_name Argentina --prediction_length 54 --plot --use_weather --use_future_weather --test_split 0
2026-01-10 11:15:50,412 - INFO - ✅ Inference successful for Argentina
2026-01-10 11:15:50,412 - INFO - 
🚀 Processing Armenia
2026-01-10 11:15:50,412 - INFO -    ILI cases: 14,492
2026-01-10 11:15:50,412 - INFO -    ARI cases: 5,287,920
2026-01-10 11:15:50,413 - INFO -    Data types: ARI, ILI
2026-01-10 11:15:50,413 - INFO - Running extraction: /home/david/miniconda3/bin/python enhanced_extract_country_data.py --country Armenia --input data/who_flu_data.csv --output_dir data/extracted_data
2026-01-10 11:15:51,679 - INFO - ✅ Extraction successful for Armenia
2026-01-10 11:15:51,679 - INFO - Running chronos inference: /home/david/miniconda3/bin/python src/scripts/chronos_inference.py --data_file data/extracted_data/Armenia_ili.csv --country_name Armenia --prediction_length 54 --plot --use_weather --use_future_weather --test_split 0
2026-01-10 11:15:58,484 - INFO - ✅ Inference successful for Armenia
2026-01-10 11:15:58,484 - INFO - 🔮 Skipping Aruba - no ILI or ARI data available
2026-01-10 11:15:58,484 - INFO - 
🚀 Processing Australia
2026-01-10 11:15:58,484 - INFO -    ILI cases: 81,414
2026-01-10 11:15:58,484 - INFO -    ARI cases: 0
2026-01-10 11:15:58,484 - INFO -    Data types: ILI
2026-01-10 11:15:58,484 - INFO - Running extraction: /home/david/miniconda3/bin/python enhanced_extract_country_data.py --country Australia --input data/who_flu_data.csv --output_dir data/extracted_data
2026-01-10 11:15:59,767 - INFO - ✅ Extraction successful for Australia
2026-01-10 11:15:59,767 - INFO - Running chronos inference: /home/david/miniconda3/bin/python src/scripts/chronos_inference.py --data_file data/extracted_data/Australia_ili.csv --country_name Australia --prediction_length 54 --plot --use_weather --use_future_weather --test_split 0
2026-01-10 11:16:05,539 - INFO - ✅ Inference successful for Australia
2026-01-10 11:16:05,539 - INFO - 
📈 PROGRESS UPDATE
2026-01-10 11:16:05,539 - INFO -    Countries processed: 10/186
2026-01-10 11:16:05,539 - INFO -    Successful extractions: 9
2026-01-10 11:16:05,540 - INFO -    Failed extractions: 0
2026-01-10 11:16:05,540 - INFO -    Successful inferences: 6
2026-01-10 11:16:05,540 - INFO -    Failed inferences: 3
2026-01-10 11:16:05,540 - INFO -    Skipped countries: 1
2026-01-10 11:16:05,540 - INFO -    Average processing time: 3.1s per country
2026-01-10 11:16:05,540 - INFO - 
🚀 Processing Austria
2026-01-10 11:16:05,540 - INFO -    ILI cases: 371,646
2026-01-10 11:16:05,540 - INFO -    ARI cases: 0
2026-01-10 11:16:05,540 - INFO -    Data types: ARI, ILI
2026-01-10 11:16:05,540 - INFO - Running extraction: /home/david/miniconda3/bin/python enhanced_extract_country_data.py --country Austria --input data/who_flu_data.csv --output_dir data/extracted_data
2026-01-10 11:16:06,791 - INFO - ✅ Extraction successful for Austria
2026-01-10 11:16:06,792 - INFO - Running chronos inference: /home/david/miniconda3/bin/python src/scripts/chronos_inference.py --data_file data/extracted_data/Austria_ili.csv --country_name Austria --prediction_length 54 --plot --use_weather --use_future_weather --test_split 0
2026-01-10 11:16:11,941 - INFO - ✅ Inference successful for Austria
2026-01-10 11:16:11,941 - INFO - 
🚀 Processing Azerbaijan
2026-01-10 11:16:11,941 - INFO -    ILI cases: 937,386
2026-01-10 11:16:11,941 - INFO -    ARI cases: 176,742
2026-01-10 11:16:11,941 - INFO -    Data types: ARI, ILI
2026-01-10 11:16:11,941 - INFO - Running extraction: /home/david/miniconda3/bin/python enhanced_extract_country_data.py --country Azerbaijan --input data/who_flu_data.csv --output_dir data/extracted_data
2026-01-10 11:16:13,245 - INFO - ✅ Extraction successful for Azerbaijan
2026-01-10 11:16:13,245 - INFO - Running chronos inference: /home/david/miniconda3/bin/python src/scripts/chronos_inference.py --data_file data/extracted_data/Azerbaijan_ili.csv --country_name Azerbaijan --prediction_length 54 --plot --use_weather --use_future_weather --test_split 0
2026-01-10 11:16:18,920 - INFO - ✅ Inference successful for Azerbaijan
2026-01-10 11:16:18,920 - INFO - 
🚀 Processing Bahamas
2026-01-10 11:16:18,920 - INFO -    ILI cases: 5,803
2026-01-10 11:16:18,920 - INFO -    ARI cases: 1,413
2026-01-10 11:16:18,920 - INFO -    Data types: ARI, ILI
2026-01-10 11:16:18,921 - INFO - Running extraction: /home/david/miniconda3/bin/python enhanced_extract_country_data.py --country Bahamas --input data/who_flu_data.csv --output_dir data/extracted_data
2026-01-10 11:16:20,214 - INFO - ✅ Extraction successful for Bahamas
2026-01-10 11:16:20,214 - INFO - Running chronos inference: /home/david/miniconda3/bin/python src/scripts/chronos_inference.py --data_file data/extracted_data/Bahamas_ili.csv --country_name Bahamas --prediction_length 54 --plot --use_weather --use_future_weather --test_split 0
2026-01-10 11:16:25,633 - INFO - ✅ Inference successful for Bahamas
2026-01-10 11:16:25,633 - INFO - 
🚀 Processing Bahrain
2026-01-10 11:16:25,633 - INFO -    ILI cases: 516,296
2026-01-10 11:16:25,633 - INFO -    ARI cases: 0
2026-01-10 11:16:25,633 - INFO -    Data types: ILI
2026-01-10 11:16:25,633 - INFO - Running extraction: /home/david/miniconda3/bin/python enhanced_extract_country_data.py --country Bahrain --input data/who_flu_data.csv --output_dir data/extracted_data
2026-01-10 11:16:26,902 - INFO - ✅ Extraction successful for Bahrain
2026-01-10 11:16:26,902 - INFO - Running chronos inference: /home/david/miniconda3/bin/python src/scripts/chronos_inference.py --data_file data/extracted_data/Bahrain_ili.csv --country_name Bahrain --prediction_length 54 --plot --use_weather --use_future_weather --test_split 0
2026-01-10 11:16:30,690 - ERROR - ❌ Inference failed for Bahrain: Traceback (most recent call last):
  File "/home/david/random_projects/mistral-vibe-test/tirex-test/src/scripts/data_loader.py", line 325, in load_time_series_with_weather
    weekly_weather, scaler = get_weather_for_country(
                             ^^^^^^^^^^^^^^^^^^^^^^^^
  File "/home/david/random_projects/mistral-vibe-test/tirex-test/src/scripts/weather_fetcher.py", line 687, in get_weather_for_country
    lat, lon = get_country_coordinates(country_name)
               ^^^^^^^^^^^^^^^^^^^^^^^^^^^^^^^^^^^^^
  File "/home/david/random_projects/mistral-vibe-test/tirex-test/src/scripts/weather_fetcher.py", line 119, in get_country_coordinates
    raise ValueError(f"Country code '{country_code}' not found in bounding boxes")
ValueError: Country code 'BH' not found in bounding boxes

During handling of the above exception, another exception occurred:

Traceback (most recent call last):
  File "/home/david/random_projects/mistral-vibe-test/tirex-test/src/scripts/chronos_inference.py", line 510, in <module>
    main()
  File "/home/david/random_projects/mistral-vibe-test/tirex-test/src/scripts/chronos_inference.py", line 149, in main
    data, dates, _, weather_covariates = load_time_series_with_weather(
                                         ^^^^^^^^^^^^^^^^^^^^^^^^^^^^^^
  File "/home/david/random_projects/mistral-vibe-test/tirex-test/src/scripts/data_loader.py", line 333, in load_time_series_with_weather
    raise ValueError(f"Failed to fetch weather data: {e}")
ValueError: Failed to fetch weather data: Country code 'BH' not found in bounding boxes

2026-01-10 11:16:30,691 - INFO - 
🚀 Processing Bangladesh
2026-01-10 11:16:30,691 - INFO -    ILI cases: 74,045
2026-01-10 11:16:30,691 - INFO -    ARI cases: 0
2026-01-10 11:16:30,691 - INFO -    Data types: ILI
2026-01-10 11:16:30,691 - INFO - Running extraction: /home/david/miniconda3/bin/python enhanced_extract_country_data.py --country Bangladesh --input data/who_flu_data.csv --output_dir data/extracted_data
2026-01-10 11:16:31,973 - INFO - ✅ Extraction successful for Bangladesh
2026-01-10 11:16:31,973 - INFO - Running chronos inference: /home/david/miniconda3/bin/python src/scripts/chronos_inference.py --data_file data/extracted_data/Bangladesh_ili.csv --country_name Bangladesh --prediction_length 54 --plot --use_weather --use_future_weather --test_split 0
2026-01-10 11:16:37,494 - INFO - ✅ Inference successful for Bangladesh
2026-01-10 11:16:37,494 - INFO - 
📈 PROGRESS UPDATE
2026-01-10 11:16:37,494 - INFO -    Countries processed: 15/186
2026-01-10 11:16:37,494 - INFO -    Successful extractions: 14
2026-01-10 11:16:37,494 - INFO -    Failed extractions: 0
2026-01-10 11:16:37,494 - INFO -    Successful inferences: 10
2026-01-10 11:16:37,494 - INFO -    Failed inferences: 4
2026-01-10 11:16:37,494 - INFO -    Skipped countries: 1
2026-01-10 11:16:37,494 - INFO -    Average processing time: 3.1s per country
2026-01-10 11:16:37,494 - INFO - 
🚀 Processing Barbados
2026-01-10 11:16:37,494 - INFO -    ILI cases: 8,328
2026-01-10 11:16:37,494 - INFO -    ARI cases: 9,207
2026-01-10 11:16:37,494 - INFO -    Data types: ARI, ILI
2026-01-10 11:16:37,494 - INFO - Running extraction: /home/david/miniconda3/bin/python enhanced_extract_country_data.py --country Barbados --input data/who_flu_data.csv --output_dir data/extracted_data
2026-01-10 11:16:38,770 - INFO - ✅ Extraction successful for Barbados
2026-01-10 11:16:38,770 - INFO - Running chronos inference: /home/david/miniconda3/bin/python src/scripts/chronos_inference.py --data_file data/extracted_data/Barbados_ili.csv --country_name Barbados --prediction_length 54 --plot --use_weather --use_future_weather --test_split 0
2026-01-10 11:16:42,570 - ERROR - ❌ Inference failed for Barbados: Traceback (most recent call last):
  File "/home/david/random_projects/mistral-vibe-test/tirex-test/src/scripts/data_loader.py", line 325, in load_time_series_with_weather
    weekly_weather, scaler = get_weather_for_country(
                             ^^^^^^^^^^^^^^^^^^^^^^^^
  File "/home/david/random_projects/mistral-vibe-test/tirex-test/src/scripts/weather_fetcher.py", line 687, in get_weather_for_country
    lat, lon = get_country_coordinates(country_name)
               ^^^^^^^^^^^^^^^^^^^^^^^^^^^^^^^^^^^^^
  File "/home/david/random_projects/mistral-vibe-test/tirex-test/src/scripts/weather_fetcher.py", line 119, in get_country_coordinates
    raise ValueError(f"Country code '{country_code}' not found in bounding boxes")
ValueError: Country code 'BB' not found in bounding boxes

During handling of the above exception, another exception occurred:

Traceback (most recent call last):
  File "/home/david/random_projects/mistral-vibe-test/tirex-test/src/scripts/chronos_inference.py", line 510, in <module>
    main()
  File "/home/david/random_projects/mistral-vibe-test/tirex-test/src/scripts/chronos_inference.py", line 149, in main
    data, dates, _, weather_covariates = load_time_series_with_weather(
                                         ^^^^^^^^^^^^^^^^^^^^^^^^^^^^^^
  File "/home/david/random_projects/mistral-vibe-test/tirex-test/src/scripts/data_loader.py", line 333, in load_time_series_with_weather
    raise ValueError(f"Failed to fetch weather data: {e}")
ValueError: Failed to fetch weather data: Country code 'BB' not found in bounding boxes

2026-01-10 11:16:42,570 - INFO - 
🚀 Processing Belarus
2026-01-10 11:16:42,570 - INFO -    ILI cases: 45,330
2026-01-10 11:16:42,570 - INFO -    ARI cases: 69,991,357
2026-01-10 11:16:42,570 - INFO -    Data types: ARI, ILI
2026-01-10 11:16:42,570 - INFO - Running extraction: /home/david/miniconda3/bin/python enhanced_extract_country_data.py --country Belarus --input data/who_flu_data.csv --output_dir data/extracted_data
2026-01-10 11:16:43,841 - INFO - ✅ Extraction successful for Belarus
2026-01-10 11:16:43,841 - INFO - Running chronos inference: /home/david/miniconda3/bin/python src/scripts/chronos_inference.py --data_file data/extracted_data/Belarus_ili.csv --country_name Belarus --prediction_length 54 --plot --use_weather --use_future_weather --test_split 0
2026-01-10 11:16:47,785 - ERROR - ❌ Inference failed for Belarus: Traceback (most recent call last):
  File "/home/david/random_projects/mistral-vibe-test/tirex-test/src/scripts/weather_fetcher.py", line 295, in fetch_weather_data
    response.raise_for_status()
  File "/home/david/miniconda3/lib/python3.12/site-packages/requests/models.py", line 1024, in raise_for_status
    raise HTTPError(http_error_msg, response=self)
requests.exceptions.HTTPError: 429 Client Error: Too Many Requests for url: https://archive-api.open-meteo.com/v1/archive?latitude=53.745000000000005&longitude=27.945&start_date=2009-07-12&end_date=2025-12-14&daily=temperature_2m_mean&daily=temperature_2m_max&daily=temperature_2m_min&daily=relative_humidity_2m_mean&daily=relative_humidity_2m_min&timezone=UTC

During handling of the above exception, another exception occurred:

Traceback (most recent call last):
  File "/home/david/random_projects/mistral-vibe-test/tirex-test/src/scripts/data_loader.py", line 325, in load_time_series_with_weather
    weekly_weather, scaler = get_weather_for_country(
                             ^^^^^^^^^^^^^^^^^^^^^^^^
  File "/home/david/random_projects/mistral-vibe-test/tirex-test/src/scripts/weather_fetcher.py", line 690, in get_weather_for_country
    daily_weather = fetch_weather_data(
                    ^^^^^^^^^^^^^^^^^^^
  File "/home/david/random_projects/mistral-vibe-test/tirex-test/src/scripts/weather_fetcher.py", line 50, in wrapper
    ret = func(*args, **kwargs)
          ^^^^^^^^^^^^^^^^^^^^^
  File "/home/david/random_projects/mistral-vibe-test/tirex-test/src/scripts/weather_fetcher.py", line 331, in fetch_weather_data
    raise RuntimeError(f"Failed to fetch weather data from API: {e}")
RuntimeError: Failed to fetch weather data from API: 429 Client Error: Too Many Requests for url: https://archive-api.open-meteo.com/v1/archive?latitude=53.745000000000005&longitude=27.945&start_date=2009-07-12&end_date=2025-12-14&daily=temperature_2m_mean&daily=temperature_2m_max&daily=temperature_2m_min&daily=relative_humidity_2m_mean&daily=relative_humidity_2m_min&timezone=UTC

During handling of the above exception, another exception occurred:

Traceback (most recent call last):
  File "/home/david/random_projects/mistral-vibe-test/tirex-test/src/scripts/chronos_inference.py", line 510, in <module>
    main()
  File "/home/david/random_projects/mistral-vibe-test/tirex-test/src/scripts/chronos_inference.py", line 149, in main
    data, dates, _, weather_covariates = load_time_series_with_weather(
                                         ^^^^^^^^^^^^^^^^^^^^^^^^^^^^^^
  File "/home/david/random_projects/mistral-vibe-test/tirex-test/src/scripts/data_loader.py", line 333, in load_time_series_with_weather
    raise ValueError(f"Failed to fetch weather data: {e}")
ValueError: Failed to fetch weather data: Failed to fetch weather data from API: 429 Client Error: Too Many Requests for url: https://archive-api.open-meteo.com/v1/archive?latitude=53.745000000000005&longitude=27.945&start_date=2009-07-12&end_date=2025-12-14&daily=temperature_2m_mean&daily=temperature_2m_max&daily=temperature_2m_min&daily=relative_humidity_2m_mean&daily=relative_humidity_2m_min&timezone=UTC

2026-01-10 11:16:47,786 - INFO - 
🚀 Processing Belgium
2026-01-10 11:16:47,786 - INFO -    ILI cases: 221,398
2026-01-10 11:16:47,786 - INFO -    ARI cases: 2,111,161
2026-01-10 11:16:47,786 - INFO -    Data types: ARI, ILI
2026-01-10 11:16:47,786 - INFO - Running extraction: /home/david/miniconda3/bin/python enhanced_extract_country_data.py --country Belgium --input data/who_flu_data.csv --output_dir data/extracted_data
2026-01-10 11:16:49,063 - INFO - ✅ Extraction successful for Belgium
2026-01-10 11:16:49,063 - INFO - Running chronos inference: /home/david/miniconda3/bin/python src/scripts/chronos_inference.py --data_file data/extracted_data/Belgium_ili.csv --country_name Belgium --prediction_length 54 --plot --use_weather --use_future_weather --test_split 0
2026-01-10 11:16:53,043 - ERROR - ❌ Inference failed for Belgium: Traceback (most recent call last):
  File "/home/david/random_projects/mistral-vibe-test/tirex-test/src/scripts/weather_fetcher.py", line 295, in fetch_weather_data
    response.raise_for_status()
  File "/home/david/miniconda3/lib/python3.12/site-packages/requests/models.py", line 1024, in raise_for_status
    raise HTTPError(http_error_msg, response=self)
requests.exceptions.HTTPError: 429 Client Error: Too Many Requests for url: https://archive-api.open-meteo.com/v1/archive?latitude=50.504999999999995&longitude=4.335&start_date=2008-10-05&end_date=2025-12-14&daily=temperature_2m_mean&daily=temperature_2m_max&daily=temperature_2m_min&daily=relative_humidity_2m_mean&daily=relative_humidity_2m_min&timezone=UTC

During handling of the above exception, another exception occurred:

Traceback (most recent call last):
  File "/home/david/random_projects/mistral-vibe-test/tirex-test/src/scripts/data_loader.py", line 325, in load_time_series_with_weather
    weekly_weather, scaler = get_weather_for_country(
                             ^^^^^^^^^^^^^^^^^^^^^^^^
  File "/home/david/random_projects/mistral-vibe-test/tirex-test/src/scripts/weather_fetcher.py", line 690, in get_weather_for_country
    daily_weather = fetch_weather_data(
                    ^^^^^^^^^^^^^^^^^^^
  File "/home/david/random_projects/mistral-vibe-test/tirex-test/src/scripts/weather_fetcher.py", line 50, in wrapper
    ret = func(*args, **kwargs)
          ^^^^^^^^^^^^^^^^^^^^^
  File "/home/david/random_projects/mistral-vibe-test/tirex-test/src/scripts/weather_fetcher.py", line 331, in fetch_weather_data
    raise RuntimeError(f"Failed to fetch weather data from API: {e}")
RuntimeError: Failed to fetch weather data from API: 429 Client Error: Too Many Requests for url: https://archive-api.open-meteo.com/v1/archive?latitude=50.504999999999995&longitude=4.335&start_date=2008-10-05&end_date=2025-12-14&daily=temperature_2m_mean&daily=temperature_2m_max&daily=temperature_2m_min&daily=relative_humidity_2m_mean&daily=relative_humidity_2m_min&timezone=UTC

During handling of the above exception, another exception occurred:

Traceback (most recent call last):
  File "/home/david/random_projects/mistral-vibe-test/tirex-test/src/scripts/chronos_inference.py", line 510, in <module>
    main()
  File "/home/david/random_projects/mistral-vibe-test/tirex-test/src/scripts/chronos_inference.py", line 149, in main
    data, dates, _, weather_covariates = load_time_series_with_weather(
                                         ^^^^^^^^^^^^^^^^^^^^^^^^^^^^^^
  File "/home/david/random_projects/mistral-vibe-test/tirex-test/src/scripts/data_loader.py", line 333, in load_time_series_with_weather
    raise ValueError(f"Failed to fetch weather data: {e}")
ValueError: Failed to fetch weather data: Failed to fetch weather data from API: 429 Client Error: Too Many Requests for url: https://archive-api.open-meteo.com/v1/archive?latitude=50.504999999999995&longitude=4.335&start_date=2008-10-05&end_date=2025-12-14&daily=temperature_2m_mean&daily=temperature_2m_max&daily=temperature_2m_min&daily=relative_humidity_2m_mean&daily=relative_humidity_2m_min&timezone=UTC

2026-01-10 11:16:53,043 - INFO - 
🚀 Processing Belize
2026-01-10 11:16:53,044 - INFO -    ILI cases: 61,475
2026-01-10 11:16:53,044 - INFO -    ARI cases: 0
2026-01-10 11:16:53,044 - INFO -    Data types: ILI
2026-01-10 11:16:53,044 - INFO - Running extraction: /home/david/miniconda3/bin/python enhanced_extract_country_data.py --country Belize --input data/who_flu_data.csv --output_dir data/extracted_data
2026-01-10 11:16:54,311 - INFO - ✅ Extraction successful for Belize
2026-01-10 11:16:54,311 - INFO - Running chronos inference: /home/david/miniconda3/bin/python src/scripts/chronos_inference.py --data_file data/extracted_data/Belize_ili.csv --country_name Belize --prediction_length 54 --plot --use_weather --use_future_weather --test_split 0
2026-01-10 11:16:58,265 - ERROR - ❌ Inference failed for Belize: Traceback (most recent call last):
  File "/home/david/random_projects/mistral-vibe-test/tirex-test/src/scripts/weather_fetcher.py", line 295, in fetch_weather_data
    response.raise_for_status()
  File "/home/david/miniconda3/lib/python3.12/site-packages/requests/models.py", line 1024, in raise_for_status
    raise HTTPError(http_error_msg, response=self)
requests.exceptions.HTTPError: 429 Client Error: Too Many Requests for url: https://archive-api.open-meteo.com/v1/archive?latitude=17.195&longitude=-88.67&start_date=2011-01-30&end_date=2012-09-30&daily=temperature_2m_mean&daily=temperature_2m_max&daily=temperature_2m_min&daily=relative_humidity_2m_mean&daily=relative_humidity_2m_min&timezone=UTC

During handling of the above exception, another exception occurred:

Traceback (most recent call last):
  File "/home/david/random_projects/mistral-vibe-test/tirex-test/src/scripts/data_loader.py", line 325, in load_time_series_with_weather
    weekly_weather, scaler = get_weather_for_country(
                             ^^^^^^^^^^^^^^^^^^^^^^^^
  File "/home/david/random_projects/mistral-vibe-test/tirex-test/src/scripts/weather_fetcher.py", line 690, in get_weather_for_country
    daily_weather = fetch_weather_data(
                    ^^^^^^^^^^^^^^^^^^^
  File "/home/david/random_projects/mistral-vibe-test/tirex-test/src/scripts/weather_fetcher.py", line 50, in wrapper
    ret = func(*args, **kwargs)
          ^^^^^^^^^^^^^^^^^^^^^
  File "/home/david/random_projects/mistral-vibe-test/tirex-test/src/scripts/weather_fetcher.py", line 331, in fetch_weather_data
    raise RuntimeError(f"Failed to fetch weather data from API: {e}")
RuntimeError: Failed to fetch weather data from API: 429 Client Error: Too Many Requests for url: https://archive-api.open-meteo.com/v1/archive?latitude=17.195&longitude=-88.67&start_date=2011-01-30&end_date=2012-09-30&daily=temperature_2m_mean&daily=temperature_2m_max&daily=temperature_2m_min&daily=relative_humidity_2m_mean&daily=relative_humidity_2m_min&timezone=UTC

During handling of the above exception, another exception occurred:

Traceback (most recent call last):
  File "/home/david/random_projects/mistral-vibe-test/tirex-test/src/scripts/chronos_inference.py", line 510, in <module>
    main()
  File "/home/david/random_projects/mistral-vibe-test/tirex-test/src/scripts/chronos_inference.py", line 149, in main
    data, dates, _, weather_covariates = load_time_series_with_weather(
                                         ^^^^^^^^^^^^^^^^^^^^^^^^^^^^^^
  File "/home/david/random_projects/mistral-vibe-test/tirex-test/src/scripts/data_loader.py", line 333, in load_time_series_with_weather
    raise ValueError(f"Failed to fetch weather data: {e}")
ValueError: Failed to fetch weather data: Failed to fetch weather data from API: 429 Client Error: Too Many Requests for url: https://archive-api.open-meteo.com/v1/archive?latitude=17.195&longitude=-88.67&start_date=2011-01-30&end_date=2012-09-30&daily=temperature_2m_mean&daily=temperature_2m_max&daily=temperature_2m_min&daily=relative_humidity_2m_mean&daily=relative_humidity_2m_min&timezone=UTC

2026-01-10 11:16:58,265 - INFO - 
🚀 Processing Bermuda
2026-01-10 11:16:58,265 - INFO -    ILI cases: 1,786
2026-01-10 11:16:58,265 - INFO -    ARI cases: 0
2026-01-10 11:16:58,265 - INFO -    Data types: ILI
2026-01-10 11:16:58,265 - INFO - Running extraction: /home/david/miniconda3/bin/python enhanced_extract_country_data.py --country Bermuda --input data/who_flu_data.csv --output_dir data/extracted_data
2026-01-10 11:16:59,546 - INFO - ✅ Extraction successful for Bermuda
2026-01-10 11:16:59,546 - INFO - Running chronos inference: /home/david/miniconda3/bin/python src/scripts/chronos_inference.py --data_file data/extracted_data/Bermuda_ili.csv --country_name Bermuda --prediction_length 54 --plot --use_weather --use_future_weather --test_split 0
2026-01-10 11:17:03,322 - ERROR - ❌ Inference failed for Bermuda: Traceback (most recent call last):
  File "/home/david/random_projects/mistral-vibe-test/tirex-test/src/scripts/data_loader.py", line 325, in load_time_series_with_weather
    weekly_weather, scaler = get_weather_for_country(
                             ^^^^^^^^^^^^^^^^^^^^^^^^
  File "/home/david/random_projects/mistral-vibe-test/tirex-test/src/scripts/weather_fetcher.py", line 687, in get_weather_for_country
    lat, lon = get_country_coordinates(country_name)
               ^^^^^^^^^^^^^^^^^^^^^^^^^^^^^^^^^^^^^
  File "/home/david/random_projects/mistral-vibe-test/tirex-test/src/scripts/weather_fetcher.py", line 119, in get_country_coordinates
    raise ValueError(f"Country code '{country_code}' not found in bounding boxes")
ValueError: Country code 'BM' not found in bounding boxes

During handling of the above exception, another exception occurred:

Traceback (most recent call last):
  File "/home/david/random_projects/mistral-vibe-test/tirex-test/src/scripts/chronos_inference.py", line 510, in <module>
    main()
  File "/home/david/random_projects/mistral-vibe-test/tirex-test/src/scripts/chronos_inference.py", line 149, in main
    data, dates, _, weather_covariates = load_time_series_with_weather(
                                         ^^^^^^^^^^^^^^^^^^^^^^^^^^^^^^
  File "/home/david/random_projects/mistral-vibe-test/tirex-test/src/scripts/data_loader.py", line 333, in load_time_series_with_weather
    raise ValueError(f"Failed to fetch weather data: {e}")
ValueError: Failed to fetch weather data: Country code 'BM' not found in bounding boxes

2026-01-10 11:17:03,322 - INFO - 
📈 PROGRESS UPDATE
2026-01-10 11:17:03,322 - INFO -    Countries processed: 20/186
2026-01-10 11:17:03,322 - INFO -    Successful extractions: 19
2026-01-10 11:17:03,322 - INFO -    Failed extractions: 0
2026-01-10 11:17:03,322 - INFO -    Successful inferences: 10
2026-01-10 11:17:03,322 - INFO -    Failed inferences: 9
2026-01-10 11:17:03,322 - INFO -    Skipped countries: 1
2026-01-10 11:17:03,322 - INFO -    Average processing time: 3.0s per country
2026-01-10 11:17:03,322 - INFO - 
🚀 Processing Bhutan
2026-01-10 11:17:03,322 - INFO -    ILI cases: 244,930
2026-01-10 11:17:03,322 - INFO -    ARI cases: 0
2026-01-10 11:17:03,323 - INFO -    Data types: ILI
2026-01-10 11:17:03,323 - INFO - Running extraction: /home/david/miniconda3/bin/python enhanced_extract_country_data.py --country Bhutan --input data/who_flu_data.csv --output_dir data/extracted_data
2026-01-10 11:17:04,590 - INFO - ✅ Extraction successful for Bhutan
2026-01-10 11:17:04,590 - INFO - Running chronos inference: /home/david/miniconda3/bin/python src/scripts/chronos_inference.py --data_file data/extracted_data/Bhutan_ili.csv --country_name Bhutan --prediction_length 54 --plot --use_weather --use_future_weather --test_split 0
2026-01-10 11:17:10,227 - INFO - ✅ Inference successful for Bhutan
2026-01-10 11:17:10,227 - INFO - 
🚀 Processing Bolivia (Plurinational State of)
2026-01-10 11:17:10,227 - INFO -    ILI cases: 7,358
2026-01-10 11:17:10,227 - INFO -    ARI cases: 5,811,234
2026-01-10 11:17:10,227 - INFO -    Data types: ARI, ILI
2026-01-10 11:17:10,227 - INFO - Running extraction: /home/david/miniconda3/bin/python enhanced_extract_country_data.py --country Bolivia (Plurinational State of) --input data/who_flu_data.csv --output_dir data/extracted_data
2026-01-10 11:17:11,495 - INFO - ✅ Extraction successful for Bolivia (Plurinational State of)
2026-01-10 11:17:11,496 - INFO - Running chronos inference: /home/david/miniconda3/bin/python src/scripts/chronos_inference.py --data_file data/extracted_data/Bolivia_(Plurinational_State_of)_ili.csv --country_name Bolivia (Plurinational State of) --prediction_length 54 --plot --use_weather --use_future_weather --test_split 0
2026-01-10 11:17:15,344 - ERROR - ❌ Inference failed for Bolivia (Plurinational State of): Traceback (most recent call last):
  File "/home/david/random_projects/mistral-vibe-test/tirex-test/src/scripts/data_loader.py", line 325, in load_time_series_with_weather
    weekly_weather, scaler = get_weather_for_country(
                             ^^^^^^^^^^^^^^^^^^^^^^^^
  File "/home/david/random_projects/mistral-vibe-test/tirex-test/src/scripts/weather_fetcher.py", line 687, in get_weather_for_country
    lat, lon = get_country_coordinates(country_name)
               ^^^^^^^^^^^^^^^^^^^^^^^^^^^^^^^^^^^^^
  File "/home/david/random_projects/mistral-vibe-test/tirex-test/src/scripts/weather_fetcher.py", line 115, in get_country_coordinates
    country_code = _normalize_country_name(country_name)
                   ^^^^^^^^^^^^^^^^^^^^^^^^^^^^^^^^^^^^^
  File "/home/david/random_projects/mistral-vibe-test/tirex-test/src/scripts/weather_fetcher.py", line 204, in _normalize_country_name
    raise ValueError(
ValueError: Could not match country name 'Bolivia (Plurinational State of)' to ISO code. Please use a standard country name or add to manual mapping.

During handling of the above exception, another exception occurred:

Traceback (most recent call last):
  File "/home/david/random_projects/mistral-vibe-test/tirex-test/src/scripts/chronos_inference.py", line 510, in <module>
    main()
  File "/home/david/random_projects/mistral-vibe-test/tirex-test/src/scripts/chronos_inference.py", line 149, in main
    data, dates, _, weather_covariates = load_time_series_with_weather(
                                         ^^^^^^^^^^^^^^^^^^^^^^^^^^^^^^
  File "/home/david/random_projects/mistral-vibe-test/tirex-test/src/scripts/data_loader.py", line 333, in load_time_series_with_weather
    raise ValueError(f"Failed to fetch weather data: {e}")
ValueError: Failed to fetch weather data: Could not match country name 'Bolivia (Plurinational State of)' to ISO code. Please use a standard country name or add to manual mapping.

2026-01-10 11:17:15,344 - INFO - 
🚀 Processing Bonaire, Sint Eustatius and Saba
2026-01-10 11:17:15,344 - INFO -    ILI cases: 2,096
2026-01-10 11:17:15,345 - INFO -    ARI cases: 0
2026-01-10 11:17:15,345 - INFO -    Data types: ILI
2026-01-10 11:17:15,345 - INFO - Running extraction: /home/david/miniconda3/bin/python enhanced_extract_country_data.py --country Bonaire, Sint Eustatius and Saba --input data/who_flu_data.csv --output_dir data/extracted_data
2026-01-10 11:17:16,618 - INFO - ✅ Extraction successful for Bonaire, Sint Eustatius and Saba
2026-01-10 11:17:16,619 - INFO - Running chronos inference: /home/david/miniconda3/bin/python src/scripts/chronos_inference.py --data_file data/extracted_data/Bonaire,_Sint_Eustatius_and_Saba_ili.csv --country_name Bonaire, Sint Eustatius and Saba --prediction_length 54 --plot --use_weather --use_future_weather --test_split 0
2026-01-10 11:17:20,421 - ERROR - ❌ Inference failed for Bonaire, Sint Eustatius and Saba: Traceback (most recent call last):
  File "/home/david/random_projects/mistral-vibe-test/tirex-test/src/scripts/data_loader.py", line 325, in load_time_series_with_weather
    weekly_weather, scaler = get_weather_for_country(
                             ^^^^^^^^^^^^^^^^^^^^^^^^
  File "/home/david/random_projects/mistral-vibe-test/tirex-test/src/scripts/weather_fetcher.py", line 687, in get_weather_for_country
    lat, lon = get_country_coordinates(country_name)
               ^^^^^^^^^^^^^^^^^^^^^^^^^^^^^^^^^^^^^
  File "/home/david/random_projects/mistral-vibe-test/tirex-test/src/scripts/weather_fetcher.py", line 119, in get_country_coordinates
    raise ValueError(f"Country code '{country_code}' not found in bounding boxes")
ValueError: Country code 'BQ' not found in bounding boxes

During handling of the above exception, another exception occurred:

Traceback (most recent call last):
  File "/home/david/random_projects/mistral-vibe-test/tirex-test/src/scripts/chronos_inference.py", line 510, in <module>
    main()
  File "/home/david/random_projects/mistral-vibe-test/tirex-test/src/scripts/chronos_inference.py", line 149, in main
    data, dates, _, weather_covariates = load_time_series_with_weather(
                                         ^^^^^^^^^^^^^^^^^^^^^^^^^^^^^^
  File "/home/david/random_projects/mistral-vibe-test/tirex-test/src/scripts/data_loader.py", line 333, in load_time_series_with_weather
    raise ValueError(f"Failed to fetch weather data: {e}")
ValueError: Failed to fetch weather data: Country code 'BQ' not found in bounding boxes

2026-01-10 11:17:20,422 - INFO - 
🚀 Processing Bosnia and Herzegovina
2026-01-10 11:17:20,422 - INFO -    ILI cases: 44,138
2026-01-10 11:17:20,422 - INFO -    ARI cases: 119,458
2026-01-10 11:17:20,422 - INFO -    Data types: ARI, ILI
2026-01-10 11:17:20,422 - INFO - Running extraction: /home/david/miniconda3/bin/python enhanced_extract_country_data.py --country Bosnia and Herzegovina --input data/who_flu_data.csv --output_dir data/extracted_data
2026-01-10 11:17:21,699 - INFO - ✅ Extraction successful for Bosnia and Herzegovina
2026-01-10 11:17:21,700 - INFO - Running chronos inference: /home/david/miniconda3/bin/python src/scripts/chronos_inference.py --data_file data/extracted_data/Bosnia_and_Herzegovina_ili.csv --country_name Bosnia and Herzegovina --prediction_length 54 --plot --use_weather --use_future_weather --test_split 0
2026-01-10 11:17:27,512 - INFO - ✅ Inference successful for Bosnia and Herzegovina
2026-01-10 11:17:27,512 - INFO - 
🚀 Processing Brazil
2026-01-10 11:17:27,512 - INFO -    ILI cases: 20,828,951
2026-01-10 11:17:27,512 - INFO -    ARI cases: 0
2026-01-10 11:17:27,512 - INFO -    Data types: ILI
2026-01-10 11:17:27,512 - INFO - Running extraction: /home/david/miniconda3/bin/python enhanced_extract_country_data.py --country Brazil --input data/who_flu_data.csv --output_dir data/extracted_data
2026-01-10 11:17:28,782 - INFO - ✅ Extraction successful for Brazil
2026-01-10 11:17:28,782 - INFO - Running chronos inference: /home/david/miniconda3/bin/python src/scripts/chronos_inference.py --data_file data/extracted_data/Brazil_ili.csv --country_name Brazil --prediction_length 54 --plot --use_weather --use_future_weather --test_split 0
2026-01-10 11:17:34,675 - INFO - ✅ Inference successful for Brazil
2026-01-10 11:17:34,676 - INFO - 
📈 PROGRESS UPDATE
2026-01-10 11:17:34,676 - INFO -    Countries processed: 25/186
2026-01-10 11:17:34,676 - INFO -    Successful extractions: 24
2026-01-10 11:17:34,676 - INFO -    Failed extractions: 0
2026-01-10 11:17:34,676 - INFO -    Successful inferences: 13
2026-01-10 11:17:34,676 - INFO -    Failed inferences: 11
2026-01-10 11:17:34,676 - INFO -    Skipped countries: 1
2026-01-10 11:17:34,676 - INFO -    Average processing time: 3.0s per country
2026-01-10 11:17:34,676 - INFO - 
🚀 Processing British Virgin Islands
2026-01-10 11:17:34,676 - INFO -    ILI cases: 1,582
2026-01-10 11:17:34,676 - INFO -    ARI cases: 0
2026-01-10 11:17:34,676 - INFO -    Data types: ILI
2026-01-10 11:17:34,676 - INFO - Running extraction: /home/david/miniconda3/bin/python enhanced_extract_country_data.py --country British Virgin Islands --input data/who_flu_data.csv --output_dir data/extracted_data
2026-01-10 11:17:35,956 - INFO - ✅ Extraction successful for British Virgin Islands
2026-01-10 11:17:35,957 - INFO - Running chronos inference: /home/david/miniconda3/bin/python src/scripts/chronos_inference.py --data_file data/extracted_data/British_Virgin_Islands_ili.csv --country_name British Virgin Islands --prediction_length 54 --plot --use_weather --use_future_weather --test_split 0
2026-01-10 11:17:39,784 - ERROR - ❌ Inference failed for British Virgin Islands: Traceback (most recent call last):
  File "/home/david/random_projects/mistral-vibe-test/tirex-test/src/scripts/data_loader.py", line 325, in load_time_series_with_weather
    weekly_weather, scaler = get_weather_for_country(
                             ^^^^^^^^^^^^^^^^^^^^^^^^
  File "/home/david/random_projects/mistral-vibe-test/tirex-test/src/scripts/weather_fetcher.py", line 687, in get_weather_for_country
    lat, lon = get_country_coordinates(country_name)
               ^^^^^^^^^^^^^^^^^^^^^^^^^^^^^^^^^^^^^
  File "/home/david/random_projects/mistral-vibe-test/tirex-test/src/scripts/weather_fetcher.py", line 119, in get_country_coordinates
    raise ValueError(f"Country code '{country_code}' not found in bounding boxes")
ValueError: Country code 'VG' not found in bounding boxes

During handling of the above exception, another exception occurred:

Traceback (most recent call last):
  File "/home/david/random_projects/mistral-vibe-test/tirex-test/src/scripts/chronos_inference.py", line 510, in <module>
    main()
  File "/home/david/random_projects/mistral-vibe-test/tirex-test/src/scripts/chronos_inference.py", line 149, in main
    data, dates, _, weather_covariates = load_time_series_with_weather(
                                         ^^^^^^^^^^^^^^^^^^^^^^^^^^^^^^
  File "/home/david/random_projects/mistral-vibe-test/tirex-test/src/scripts/data_loader.py", line 333, in load_time_series_with_weather
    raise ValueError(f"Failed to fetch weather data: {e}")
ValueError: Failed to fetch weather data: Country code 'VG' not found in bounding boxes

2026-01-10 11:17:39,784 - INFO - 
🚀 Processing Brunei Darussalam
2026-01-10 11:17:39,784 - INFO -    ILI cases: 1,451,170
2026-01-10 11:17:39,784 - INFO -    ARI cases: 0
2026-01-10 11:17:39,784 - INFO -    Data types: ILI
2026-01-10 11:17:39,784 - INFO - Running extraction: /home/david/miniconda3/bin/python enhanced_extract_country_data.py --country Brunei Darussalam --input data/who_flu_data.csv --output_dir data/extracted_data
2026-01-10 11:17:41,055 - INFO - ✅ Extraction successful for Brunei Darussalam
2026-01-10 11:17:41,055 - INFO - Running chronos inference: /home/david/miniconda3/bin/python src/scripts/chronos_inference.py --data_file data/extracted_data/Brunei_Darussalam_ili.csv --country_name Brunei Darussalam --prediction_length 54 --plot --use_weather --use_future_weather --test_split 0
2026-01-10 11:17:46,236 - INFO - ✅ Inference successful for Brunei Darussalam
2026-01-10 11:17:46,237 - INFO - 
🚀 Processing Bulgaria
2026-01-10 11:17:46,237 - INFO -    ILI cases: 0
2026-01-10 11:17:46,237 - INFO -    ARI cases: 4,166,871
2026-01-10 11:17:46,237 - INFO -    Data types: ARI, ILI
2026-01-10 11:17:46,237 - INFO - Running extraction: /home/david/miniconda3/bin/python enhanced_extract_country_data.py --country Bulgaria --input data/who_flu_data.csv --output_dir data/extracted_data
2026-01-10 11:17:47,540 - INFO - ✅ Extraction successful for Bulgaria
2026-01-10 11:17:47,540 - INFO - Running chronos inference: /home/david/miniconda3/bin/python src/scripts/chronos_inference.py --data_file data/extracted_data/Bulgaria_ari.csv --country_name Bulgaria --prediction_length 54 --plot --use_weather --use_future_weather --test_split 0
2026-01-10 11:17:53,384 - INFO - ✅ Inference successful for Bulgaria
2026-01-10 11:17:53,385 - INFO - 
🚀 Processing Burkina Faso
2026-01-10 11:17:53,385 - INFO -    ILI cases: 0
2026-01-10 11:17:53,385 - INFO -    ARI cases: 3,464
2026-01-10 11:17:53,385 - INFO -    Data types: ARI
2026-01-10 11:17:53,385 - INFO - Running extraction: /home/david/miniconda3/bin/python enhanced_extract_country_data.py --country Burkina Faso --input data/who_flu_data.csv --output_dir data/extracted_data
2026-01-10 11:17:54,679 - INFO - ✅ Extraction successful for Burkina Faso
2026-01-10 11:17:54,679 - INFO - Running chronos inference: /home/david/miniconda3/bin/python src/scripts/chronos_inference.py --data_file data/extracted_data/Burkina_Faso_ari.csv --country_name Burkina Faso --prediction_length 54 --plot --use_weather --use_future_weather --test_split 0
2026-01-10 11:17:58,716 - ERROR - ❌ Inference failed for Burkina Faso: Traceback (most recent call last):
  File "/home/david/random_projects/mistral-vibe-test/tirex-test/src/scripts/weather_fetcher.py", line 295, in fetch_weather_data
    response.raise_for_status()
  File "/home/david/miniconda3/lib/python3.12/site-packages/requests/models.py", line 1024, in raise_for_status
    raise HTTPError(http_error_msg, response=self)
requests.exceptions.HTTPError: 429 Client Error: Too Many Requests for url: https://archive-api.open-meteo.com/v1/archive?latitude=12.364999999999998&longitude=-1.6449999999999998&start_date=2019-01-06&end_date=2019-11-03&daily=temperature_2m_mean&daily=temperature_2m_max&daily=temperature_2m_min&daily=relative_humidity_2m_mean&daily=relative_humidity_2m_min&timezone=UTC

During handling of the above exception, another exception occurred:

Traceback (most recent call last):
  File "/home/david/random_projects/mistral-vibe-test/tirex-test/src/scripts/data_loader.py", line 325, in load_time_series_with_weather
    weekly_weather, scaler = get_weather_for_country(
                             ^^^^^^^^^^^^^^^^^^^^^^^^
  File "/home/david/random_projects/mistral-vibe-test/tirex-test/src/scripts/weather_fetcher.py", line 690, in get_weather_for_country
    daily_weather = fetch_weather_data(
                    ^^^^^^^^^^^^^^^^^^^
  File "/home/david/random_projects/mistral-vibe-test/tirex-test/src/scripts/weather_fetcher.py", line 50, in wrapper
    ret = func(*args, **kwargs)
          ^^^^^^^^^^^^^^^^^^^^^
  File "/home/david/random_projects/mistral-vibe-test/tirex-test/src/scripts/weather_fetcher.py", line 331, in fetch_weather_data
    raise RuntimeError(f"Failed to fetch weather data from API: {e}")
RuntimeError: Failed to fetch weather data from API: 429 Client Error: Too Many Requests for url: https://archive-api.open-meteo.com/v1/archive?latitude=12.364999999999998&longitude=-1.6449999999999998&start_date=2019-01-06&end_date=2019-11-03&daily=temperature_2m_mean&daily=temperature_2m_max&daily=temperature_2m_min&daily=relative_humidity_2m_mean&daily=relative_humidity_2m_min&timezone=UTC

During handling of the above exception, another exception occurred:

Traceback (most recent call last):
  File "/home/david/random_projects/mistral-vibe-test/tirex-test/src/scripts/chronos_inference.py", line 510, in <module>
    main()
  File "/home/david/random_projects/mistral-vibe-test/tirex-test/src/scripts/chronos_inference.py", line 149, in main
    data, dates, _, weather_covariates = load_time_series_with_weather(
                                         ^^^^^^^^^^^^^^^^^^^^^^^^^^^^^^
  File "/home/david/random_projects/mistral-vibe-test/tirex-test/src/scripts/data_loader.py", line 333, in load_time_series_with_weather
    raise ValueError(f"Failed to fetch weather data: {e}")
ValueError: Failed to fetch weather data: Failed to fetch weather data from API: 429 Client Error: Too Many Requests for url: https://archive-api.open-meteo.com/v1/archive?latitude=12.364999999999998&longitude=-1.6449999999999998&start_date=2019-01-06&end_date=2019-11-03&daily=temperature_2m_mean&daily=temperature_2m_max&daily=temperature_2m_min&daily=relative_humidity_2m_mean&daily=relative_humidity_2m_min&timezone=UTC

2026-01-10 11:17:58,716 - INFO - 
🚀 Processing Cambodia
2026-01-10 11:17:58,716 - INFO -    ILI cases: 171,958
2026-01-10 11:17:58,716 - INFO -    ARI cases: 0
2026-01-10 11:17:58,716 - INFO -    Data types: ILI
2026-01-10 11:17:58,716 - INFO - Running extraction: /home/david/miniconda3/bin/python enhanced_extract_country_data.py --country Cambodia --input data/who_flu_data.csv --output_dir data/extracted_data
2026-01-10 11:18:00,019 - INFO - ✅ Extraction successful for Cambodia
2026-01-10 11:18:00,019 - INFO - Running chronos inference: /home/david/miniconda3/bin/python src/scripts/chronos_inference.py --data_file data/extracted_data/Cambodia_ili.csv --country_name Cambodia --prediction_length 54 --plot --use_weather --use_future_weather --test_split 0
2026-01-10 11:18:06,280 - INFO - ✅ Inference successful for Cambodia
2026-01-10 11:18:06,280 - INFO - 
📈 PROGRESS UPDATE
2026-01-10 11:18:06,280 - INFO -    Countries processed: 30/186
2026-01-10 11:18:06,280 - INFO -    Successful extractions: 29
2026-01-10 11:18:06,280 - INFO -    Failed extractions: 0
2026-01-10 11:18:06,280 - INFO -    Successful inferences: 16
2026-01-10 11:18:06,280 - INFO -    Failed inferences: 13
2026-01-10 11:18:06,280 - INFO -    Skipped countries: 1
2026-01-10 11:18:06,280 - INFO -    Average processing time: 3.0s per country
2026-01-10 11:18:06,281 - INFO - 
🚀 Processing Cameroon
2026-01-10 11:18:06,281 - INFO -    ILI cases: 36,779
2026-01-10 11:18:06,281 - INFO -    ARI cases: 36,188
2026-01-10 11:18:06,281 - INFO -    Data types: ARI, ILI
2026-01-10 11:18:06,281 - INFO - Running extraction: /home/david/miniconda3/bin/python enhanced_extract_country_data.py --country Cameroon --input data/who_flu_data.csv --output_dir data/extracted_data
2026-01-10 11:18:07,544 - INFO - ✅ Extraction successful for Cameroon
2026-01-10 11:18:07,545 - INFO - Running chronos inference: /home/david/miniconda3/bin/python src/scripts/chronos_inference.py --data_file data/extracted_data/Cameroon_ili.csv --country_name Cameroon --prediction_length 54 --plot --use_weather --use_future_weather --test_split 0
2026-01-10 11:18:13,410 - INFO - ✅ Inference successful for Cameroon
2026-01-10 11:18:13,411 - INFO - 
🚀 Processing Canada
2026-01-10 11:18:13,411 - INFO -    ILI cases: 17,317
2026-01-10 11:18:13,411 - INFO -    ARI cases: 0
2026-01-10 11:18:13,411 - INFO -    Data types: ILI
2026-01-10 11:18:13,411 - INFO - Running extraction: /home/david/miniconda3/bin/python enhanced_extract_country_data.py --country Canada --input data/who_flu_data.csv --output_dir data/extracted_data
2026-01-10 11:18:14,695 - INFO - ✅ Extraction successful for Canada
2026-01-10 11:18:14,696 - INFO - Running chronos inference: /home/david/miniconda3/bin/python src/scripts/chronos_inference.py --data_file data/extracted_data/Canada_ili.csv --country_name Canada --prediction_length 54 --plot --use_weather --use_future_weather --test_split 0
2026-01-10 11:18:20,084 - INFO - ✅ Inference successful for Canada
2026-01-10 11:18:20,085 - INFO - 
🚀 Processing Cayman Islands
2026-01-10 11:18:20,085 - INFO -    ILI cases: 4,742
2026-01-10 11:18:20,085 - INFO -    ARI cases: 6,364
2026-01-10 11:18:20,085 - INFO -    Data types: ARI, ILI
2026-01-10 11:18:20,085 - INFO - Running extraction: /home/david/miniconda3/bin/python enhanced_extract_country_data.py --country Cayman Islands --input data/who_flu_data.csv --output_dir data/extracted_data
2026-01-10 11:18:21,382 - INFO - ✅ Extraction successful for Cayman Islands
2026-01-10 11:18:21,382 - INFO - Running chronos inference: /home/david/miniconda3/bin/python src/scripts/chronos_inference.py --data_file data/extracted_data/Cayman_Islands_ili.csv --country_name Cayman Islands --prediction_length 54 --plot --use_weather --use_future_weather --test_split 0
2026-01-10 11:18:25,206 - ERROR - ❌ Inference failed for Cayman Islands: Traceback (most recent call last):
  File "/home/david/random_projects/mistral-vibe-test/tirex-test/src/scripts/data_loader.py", line 325, in load_time_series_with_weather
    weekly_weather, scaler = get_weather_for_country(
                             ^^^^^^^^^^^^^^^^^^^^^^^^
  File "/home/david/random_projects/mistral-vibe-test/tirex-test/src/scripts/weather_fetcher.py", line 687, in get_weather_for_country
    lat, lon = get_country_coordinates(country_name)
               ^^^^^^^^^^^^^^^^^^^^^^^^^^^^^^^^^^^^^
  File "/home/david/random_projects/mistral-vibe-test/tirex-test/src/scripts/weather_fetcher.py", line 119, in get_country_coordinates
    raise ValueError(f"Country code '{country_code}' not found in bounding boxes")
ValueError: Country code 'KY' not found in bounding boxes

During handling of the above exception, another exception occurred:

Traceback (most recent call last):
  File "/home/david/random_projects/mistral-vibe-test/tirex-test/src/scripts/chronos_inference.py", line 510, in <module>
    main()
  File "/home/david/random_projects/mistral-vibe-test/tirex-test/src/scripts/chronos_inference.py", line 149, in main
    data, dates, _, weather_covariates = load_time_series_with_weather(
                                         ^^^^^^^^^^^^^^^^^^^^^^^^^^^^^^
  File "/home/david/random_projects/mistral-vibe-test/tirex-test/src/scripts/data_loader.py", line 333, in load_time_series_with_weather
    raise ValueError(f"Failed to fetch weather data: {e}")
ValueError: Failed to fetch weather data: Country code 'KY' not found in bounding boxes

2026-01-10 11:18:25,206 - INFO - 
🚀 Processing Central African Republic
2026-01-10 11:18:25,207 - INFO -    ILI cases: 14,099
2026-01-10 11:18:25,207 - INFO -    ARI cases: 1,512
2026-01-10 11:18:25,207 - INFO -    Data types: ARI, ILI
2026-01-10 11:18:25,207 - INFO - Running extraction: /home/david/miniconda3/bin/python enhanced_extract_country_data.py --country Central African Republic --input data/who_flu_data.csv --output_dir data/extracted_data
2026-01-10 11:18:26,482 - INFO - ✅ Extraction successful for Central African Republic
2026-01-10 11:18:26,482 - INFO - Running chronos inference: /home/david/miniconda3/bin/python src/scripts/chronos_inference.py --data_file data/extracted_data/Central_African_Republic_ili.csv --country_name Central African Republic --prediction_length 54 --plot --use_weather --use_future_weather --test_split 0
2026-01-10 11:18:31,741 - INFO - ✅ Inference successful for Central African Republic
2026-01-10 11:18:31,742 - INFO - 
🚀 Processing Chile
2026-01-10 11:18:31,742 - INFO -    ILI cases: 159,225
2026-01-10 11:18:31,742 - INFO -    ARI cases: 0
2026-01-10 11:18:31,742 - INFO -    Data types: ILI
2026-01-10 11:18:31,742 - INFO - Running extraction: /home/david/miniconda3/bin/python enhanced_extract_country_data.py --country Chile --input data/who_flu_data.csv --output_dir data/extracted_data
2026-01-10 11:18:33,018 - INFO - ✅ Extraction successful for Chile
2026-01-10 11:18:33,018 - INFO - Running chronos inference: /home/david/miniconda3/bin/python src/scripts/chronos_inference.py --data_file data/extracted_data/Chile_ili.csv --country_name Chile --prediction_length 54 --plot --use_weather --use_future_weather --test_split 0
2026-01-10 11:18:38,051 - INFO - ✅ Inference successful for Chile
2026-01-10 11:18:38,051 - INFO - 
📈 PROGRESS UPDATE
2026-01-10 11:18:38,051 - INFO -    Countries processed: 35/186
2026-01-10 11:18:38,051 - INFO -    Successful extractions: 34
2026-01-10 11:18:38,051 - INFO -    Failed extractions: 0
2026-01-10 11:18:38,051 - INFO -    Successful inferences: 20
2026-01-10 11:18:38,051 - INFO -    Failed inferences: 14
2026-01-10 11:18:38,051 - INFO -    Skipped countries: 1
2026-01-10 11:18:38,051 - INFO -    Average processing time: 3.1s per country
2026-01-10 11:18:38,052 - INFO - 
🚀 Processing China, Hong Kong SAR
2026-01-10 11:18:38,052 - INFO -    ILI cases: 18,177
2026-01-10 11:18:38,052 - INFO -    ARI cases: 0
2026-01-10 11:18:38,052 - INFO -    Data types: ILI
2026-01-10 11:18:38,052 - INFO - Running extraction: /home/david/miniconda3/bin/python enhanced_extract_country_data.py --country China, Hong Kong SAR --input data/who_flu_data.csv --output_dir data/extracted_data
2026-01-10 11:18:39,335 - INFO - ✅ Extraction successful for China, Hong Kong SAR
2026-01-10 11:18:39,336 - INFO - Running chronos inference: /home/david/miniconda3/bin/python src/scripts/chronos_inference.py --data_file data/extracted_data/China,_Hong_Kong_SAR_ili.csv --country_name China, Hong Kong SAR --prediction_length 54 --plot --use_weather --use_future_weather --test_split 0
2026-01-10 11:18:43,149 - ERROR - ❌ Inference failed for China, Hong Kong SAR: Traceback (most recent call last):
  File "/home/david/random_projects/mistral-vibe-test/tirex-test/src/scripts/data_loader.py", line 325, in load_time_series_with_weather
    weekly_weather, scaler = get_weather_for_country(
                             ^^^^^^^^^^^^^^^^^^^^^^^^
  File "/home/david/random_projects/mistral-vibe-test/tirex-test/src/scripts/weather_fetcher.py", line 687, in get_weather_for_country
    lat, lon = get_country_coordinates(country_name)
               ^^^^^^^^^^^^^^^^^^^^^^^^^^^^^^^^^^^^^
  File "/home/david/random_projects/mistral-vibe-test/tirex-test/src/scripts/weather_fetcher.py", line 115, in get_country_coordinates
    country_code = _normalize_country_name(country_name)
                   ^^^^^^^^^^^^^^^^^^^^^^^^^^^^^^^^^^^^^
  File "/home/david/random_projects/mistral-vibe-test/tirex-test/src/scripts/weather_fetcher.py", line 204, in _normalize_country_name
    raise ValueError(
ValueError: Could not match country name 'China, Hong Kong SAR' to ISO code. Please use a standard country name or add to manual mapping.

During handling of the above exception, another exception occurred:

Traceback (most recent call last):
  File "/home/david/random_projects/mistral-vibe-test/tirex-test/src/scripts/chronos_inference.py", line 510, in <module>
    main()
  File "/home/david/random_projects/mistral-vibe-test/tirex-test/src/scripts/chronos_inference.py", line 149, in main
    data, dates, _, weather_covariates = load_time_series_with_weather(
                                         ^^^^^^^^^^^^^^^^^^^^^^^^^^^^^^
  File "/home/david/random_projects/mistral-vibe-test/tirex-test/src/scripts/data_loader.py", line 333, in load_time_series_with_weather
    raise ValueError(f"Failed to fetch weather data: {e}")
ValueError: Failed to fetch weather data: Could not match country name 'China, Hong Kong SAR' to ISO code. Please use a standard country name or add to manual mapping.

2026-01-10 11:18:43,150 - INFO - 
🚀 Processing Colombia
2026-01-10 11:18:43,150 - INFO -    ILI cases: 194,969
2026-01-10 11:18:43,150 - INFO -    ARI cases: 177,611,322
2026-01-10 11:18:43,150 - INFO -    Data types: ARI, ILI
2026-01-10 11:18:43,150 - INFO - Running extraction: /home/david/miniconda3/bin/python enhanced_extract_country_data.py --country Colombia --input data/who_flu_data.csv --output_dir data/extracted_data
2026-01-10 11:18:44,456 - INFO - ✅ Extraction successful for Colombia
2026-01-10 11:18:44,456 - INFO - Running chronos inference: /home/david/miniconda3/bin/python src/scripts/chronos_inference.py --data_file data/extracted_data/Colombia_ili.csv --country_name Colombia --prediction_length 54 --plot --use_weather --use_future_weather --test_split 0
2026-01-10 11:18:50,242 - INFO - ✅ Inference successful for Colombia
2026-01-10 11:18:50,242 - INFO - 
🚀 Processing Cook Islands
2026-01-10 11:18:50,242 - INFO -    ILI cases: 3,586
2026-01-10 11:18:50,242 - INFO -    ARI cases: 0
2026-01-10 11:18:50,242 - INFO -    Data types: ILI
2026-01-10 11:18:50,242 - INFO - Running extraction: /home/david/miniconda3/bin/python enhanced_extract_country_data.py --country Cook Islands --input data/who_flu_data.csv --output_dir data/extracted_data
2026-01-10 11:18:51,523 - INFO - ✅ Extraction successful for Cook Islands
2026-01-10 11:18:51,524 - INFO - Running chronos inference: /home/david/miniconda3/bin/python src/scripts/chronos_inference.py --data_file data/extracted_data/Cook_Islands_ili.csv --country_name Cook Islands --prediction_length 54 --plot --use_weather --use_future_weather --test_split 0
2026-01-10 11:18:55,348 - ERROR - ❌ Inference failed for Cook Islands: Traceback (most recent call last):
  File "/home/david/random_projects/mistral-vibe-test/tirex-test/src/scripts/data_loader.py", line 325, in load_time_series_with_weather
    weekly_weather, scaler = get_weather_for_country(
                             ^^^^^^^^^^^^^^^^^^^^^^^^
  File "/home/david/random_projects/mistral-vibe-test/tirex-test/src/scripts/weather_fetcher.py", line 687, in get_weather_for_country
    lat, lon = get_country_coordinates(country_name)
               ^^^^^^^^^^^^^^^^^^^^^^^^^^^^^^^^^^^^^
  File "/home/david/random_projects/mistral-vibe-test/tirex-test/src/scripts/weather_fetcher.py", line 119, in get_country_coordinates
    raise ValueError(f"Country code '{country_code}' not found in bounding boxes")
ValueError: Country code 'CK' not found in bounding boxes

During handling of the above exception, another exception occurred:

Traceback (most recent call last):
  File "/home/david/random_projects/mistral-vibe-test/tirex-test/src/scripts/chronos_inference.py", line 510, in <module>
    main()
  File "/home/david/random_projects/mistral-vibe-test/tirex-test/src/scripts/chronos_inference.py", line 149, in main
    data, dates, _, weather_covariates = load_time_series_with_weather(
                                         ^^^^^^^^^^^^^^^^^^^^^^^^^^^^^^
  File "/home/david/random_projects/mistral-vibe-test/tirex-test/src/scripts/data_loader.py", line 333, in load_time_series_with_weather
    raise ValueError(f"Failed to fetch weather data: {e}")
ValueError: Failed to fetch weather data: Country code 'CK' not found in bounding boxes

2026-01-10 11:18:55,348 - INFO - 
🚀 Processing Costa Rica
2026-01-10 11:18:55,349 - INFO -    ILI cases: 340,575
2026-01-10 11:18:55,349 - INFO -    ARI cases: 0
2026-01-10 11:18:55,349 - INFO -    Data types: ILI
2026-01-10 11:18:55,349 - INFO - Running extraction: /home/david/miniconda3/bin/python enhanced_extract_country_data.py --country Costa Rica --input data/who_flu_data.csv --output_dir data/extracted_data
2026-01-10 11:18:56,619 - INFO - ✅ Extraction successful for Costa Rica
2026-01-10 11:18:56,619 - INFO - Running chronos inference: /home/david/miniconda3/bin/python src/scripts/chronos_inference.py --data_file data/extracted_data/Costa_Rica_ili.csv --country_name Costa Rica --prediction_length 54 --plot --use_weather --use_future_weather --test_split 0
2026-01-10 11:19:02,364 - INFO - ✅ Inference successful for Costa Rica
2026-01-10 11:19:02,364 - INFO - 
🚀 Processing Croatia
2026-01-10 11:19:02,364 - INFO -    ILI cases: 1,182,789
2026-01-10 11:19:02,364 - INFO -    ARI cases: 0
2026-01-10 11:19:02,364 - INFO -    Data types: ARI, ILI
2026-01-10 11:19:02,364 - INFO - Running extraction: /home/david/miniconda3/bin/python enhanced_extract_country_data.py --country Croatia --input data/who_flu_data.csv --output_dir data/extracted_data
2026-01-10 11:19:03,627 - INFO - ✅ Extraction successful for Croatia
2026-01-10 11:19:03,627 - INFO - Running chronos inference: /home/david/miniconda3/bin/python src/scripts/chronos_inference.py --data_file data/extracted_data/Croatia_ili.csv --country_name Croatia --prediction_length 54 --plot --use_weather --use_future_weather --test_split 0
2026-01-10 11:19:09,348 - INFO - ✅ Inference successful for Croatia
2026-01-10 11:19:09,348 - INFO - 
📈 PROGRESS UPDATE
2026-01-10 11:19:09,348 - INFO -    Countries processed: 40/186
2026-01-10 11:19:09,349 - INFO -    Successful extractions: 39
2026-01-10 11:19:09,349 - INFO -    Failed extractions: 0
2026-01-10 11:19:09,349 - INFO -    Successful inferences: 23
2026-01-10 11:19:09,349 - INFO -    Failed inferences: 16
2026-01-10 11:19:09,349 - INFO -    Skipped countries: 1
2026-01-10 11:19:09,349 - INFO -    Average processing time: 3.1s per country
2026-01-10 11:19:09,349 - INFO - 
🚀 Processing Cuba
2026-01-10 11:19:09,349 - INFO -    ILI cases: 5,960
2026-01-10 11:19:09,349 - INFO -    ARI cases: 0
2026-01-10 11:19:09,349 - INFO -    Data types: ILI
2026-01-10 11:19:09,349 - INFO - Running extraction: /home/david/miniconda3/bin/python enhanced_extract_country_data.py --country Cuba --input data/who_flu_data.csv --output_dir data/extracted_data
2026-01-10 11:19:10,642 - INFO - ✅ Extraction successful for Cuba
2026-01-10 11:19:10,642 - INFO - Running chronos inference: /home/david/miniconda3/bin/python src/scripts/chronos_inference.py --data_file data/extracted_data/Cuba_ili.csv --country_name Cuba --prediction_length 54 --plot --use_weather --use_future_weather --test_split 0
2026-01-10 11:19:16,456 - INFO - ✅ Inference successful for Cuba
2026-01-10 11:19:16,457 - INFO - 
🚀 Processing Curaçao
2026-01-10 11:19:16,457 - INFO -    ILI cases: 1,252
2026-01-10 11:19:16,457 - INFO -    ARI cases: 0
2026-01-10 11:19:16,457 - INFO -    Data types: ILI
2026-01-10 11:19:16,457 - INFO - Running extraction: /home/david/miniconda3/bin/python enhanced_extract_country_data.py --country Curaçao --input data/who_flu_data.csv --output_dir data/extracted_data
2026-01-10 11:19:17,719 - INFO - ✅ Extraction successful for Curaçao
2026-01-10 11:19:17,719 - INFO - Running chronos inference: /home/david/miniconda3/bin/python src/scripts/chronos_inference.py --data_file data/extracted_data/Curaçao_ili.csv --country_name Curaçao --prediction_length 54 --plot --use_weather --use_future_weather --test_split 0
2026-01-10 11:19:21,515 - ERROR - ❌ Inference failed for Curaçao: Traceback (most recent call last):
  File "/home/david/random_projects/mistral-vibe-test/tirex-test/src/scripts/data_loader.py", line 325, in load_time_series_with_weather
    weekly_weather, scaler = get_weather_for_country(
                             ^^^^^^^^^^^^^^^^^^^^^^^^
  File "/home/david/random_projects/mistral-vibe-test/tirex-test/src/scripts/weather_fetcher.py", line 687, in get_weather_for_country
    lat, lon = get_country_coordinates(country_name)
               ^^^^^^^^^^^^^^^^^^^^^^^^^^^^^^^^^^^^^
  File "/home/david/random_projects/mistral-vibe-test/tirex-test/src/scripts/weather_fetcher.py", line 119, in get_country_coordinates
    raise ValueError(f"Country code '{country_code}' not found in bounding boxes")
ValueError: Country code 'CW' not found in bounding boxes

During handling of the above exception, another exception occurred:

Traceback (most recent call last):
  File "/home/david/random_projects/mistral-vibe-test/tirex-test/src/scripts/chronos_inference.py", line 510, in <module>
    main()
  File "/home/david/random_projects/mistral-vibe-test/tirex-test/src/scripts/chronos_inference.py", line 149, in main
    data, dates, _, weather_covariates = load_time_series_with_weather(
                                         ^^^^^^^^^^^^^^^^^^^^^^^^^^^^^^
  File "/home/david/random_projects/mistral-vibe-test/tirex-test/src/scripts/data_loader.py", line 333, in load_time_series_with_weather
    raise ValueError(f"Failed to fetch weather data: {e}")
ValueError: Failed to fetch weather data: Country code 'CW' not found in bounding boxes

2026-01-10 11:19:21,515 - INFO - 
🚀 Processing Cyprus
2026-01-10 11:19:21,515 - INFO -    ILI cases: 13,430
2026-01-10 11:19:21,515 - INFO -    ARI cases: 168,146
2026-01-10 11:19:21,515 - INFO -    Data types: ARI, ILI
2026-01-10 11:19:21,515 - INFO - Running extraction: /home/david/miniconda3/bin/python enhanced_extract_country_data.py --country Cyprus --input data/who_flu_data.csv --output_dir data/extracted_data
2026-01-10 11:19:22,797 - INFO - ✅ Extraction successful for Cyprus
2026-01-10 11:19:22,798 - INFO - Running chronos inference: /home/david/miniconda3/bin/python src/scripts/chronos_inference.py --data_file data/extracted_data/Cyprus_ili.csv --country_name Cyprus --prediction_length 54 --plot --use_weather --use_future_weather --test_split 0
2026-01-10 11:19:28,462 - INFO - ✅ Inference successful for Cyprus
2026-01-10 11:19:28,463 - INFO - 
🚀 Processing Czechia
2026-01-10 11:19:28,463 - INFO -    ILI cases: 2,639,044
2026-01-10 11:19:28,463 - INFO -    ARI cases: 60,161,920
2026-01-10 11:19:28,463 - INFO -    Data types: ARI, ILI
2026-01-10 11:19:28,463 - INFO - Running extraction: /home/david/miniconda3/bin/python enhanced_extract_country_data.py --country Czechia --input data/who_flu_data.csv --output_dir data/extracted_data
2026-01-10 11:19:29,746 - INFO - ✅ Extraction successful for Czechia
2026-01-10 11:19:29,746 - INFO - Running chronos inference: /home/david/miniconda3/bin/python src/scripts/chronos_inference.py --data_file data/extracted_data/Czechia_ili.csv --country_name Czechia --prediction_length 54 --plot --use_weather --use_future_weather --test_split 0
2026-01-10 11:19:35,419 - INFO - ✅ Inference successful for Czechia
2026-01-10 11:19:35,419 - INFO - 
🚀 Processing Côte d’Ivoire
2026-01-10 11:19:35,420 - INFO -    ILI cases: 225,944
2026-01-10 11:19:35,420 - INFO -    ARI cases: 0
2026-01-10 11:19:35,420 - INFO -    Data types: ILI
2026-01-10 11:19:35,420 - INFO - Running extraction: /home/david/miniconda3/bin/python enhanced_extract_country_data.py --country Côte d’Ivoire --input data/who_flu_data.csv --output_dir data/extracted_data
2026-01-10 11:19:36,701 - INFO - ✅ Extraction successful for Côte d’Ivoire
2026-01-10 11:19:36,701 - INFO - Running chronos inference: /home/david/miniconda3/bin/python src/scripts/chronos_inference.py --data_file data/extracted_data/Côte_d’Ivoire_ili.csv --country_name Côte d’Ivoire --prediction_length 54 --plot --use_weather --use_future_weather --test_split 0
2026-01-10 11:19:40,557 - ERROR - ❌ Inference failed for Côte d’Ivoire: Traceback (most recent call last):
  File "/home/david/random_projects/mistral-vibe-test/tirex-test/src/scripts/data_loader.py", line 325, in load_time_series_with_weather
    weekly_weather, scaler = get_weather_for_country(
                             ^^^^^^^^^^^^^^^^^^^^^^^^
  File "/home/david/random_projects/mistral-vibe-test/tirex-test/src/scripts/weather_fetcher.py", line 687, in get_weather_for_country
    lat, lon = get_country_coordinates(country_name)
               ^^^^^^^^^^^^^^^^^^^^^^^^^^^^^^^^^^^^^
  File "/home/david/random_projects/mistral-vibe-test/tirex-test/src/scripts/weather_fetcher.py", line 115, in get_country_coordinates
    country_code = _normalize_country_name(country_name)
                   ^^^^^^^^^^^^^^^^^^^^^^^^^^^^^^^^^^^^^
  File "/home/david/random_projects/mistral-vibe-test/tirex-test/src/scripts/weather_fetcher.py", line 204, in _normalize_country_name
    raise ValueError(
ValueError: Could not match country name 'Côte d’Ivoire' to ISO code. Please use a standard country name or add to manual mapping.

During handling of the above exception, another exception occurred:

Traceback (most recent call last):
  File "/home/david/random_projects/mistral-vibe-test/tirex-test/src/scripts/chronos_inference.py", line 510, in <module>
    main()
  File "/home/david/random_projects/mistral-vibe-test/tirex-test/src/scripts/chronos_inference.py", line 149, in main
    data, dates, _, weather_covariates = load_time_series_with_weather(
                                         ^^^^^^^^^^^^^^^^^^^^^^^^^^^^^^
  File "/home/david/random_projects/mistral-vibe-test/tirex-test/src/scripts/data_loader.py", line 333, in load_time_series_with_weather
    raise ValueError(f"Failed to fetch weather data: {e}")
ValueError: Failed to fetch weather data: Could not match country name 'Côte d’Ivoire' to ISO code. Please use a standard country name or add to manual mapping.

2026-01-10 11:19:40,557 - INFO - 
📈 PROGRESS UPDATE
2026-01-10 11:19:40,557 - INFO -    Countries processed: 45/186
2026-01-10 11:19:40,557 - INFO -    Successful extractions: 44
2026-01-10 11:19:40,557 - INFO -    Failed extractions: 0
2026-01-10 11:19:40,557 - INFO -    Successful inferences: 26
2026-01-10 11:19:40,557 - INFO -    Failed inferences: 18
2026-01-10 11:19:40,557 - INFO -    Skipped countries: 1
2026-01-10 11:19:40,557 - INFO -    Average processing time: 3.1s per country
2026-01-10 11:19:40,557 - INFO - 
🚀 Processing Democratic People's Republic of Korea
2026-01-10 11:19:40,557 - INFO -    ILI cases: 80,443
2026-01-10 11:19:40,558 - INFO -    ARI cases: 0
2026-01-10 11:19:40,558 - INFO -    Data types: ILI
2026-01-10 11:19:40,558 - INFO - Running extraction: /home/david/miniconda3/bin/python enhanced_extract_country_data.py --country Democratic People's Republic of Korea --input data/who_flu_data.csv --output_dir data/extracted_data
2026-01-10 11:19:41,838 - INFO - ✅ Extraction successful for Democratic People's Republic of Korea
2026-01-10 11:19:41,839 - INFO - Running chronos inference: /home/david/miniconda3/bin/python src/scripts/chronos_inference.py --data_file data/extracted_data/Democratic_People's_Republic_of_Korea_ili.csv --country_name Democratic People's Republic of Korea --prediction_length 54 --plot --use_weather --use_future_weather --test_split 0
2026-01-10 11:19:47,141 - INFO - ✅ Inference successful for Democratic People's Republic of Korea
2026-01-10 11:19:47,141 - INFO - 
🚀 Processing Democratic Republic of the Congo
2026-01-10 11:19:47,142 - INFO -    ILI cases: 10,848
2026-01-10 11:19:47,142 - INFO -    ARI cases: 0
2026-01-10 11:19:47,142 - INFO -    Data types: ILI
2026-01-10 11:19:47,142 - INFO - Running extraction: /home/david/miniconda3/bin/python enhanced_extract_country_data.py --country Democratic Republic of the Congo --input data/who_flu_data.csv --output_dir data/extracted_data
2026-01-10 11:19:48,409 - INFO - ✅ Extraction successful for Democratic Republic of the Congo
2026-01-10 11:19:48,409 - INFO - Running chronos inference: /home/david/miniconda3/bin/python src/scripts/chronos_inference.py --data_file data/extracted_data/Democratic_Republic_of_the_Congo_ili.csv --country_name Democratic Republic of the Congo --prediction_length 54 --plot --use_weather --use_future_weather --test_split 0
2026-01-10 11:19:52,267 - ERROR - ❌ Inference failed for Democratic Republic of the Congo: Traceback (most recent call last):
  File "/home/david/random_projects/mistral-vibe-test/tirex-test/src/scripts/data_loader.py", line 325, in load_time_series_with_weather
    weekly_weather, scaler = get_weather_for_country(
                             ^^^^^^^^^^^^^^^^^^^^^^^^
  File "/home/david/random_projects/mistral-vibe-test/tirex-test/src/scripts/weather_fetcher.py", line 687, in get_weather_for_country
    lat, lon = get_country_coordinates(country_name)
               ^^^^^^^^^^^^^^^^^^^^^^^^^^^^^^^^^^^^^
  File "/home/david/random_projects/mistral-vibe-test/tirex-test/src/scripts/weather_fetcher.py", line 115, in get_country_coordinates
    country_code = _normalize_country_name(country_name)
                   ^^^^^^^^^^^^^^^^^^^^^^^^^^^^^^^^^^^^^
  File "/home/david/random_projects/mistral-vibe-test/tirex-test/src/scripts/weather_fetcher.py", line 204, in _normalize_country_name
    raise ValueError(
ValueError: Could not match country name 'Democratic Republic of the Congo' to ISO code. Please use a standard country name or add to manual mapping.

During handling of the above exception, another exception occurred:

Traceback (most recent call last):
  File "/home/david/random_projects/mistral-vibe-test/tirex-test/src/scripts/chronos_inference.py", line 510, in <module>
    main()
  File "/home/david/random_projects/mistral-vibe-test/tirex-test/src/scripts/chronos_inference.py", line 149, in main
    data, dates, _, weather_covariates = load_time_series_with_weather(
                                         ^^^^^^^^^^^^^^^^^^^^^^^^^^^^^^
  File "/home/david/random_projects/mistral-vibe-test/tirex-test/src/scripts/data_loader.py", line 333, in load_time_series_with_weather
    raise ValueError(f"Failed to fetch weather data: {e}")
ValueError: Failed to fetch weather data: Could not match country name 'Democratic Republic of the Congo' to ISO code. Please use a standard country name or add to manual mapping.

2026-01-10 11:19:52,267 - INFO - 
🚀 Processing Denmark
2026-01-10 11:19:52,267 - INFO -    ILI cases: 233,079
2026-01-10 11:19:52,267 - INFO -    ARI cases: 0
2026-01-10 11:19:52,267 - INFO -    Data types: ARI, ILI
2026-01-10 11:19:52,267 - INFO - Running extraction: /home/david/miniconda3/bin/python enhanced_extract_country_data.py --country Denmark --input data/who_flu_data.csv --output_dir data/extracted_data
2026-01-10 11:19:53,548 - INFO - ✅ Extraction successful for Denmark
2026-01-10 11:19:53,548 - INFO - Running chronos inference: /home/david/miniconda3/bin/python src/scripts/chronos_inference.py --data_file data/extracted_data/Denmark_ili.csv --country_name Denmark --prediction_length 54 --plot --use_weather --use_future_weather --test_split 0
2026-01-10 11:19:57,530 - ERROR - ❌ Inference failed for Denmark: Traceback (most recent call last):
  File "/home/david/random_projects/mistral-vibe-test/tirex-test/src/scripts/weather_fetcher.py", line 295, in fetch_weather_data
    response.raise_for_status()
  File "/home/david/miniconda3/lib/python3.12/site-packages/requests/models.py", line 1024, in raise_for_status
    raise HTTPError(http_error_msg, response=self)
requests.exceptions.HTTPError: 429 Client Error: Too Many Requests for url: https://archive-api.open-meteo.com/v1/archive?latitude=56.265&longitude=10.39&start_date=2009-07-12&end_date=2025-12-14&daily=temperature_2m_mean&daily=temperature_2m_max&daily=temperature_2m_min&daily=relative_humidity_2m_mean&daily=relative_humidity_2m_min&timezone=UTC

During handling of the above exception, another exception occurred:

Traceback (most recent call last):
  File "/home/david/random_projects/mistral-vibe-test/tirex-test/src/scripts/data_loader.py", line 325, in load_time_series_with_weather
    weekly_weather, scaler = get_weather_for_country(
                             ^^^^^^^^^^^^^^^^^^^^^^^^
  File "/home/david/random_projects/mistral-vibe-test/tirex-test/src/scripts/weather_fetcher.py", line 690, in get_weather_for_country
    daily_weather = fetch_weather_data(
                    ^^^^^^^^^^^^^^^^^^^
  File "/home/david/random_projects/mistral-vibe-test/tirex-test/src/scripts/weather_fetcher.py", line 50, in wrapper
    ret = func(*args, **kwargs)
          ^^^^^^^^^^^^^^^^^^^^^
  File "/home/david/random_projects/mistral-vibe-test/tirex-test/src/scripts/weather_fetcher.py", line 331, in fetch_weather_data
    raise RuntimeError(f"Failed to fetch weather data from API: {e}")
RuntimeError: Failed to fetch weather data from API: 429 Client Error: Too Many Requests for url: https://archive-api.open-meteo.com/v1/archive?latitude=56.265&longitude=10.39&start_date=2009-07-12&end_date=2025-12-14&daily=temperature_2m_mean&daily=temperature_2m_max&daily=temperature_2m_min&daily=relative_humidity_2m_mean&daily=relative_humidity_2m_min&timezone=UTC

During handling of the above exception, another exception occurred:

Traceback (most recent call last):
  File "/home/david/random_projects/mistral-vibe-test/tirex-test/src/scripts/chronos_inference.py", line 510, in <module>
    main()
  File "/home/david/random_projects/mistral-vibe-test/tirex-test/src/scripts/chronos_inference.py", line 149, in main
    data, dates, _, weather_covariates = load_time_series_with_weather(
                                         ^^^^^^^^^^^^^^^^^^^^^^^^^^^^^^
  File "/home/david/random_projects/mistral-vibe-test/tirex-test/src/scripts/data_loader.py", line 333, in load_time_series_with_weather
    raise ValueError(f"Failed to fetch weather data: {e}")
ValueError: Failed to fetch weather data: Failed to fetch weather data from API: 429 Client Error: Too Many Requests for url: https://archive-api.open-meteo.com/v1/archive?latitude=56.265&longitude=10.39&start_date=2009-07-12&end_date=2025-12-14&daily=temperature_2m_mean&daily=temperature_2m_max&daily=temperature_2m_min&daily=relative_humidity_2m_mean&daily=relative_humidity_2m_min&timezone=UTC

2026-01-10 11:19:57,530 - INFO - 
🚀 Processing Dominica
2026-01-10 11:19:57,530 - INFO -    ILI cases: 1,550
2026-01-10 11:19:57,530 - INFO -    ARI cases: 129
2026-01-10 11:19:57,530 - INFO -    Data types: ARI, ILI
2026-01-10 11:19:57,530 - INFO - Running extraction: /home/david/miniconda3/bin/python enhanced_extract_country_data.py --country Dominica --input data/who_flu_data.csv --output_dir data/extracted_data
2026-01-10 11:19:58,814 - INFO - ✅ Extraction successful for Dominica
2026-01-10 11:19:58,815 - INFO - Running chronos inference: /home/david/miniconda3/bin/python src/scripts/chronos_inference.py --data_file data/extracted_data/Dominica_ili.csv --country_name Dominica --prediction_length 54 --plot --use_weather --use_future_weather --test_split 0
2026-01-10 11:20:02,619 - ERROR - ❌ Inference failed for Dominica: Traceback (most recent call last):
  File "/home/david/random_projects/mistral-vibe-test/tirex-test/src/scripts/data_loader.py", line 325, in load_time_series_with_weather
    weekly_weather, scaler = get_weather_for_country(
                             ^^^^^^^^^^^^^^^^^^^^^^^^
  File "/home/david/random_projects/mistral-vibe-test/tirex-test/src/scripts/weather_fetcher.py", line 687, in get_weather_for_country
    lat, lon = get_country_coordinates(country_name)
               ^^^^^^^^^^^^^^^^^^^^^^^^^^^^^^^^^^^^^
  File "/home/david/random_projects/mistral-vibe-test/tirex-test/src/scripts/weather_fetcher.py", line 119, in get_country_coordinates
    raise ValueError(f"Country code '{country_code}' not found in bounding boxes")
ValueError: Country code 'DM' not found in bounding boxes

During handling of the above exception, another exception occurred:

Traceback (most recent call last):
  File "/home/david/random_projects/mistral-vibe-test/tirex-test/src/scripts/chronos_inference.py", line 510, in <module>
    main()
  File "/home/david/random_projects/mistral-vibe-test/tirex-test/src/scripts/chronos_inference.py", line 149, in main
    data, dates, _, weather_covariates = load_time_series_with_weather(
                                         ^^^^^^^^^^^^^^^^^^^^^^^^^^^^^^
  File "/home/david/random_projects/mistral-vibe-test/tirex-test/src/scripts/data_loader.py", line 333, in load_time_series_with_weather
    raise ValueError(f"Failed to fetch weather data: {e}")
ValueError: Failed to fetch weather data: Country code 'DM' not found in bounding boxes

2026-01-10 11:20:02,620 - INFO - 
🚀 Processing Dominican Republic
2026-01-10 11:20:02,620 - INFO -    ILI cases: 2,748
2026-01-10 11:20:02,620 - INFO -    ARI cases: 12,832,922
2026-01-10 11:20:02,620 - INFO -    Data types: ARI, ILI
2026-01-10 11:20:02,620 - INFO - Running extraction: /home/david/miniconda3/bin/python enhanced_extract_country_data.py --country Dominican Republic --input data/who_flu_data.csv --output_dir data/extracted_data
2026-01-10 11:20:03,890 - INFO - ✅ Extraction successful for Dominican Republic
2026-01-10 11:20:03,890 - INFO - Running chronos inference: /home/david/miniconda3/bin/python src/scripts/chronos_inference.py --data_file data/extracted_data/Dominican_Republic_ili.csv --country_name Dominican Republic --prediction_length 54 --plot --use_weather --use_future_weather --test_split 0
2026-01-10 11:20:09,285 - INFO - ✅ Inference successful for Dominican Republic
2026-01-10 11:20:09,285 - INFO - 
📈 PROGRESS UPDATE
2026-01-10 11:20:09,286 - INFO -    Countries processed: 50/186
2026-01-10 11:20:09,286 - INFO -    Successful extractions: 49
2026-01-10 11:20:09,286 - INFO -    Failed extractions: 0
2026-01-10 11:20:09,286 - INFO -    Successful inferences: 28
2026-01-10 11:20:09,286 - INFO -    Failed inferences: 21
2026-01-10 11:20:09,286 - INFO -    Skipped countries: 1
2026-01-10 11:20:09,286 - INFO -    Average processing time: 3.1s per country
2026-01-10 11:20:09,286 - INFO - 🔮 Skipping Ecuador - no ILI or ARI data available
2026-01-10 11:20:09,286 - INFO - 
🚀 Processing Egypt
2026-01-10 11:20:09,286 - INFO -    ILI cases: 3,908
2026-01-10 11:20:09,286 - INFO -    ARI cases: 0
2026-01-10 11:20:09,287 - INFO -    Data types: ILI
2026-01-10 11:20:09,287 - INFO - Running extraction: /home/david/miniconda3/bin/python enhanced_extract_country_data.py --country Egypt --input data/who_flu_data.csv --output_dir data/extracted_data
2026-01-10 11:20:10,577 - INFO - ✅ Extraction successful for Egypt
2026-01-10 11:20:10,578 - INFO - Running chronos inference: /home/david/miniconda3/bin/python src/scripts/chronos_inference.py --data_file data/extracted_data/Egypt_ili.csv --country_name Egypt --prediction_length 54 --plot --use_weather --use_future_weather --test_split 0
2026-01-10 11:20:16,132 - INFO - ✅ Inference successful for Egypt
2026-01-10 11:20:16,132 - INFO - 
🚀 Processing El Salvador
2026-01-10 11:20:16,132 - INFO -    ILI cases: 984
2026-01-10 11:20:16,132 - INFO -    ARI cases: 25,297
2026-01-10 11:20:16,132 - INFO -    Data types: ARI, ILI
2026-01-10 11:20:16,132 - INFO - Running extraction: /home/david/miniconda3/bin/python enhanced_extract_country_data.py --country El Salvador --input data/who_flu_data.csv --output_dir data/extracted_data
2026-01-10 11:20:17,407 - INFO - ✅ Extraction successful for El Salvador
2026-01-10 11:20:17,407 - INFO - Running chronos inference: /home/david/miniconda3/bin/python src/scripts/chronos_inference.py --data_file data/extracted_data/El_Salvador_ili.csv --country_name El Salvador --prediction_length 54 --plot --use_weather --use_future_weather --test_split 0
2026-01-10 11:20:22,811 - INFO - ✅ Inference successful for El Salvador
2026-01-10 11:20:22,811 - INFO - 
🚀 Processing Estonia
2026-01-10 11:20:22,811 - INFO -    ILI cases: 235,592
2026-01-10 11:20:22,811 - INFO -    ARI cases: 3,138,833
2026-01-10 11:20:22,811 - INFO -    Data types: ARI, ILI
2026-01-10 11:20:22,811 - INFO - Running extraction: /home/david/miniconda3/bin/python enhanced_extract_country_data.py --country Estonia --input data/who_flu_data.csv --output_dir data/extracted_data
2026-01-10 11:20:24,093 - INFO - ✅ Extraction successful for Estonia
2026-01-10 11:20:24,093 - INFO - Running chronos inference: /home/david/miniconda3/bin/python src/scripts/chronos_inference.py --data_file data/extracted_data/Estonia_ili.csv --country_name Estonia --prediction_length 54 --plot --use_weather --use_future_weather --test_split 0
2026-01-10 11:20:29,194 - INFO - ✅ Inference successful for Estonia
2026-01-10 11:20:29,195 - INFO - 
🚀 Processing Ethiopia
2026-01-10 11:20:29,195 - INFO -    ILI cases: 240,887
2026-01-10 11:20:29,195 - INFO -    ARI cases: 0
2026-01-10 11:20:29,195 - INFO -    Data types: ILI
2026-01-10 11:20:29,195 - INFO - Running extraction: /home/david/miniconda3/bin/python enhanced_extract_country_data.py --country Ethiopia --input data/who_flu_data.csv --output_dir data/extracted_data
2026-01-10 11:20:30,473 - INFO - ✅ Extraction successful for Ethiopia
2026-01-10 11:20:30,473 - INFO - Running chronos inference: /home/david/miniconda3/bin/python src/scripts/chronos_inference.py --data_file data/extracted_data/Ethiopia_ili.csv --country_name Ethiopia --prediction_length 54 --plot --use_weather --use_future_weather --test_split 0
2026-01-10 11:20:36,480 - INFO - ✅ Inference successful for Ethiopia
2026-01-10 11:20:36,480 - INFO - 
📈 PROGRESS UPDATE
2026-01-10 11:20:36,480 - INFO -    Countries processed: 55/186
2026-01-10 11:20:36,480 - INFO -    Successful extractions: 53
2026-01-10 11:20:36,480 - INFO -    Failed extractions: 0
2026-01-10 11:20:36,480 - INFO -    Successful inferences: 32
2026-01-10 11:20:36,481 - INFO -    Failed inferences: 21
2026-01-10 11:20:36,481 - INFO -    Skipped countries: 2
2026-01-10 11:20:36,481 - INFO -    Average processing time: 3.1s per country
2026-01-10 11:20:36,481 - INFO - 
🚀 Processing Fiji
2026-01-10 11:20:36,481 - INFO -    ILI cases: 150,216
2026-01-10 11:20:36,481 - INFO -    ARI cases: 26,450
2026-01-10 11:20:36,481 - INFO -    Data types: ARI, ILI
2026-01-10 11:20:36,481 - INFO - Running extraction: /home/david/miniconda3/bin/python enhanced_extract_country_data.py --country Fiji --input data/who_flu_data.csv --output_dir data/extracted_data
2026-01-10 11:20:37,758 - INFO - ✅ Extraction successful for Fiji
2026-01-10 11:20:37,759 - INFO - Running chronos inference: /home/david/miniconda3/bin/python src/scripts/chronos_inference.py --data_file data/extracted_data/Fiji_ili.csv --country_name Fiji --prediction_length 54 --plot --use_weather --use_future_weather --test_split 0
2026-01-10 11:20:43,615 - INFO - ✅ Inference successful for Fiji
2026-01-10 11:20:43,616 - INFO - 
🚀 Processing Finland
2026-01-10 11:20:43,616 - INFO -    ILI cases: 217,566
2026-01-10 11:20:43,616 - INFO -    ARI cases: 27,416,271
2026-01-10 11:20:43,616 - INFO -    Data types: ARI, ILI
2026-01-10 11:20:43,616 - INFO - Running extraction: /home/david/miniconda3/bin/python enhanced_extract_country_data.py --country Finland --input data/who_flu_data.csv --output_dir data/extracted_data
2026-01-10 11:20:44,907 - INFO - ✅ Extraction successful for Finland
2026-01-10 11:20:44,907 - INFO - Running chronos inference: /home/david/miniconda3/bin/python src/scripts/chronos_inference.py --data_file data/extracted_data/Finland_ili.csv --country_name Finland --prediction_length 54 --plot --use_weather --use_future_weather --test_split 0
2026-01-10 11:20:48,878 - ERROR - ❌ Inference failed for Finland: Traceback (most recent call last):
  File "/home/david/random_projects/mistral-vibe-test/tirex-test/src/scripts/weather_fetcher.py", line 295, in fetch_weather_data
    response.raise_for_status()
  File "/home/david/miniconda3/lib/python3.12/site-packages/requests/models.py", line 1024, in raise_for_status
    raise HTTPError(http_error_msg, response=self)
requests.exceptions.HTTPError: 429 Client Error: Too Many Requests for url: https://archive-api.open-meteo.com/v1/archive?latitude=65.005&longitude=26.085&start_date=2009-11-08&end_date=2025-12-14&daily=temperature_2m_mean&daily=temperature_2m_max&daily=temperature_2m_min&daily=relative_humidity_2m_mean&daily=relative_humidity_2m_min&timezone=UTC

During handling of the above exception, another exception occurred:

Traceback (most recent call last):
  File "/home/david/random_projects/mistral-vibe-test/tirex-test/src/scripts/data_loader.py", line 325, in load_time_series_with_weather
    weekly_weather, scaler = get_weather_for_country(
                             ^^^^^^^^^^^^^^^^^^^^^^^^
  File "/home/david/random_projects/mistral-vibe-test/tirex-test/src/scripts/weather_fetcher.py", line 690, in get_weather_for_country
    daily_weather = fetch_weather_data(
                    ^^^^^^^^^^^^^^^^^^^
  File "/home/david/random_projects/mistral-vibe-test/tirex-test/src/scripts/weather_fetcher.py", line 50, in wrapper
    ret = func(*args, **kwargs)
          ^^^^^^^^^^^^^^^^^^^^^
  File "/home/david/random_projects/mistral-vibe-test/tirex-test/src/scripts/weather_fetcher.py", line 331, in fetch_weather_data
    raise RuntimeError(f"Failed to fetch weather data from API: {e}")
RuntimeError: Failed to fetch weather data from API: 429 Client Error: Too Many Requests for url: https://archive-api.open-meteo.com/v1/archive?latitude=65.005&longitude=26.085&start_date=2009-11-08&end_date=2025-12-14&daily=temperature_2m_mean&daily=temperature_2m_max&daily=temperature_2m_min&daily=relative_humidity_2m_mean&daily=relative_humidity_2m_min&timezone=UTC

During handling of the above exception, another exception occurred:

Traceback (most recent call last):
  File "/home/david/random_projects/mistral-vibe-test/tirex-test/src/scripts/chronos_inference.py", line 510, in <module>
    main()
  File "/home/david/random_projects/mistral-vibe-test/tirex-test/src/scripts/chronos_inference.py", line 149, in main
    data, dates, _, weather_covariates = load_time_series_with_weather(
                                         ^^^^^^^^^^^^^^^^^^^^^^^^^^^^^^
  File "/home/david/random_projects/mistral-vibe-test/tirex-test/src/scripts/data_loader.py", line 333, in load_time_series_with_weather
    raise ValueError(f"Failed to fetch weather data: {e}")
ValueError: Failed to fetch weather data: Failed to fetch weather data from API: 429 Client Error: Too Many Requests for url: https://archive-api.open-meteo.com/v1/archive?latitude=65.005&longitude=26.085&start_date=2009-11-08&end_date=2025-12-14&daily=temperature_2m_mean&daily=temperature_2m_max&daily=temperature_2m_min&daily=relative_humidity_2m_mean&daily=relative_humidity_2m_min&timezone=UTC

2026-01-10 11:20:48,878 - INFO - 
🚀 Processing France
2026-01-10 11:20:48,878 - INFO -    ILI cases: 57,613,926
2026-01-10 11:20:48,878 - INFO -    ARI cases: 52,818,682
2026-01-10 11:20:48,878 - INFO -    Data types: ARI, ILI
2026-01-10 11:20:48,878 - INFO - Running extraction: /home/david/miniconda3/bin/python enhanced_extract_country_data.py --country France --input data/who_flu_data.csv --output_dir data/extracted_data
2026-01-10 11:20:50,136 - INFO - ✅ Extraction successful for France
2026-01-10 11:20:50,136 - INFO - Running chronos inference: /home/david/miniconda3/bin/python src/scripts/chronos_inference.py --data_file data/extracted_data/France_ili.csv --country_name France --prediction_length 54 --plot --use_weather --use_future_weather --test_split 0
2026-01-10 11:20:55,286 - INFO - ✅ Inference successful for France
2026-01-10 11:20:55,286 - INFO - 
🚀 Processing French Polynesia
2026-01-10 11:20:55,286 - INFO -    ILI cases: 73,156
2026-01-10 11:20:55,286 - INFO -    ARI cases: 0
2026-01-10 11:20:55,286 - INFO -    Data types: ILI
2026-01-10 11:20:55,286 - INFO - Running extraction: /home/david/miniconda3/bin/python enhanced_extract_country_data.py --country French Polynesia --input data/who_flu_data.csv --output_dir data/extracted_data
2026-01-10 11:20:56,574 - INFO - ✅ Extraction successful for French Polynesia
2026-01-10 11:20:56,574 - INFO - Running chronos inference: /home/david/miniconda3/bin/python src/scripts/chronos_inference.py --data_file data/extracted_data/French_Polynesia_ili.csv --country_name French Polynesia --prediction_length 54 --plot --use_weather --use_future_weather --test_split 0
2026-01-10 11:21:00,289 - ERROR - ❌ Inference failed for French Polynesia: Traceback (most recent call last):
  File "/home/david/random_projects/mistral-vibe-test/tirex-test/src/scripts/data_loader.py", line 325, in load_time_series_with_weather
    weekly_weather, scaler = get_weather_for_country(
                             ^^^^^^^^^^^^^^^^^^^^^^^^
  File "/home/david/random_projects/mistral-vibe-test/tirex-test/src/scripts/weather_fetcher.py", line 687, in get_weather_for_country
    lat, lon = get_country_coordinates(country_name)
               ^^^^^^^^^^^^^^^^^^^^^^^^^^^^^^^^^^^^^
  File "/home/david/random_projects/mistral-vibe-test/tirex-test/src/scripts/weather_fetcher.py", line 119, in get_country_coordinates
    raise ValueError(f"Country code '{country_code}' not found in bounding boxes")
ValueError: Country code 'PF' not found in bounding boxes

During handling of the above exception, another exception occurred:

Traceback (most recent call last):
  File "/home/david/random_projects/mistral-vibe-test/tirex-test/src/scripts/chronos_inference.py", line 510, in <module>
    main()
  File "/home/david/random_projects/mistral-vibe-test/tirex-test/src/scripts/chronos_inference.py", line 149, in main
    data, dates, _, weather_covariates = load_time_series_with_weather(
                                         ^^^^^^^^^^^^^^^^^^^^^^^^^^^^^^
  File "/home/david/random_projects/mistral-vibe-test/tirex-test/src/scripts/data_loader.py", line 333, in load_time_series_with_weather
    raise ValueError(f"Failed to fetch weather data: {e}")
ValueError: Failed to fetch weather data: Country code 'PF' not found in bounding boxes

2026-01-10 11:21:00,289 - INFO - 
🚀 Processing Gabon
2026-01-10 11:21:00,290 - INFO -    ILI cases: 1,620
2026-01-10 11:21:00,290 - INFO -    ARI cases: 0
2026-01-10 11:21:00,290 - INFO -    Data types: ILI
2026-01-10 11:21:00,290 - INFO - Running extraction: /home/david/miniconda3/bin/python enhanced_extract_country_data.py --country Gabon --input data/who_flu_data.csv --output_dir data/extracted_data
2026-01-10 11:21:01,566 - INFO - ✅ Extraction successful for Gabon
2026-01-10 11:21:01,567 - INFO - Running chronos inference: /home/david/miniconda3/bin/python src/scripts/chronos_inference.py --data_file data/extracted_data/Gabon_ili.csv --country_name Gabon --prediction_length 54 --plot --use_weather --use_future_weather --test_split 0
2026-01-10 11:21:06,693 - INFO - ✅ Inference successful for Gabon
2026-01-10 11:21:06,693 - INFO - 
📈 PROGRESS UPDATE
2026-01-10 11:21:06,693 - INFO -    Countries processed: 60/186
2026-01-10 11:21:06,693 - INFO -    Successful extractions: 58
2026-01-10 11:21:06,693 - INFO -    Failed extractions: 0
2026-01-10 11:21:06,693 - INFO -    Successful inferences: 35
2026-01-10 11:21:06,693 - INFO -    Failed inferences: 23
2026-01-10 11:21:06,693 - INFO -    Skipped countries: 2
2026-01-10 11:21:06,693 - INFO -    Average processing time: 3.1s per country
2026-01-10 11:21:06,693 - INFO - 
🚀 Processing Georgia
2026-01-10 11:21:06,693 - INFO -    ILI cases: 235,154
2026-01-10 11:21:06,693 - INFO -    ARI cases: 377,720
2026-01-10 11:21:06,693 - INFO -    Data types: ARI, ILI
2026-01-10 11:21:06,693 - INFO - Running extraction: /home/david/miniconda3/bin/python enhanced_extract_country_data.py --country Georgia --input data/who_flu_data.csv --output_dir data/extracted_data
2026-01-10 11:21:07,976 - INFO - ✅ Extraction successful for Georgia
2026-01-10 11:21:07,976 - INFO - Running chronos inference: /home/david/miniconda3/bin/python src/scripts/chronos_inference.py --data_file data/extracted_data/Georgia_ili.csv --country_name Georgia --prediction_length 54 --plot --use_weather --use_future_weather --test_split 0
2026-01-10 11:21:13,790 - INFO - ✅ Inference successful for Georgia
2026-01-10 11:21:13,791 - INFO - 
🚀 Processing Germany
2026-01-10 11:21:13,791 - INFO -    ILI cases: 0
2026-01-10 11:21:13,791 - INFO -    ARI cases: 19,318,638
2026-01-10 11:21:13,791 - INFO -    Data types: ARI, ILI
2026-01-10 11:21:13,791 - INFO - Running extraction: /home/david/miniconda3/bin/python enhanced_extract_country_data.py --country Germany --input data/who_flu_data.csv --output_dir data/extracted_data
2026-01-10 11:21:15,086 - INFO - ✅ Extraction successful for Germany
2026-01-10 11:21:15,087 - INFO - Running chronos inference: /home/david/miniconda3/bin/python src/scripts/chronos_inference.py --data_file data/extracted_data/Germany_ari.csv --country_name Germany --prediction_length 54 --plot --use_weather --use_future_weather --test_split 0
2026-01-10 11:21:20,792 - INFO - ✅ Inference successful for Germany
2026-01-10 11:21:20,793 - INFO - 
🚀 Processing Ghana
2026-01-10 11:21:20,793 - INFO -    ILI cases: 104,346
2026-01-10 11:21:20,793 - INFO -    ARI cases: 0
2026-01-10 11:21:20,793 - INFO -    Data types: ILI
2026-01-10 11:21:20,793 - INFO - Running extraction: /home/david/miniconda3/bin/python enhanced_extract_country_data.py --country Ghana --input data/who_flu_data.csv --output_dir data/extracted_data
2026-01-10 11:21:22,097 - INFO - ✅ Extraction successful for Ghana
2026-01-10 11:21:22,097 - INFO - Running chronos inference: /home/david/miniconda3/bin/python src/scripts/chronos_inference.py --data_file data/extracted_data/Ghana_ili.csv --country_name Ghana --prediction_length 54 --plot --use_weather --use_future_weather --test_split 0
2026-01-10 11:21:27,721 - INFO - ✅ Inference successful for Ghana
2026-01-10 11:21:27,721 - INFO - 
🚀 Processing Greece
2026-01-10 11:21:27,721 - INFO -    ILI cases: 820,585
2026-01-10 11:21:27,721 - INFO -    ARI cases: 0
2026-01-10 11:21:27,721 - INFO -    Data types: ARI, ILI
2026-01-10 11:21:27,721 - INFO - Running extraction: /home/david/miniconda3/bin/python enhanced_extract_country_data.py --country Greece --input data/who_flu_data.csv --output_dir data/extracted_data
2026-01-10 11:21:28,974 - INFO - ✅ Extraction successful for Greece
2026-01-10 11:21:28,974 - INFO - Running chronos inference: /home/david/miniconda3/bin/python src/scripts/chronos_inference.py --data_file data/extracted_data/Greece_ili.csv --country_name Greece --prediction_length 54 --plot --use_weather --use_future_weather --test_split 0
2026-01-10 11:21:34,843 - INFO - ✅ Inference successful for Greece
2026-01-10 11:21:34,843 - INFO - 
🚀 Processing Grenada
2026-01-10 11:21:34,843 - INFO -    ILI cases: 10,704
2026-01-10 11:21:34,843 - INFO -    ARI cases: 0
2026-01-10 11:21:34,843 - INFO -    Data types: ILI
2026-01-10 11:21:34,844 - INFO - Running extraction: /home/david/miniconda3/bin/python enhanced_extract_country_data.py --country Grenada --input data/who_flu_data.csv --output_dir data/extracted_data
2026-01-10 11:21:36,126 - INFO - ✅ Extraction successful for Grenada
2026-01-10 11:21:36,127 - INFO - Running chronos inference: /home/david/miniconda3/bin/python src/scripts/chronos_inference.py --data_file data/extracted_data/Grenada_ili.csv --country_name Grenada --prediction_length 54 --plot --use_weather --use_future_weather --test_split 0
2026-01-10 11:21:39,955 - ERROR - ❌ Inference failed for Grenada: Traceback (most recent call last):
  File "/home/david/random_projects/mistral-vibe-test/tirex-test/src/scripts/data_loader.py", line 325, in load_time_series_with_weather
    weekly_weather, scaler = get_weather_for_country(
                             ^^^^^^^^^^^^^^^^^^^^^^^^
  File "/home/david/random_projects/mistral-vibe-test/tirex-test/src/scripts/weather_fetcher.py", line 687, in get_weather_for_country
    lat, lon = get_country_coordinates(country_name)
               ^^^^^^^^^^^^^^^^^^^^^^^^^^^^^^^^^^^^^
  File "/home/david/random_projects/mistral-vibe-test/tirex-test/src/scripts/weather_fetcher.py", line 119, in get_country_coordinates
    raise ValueError(f"Country code '{country_code}' not found in bounding boxes")
ValueError: Country code 'GD' not found in bounding boxes

During handling of the above exception, another exception occurred:

Traceback (most recent call last):
  File "/home/david/random_projects/mistral-vibe-test/tirex-test/src/scripts/chronos_inference.py", line 510, in <module>
    main()
  File "/home/david/random_projects/mistral-vibe-test/tirex-test/src/scripts/chronos_inference.py", line 149, in main
    data, dates, _, weather_covariates = load_time_series_with_weather(
                                         ^^^^^^^^^^^^^^^^^^^^^^^^^^^^^^
  File "/home/david/random_projects/mistral-vibe-test/tirex-test/src/scripts/data_loader.py", line 333, in load_time_series_with_weather
    raise ValueError(f"Failed to fetch weather data: {e}")
ValueError: Failed to fetch weather data: Country code 'GD' not found in bounding boxes

2026-01-10 11:21:39,955 - INFO - 
📈 PROGRESS UPDATE
2026-01-10 11:21:39,955 - INFO -    Countries processed: 65/186
2026-01-10 11:21:39,955 - INFO -    Successful extractions: 63
2026-01-10 11:21:39,955 - INFO -    Failed extractions: 0
2026-01-10 11:21:39,955 - INFO -    Successful inferences: 39
2026-01-10 11:21:39,955 - INFO -    Failed inferences: 24
2026-01-10 11:21:39,955 - INFO -    Skipped countries: 2
2026-01-10 11:21:39,955 - INFO -    Average processing time: 3.1s per country
2026-01-10 11:21:39,955 - INFO - 
🚀 Processing Guam
2026-01-10 11:21:39,955 - INFO -    ILI cases: 5,902
2026-01-10 11:21:39,955 - INFO -    ARI cases: 0
2026-01-10 11:21:39,956 - INFO -    Data types: ILI
2026-01-10 11:21:39,956 - INFO - Running extraction: /home/david/miniconda3/bin/python enhanced_extract_country_data.py --country Guam --input data/who_flu_data.csv --output_dir data/extracted_data
2026-01-10 11:21:41,230 - INFO - ✅ Extraction successful for Guam
2026-01-10 11:21:41,230 - INFO - Running chronos inference: /home/david/miniconda3/bin/python src/scripts/chronos_inference.py --data_file data/extracted_data/Guam_ili.csv --country_name Guam --prediction_length 54 --plot --use_weather --use_future_weather --test_split 0
2026-01-10 11:21:45,045 - ERROR - ❌ Inference failed for Guam: Traceback (most recent call last):
  File "/home/david/random_projects/mistral-vibe-test/tirex-test/src/scripts/data_loader.py", line 325, in load_time_series_with_weather
    weekly_weather, scaler = get_weather_for_country(
                             ^^^^^^^^^^^^^^^^^^^^^^^^
  File "/home/david/random_projects/mistral-vibe-test/tirex-test/src/scripts/weather_fetcher.py", line 687, in get_weather_for_country
    lat, lon = get_country_coordinates(country_name)
               ^^^^^^^^^^^^^^^^^^^^^^^^^^^^^^^^^^^^^
  File "/home/david/random_projects/mistral-vibe-test/tirex-test/src/scripts/weather_fetcher.py", line 119, in get_country_coordinates
    raise ValueError(f"Country code '{country_code}' not found in bounding boxes")
ValueError: Country code 'GU' not found in bounding boxes

During handling of the above exception, another exception occurred:

Traceback (most recent call last):
  File "/home/david/random_projects/mistral-vibe-test/tirex-test/src/scripts/chronos_inference.py", line 510, in <module>
    main()
  File "/home/david/random_projects/mistral-vibe-test/tirex-test/src/scripts/chronos_inference.py", line 149, in main
    data, dates, _, weather_covariates = load_time_series_with_weather(
                                         ^^^^^^^^^^^^^^^^^^^^^^^^^^^^^^
  File "/home/david/random_projects/mistral-vibe-test/tirex-test/src/scripts/data_loader.py", line 333, in load_time_series_with_weather
    raise ValueError(f"Failed to fetch weather data: {e}")
ValueError: Failed to fetch weather data: Country code 'GU' not found in bounding boxes

2026-01-10 11:21:45,045 - INFO - 
🚀 Processing Guatemala
2026-01-10 11:21:45,045 - INFO -    ILI cases: 62,360
2026-01-10 11:21:45,045 - INFO -    ARI cases: 34,360,534
2026-01-10 11:21:45,045 - INFO -    Data types: ARI, ILI
2026-01-10 11:21:45,045 - INFO - Running extraction: /home/david/miniconda3/bin/python enhanced_extract_country_data.py --country Guatemala --input data/who_flu_data.csv --output_dir data/extracted_data
2026-01-10 11:21:46,332 - INFO - ✅ Extraction successful for Guatemala
2026-01-10 11:21:46,332 - INFO - Running chronos inference: /home/david/miniconda3/bin/python src/scripts/chronos_inference.py --data_file data/extracted_data/Guatemala_ili.csv --country_name Guatemala --prediction_length 54 --plot --use_weather --use_future_weather --test_split 0
2026-01-10 11:21:50,272 - ERROR - ❌ Inference failed for Guatemala: Traceback (most recent call last):
  File "/home/david/random_projects/mistral-vibe-test/tirex-test/src/scripts/weather_fetcher.py", line 295, in fetch_weather_data
    response.raise_for_status()
  File "/home/david/miniconda3/lib/python3.12/site-packages/requests/models.py", line 1024, in raise_for_status
    raise HTTPError(http_error_msg, response=self)
requests.exceptions.HTTPError: 429 Client Error: Too Many Requests for url: https://archive-api.open-meteo.com/v1/archive?latitude=15.780000000000001&longitude=-90.23&start_date=2016-01-10&end_date=2025-12-21&daily=temperature_2m_mean&daily=temperature_2m_max&daily=temperature_2m_min&daily=relative_humidity_2m_mean&daily=relative_humidity_2m_min&timezone=UTC

During handling of the above exception, another exception occurred:

Traceback (most recent call last):
  File "/home/david/random_projects/mistral-vibe-test/tirex-test/src/scripts/data_loader.py", line 325, in load_time_series_with_weather
    weekly_weather, scaler = get_weather_for_country(
                             ^^^^^^^^^^^^^^^^^^^^^^^^
  File "/home/david/random_projects/mistral-vibe-test/tirex-test/src/scripts/weather_fetcher.py", line 690, in get_weather_for_country
    daily_weather = fetch_weather_data(
                    ^^^^^^^^^^^^^^^^^^^
  File "/home/david/random_projects/mistral-vibe-test/tirex-test/src/scripts/weather_fetcher.py", line 50, in wrapper
    ret = func(*args, **kwargs)
          ^^^^^^^^^^^^^^^^^^^^^
  File "/home/david/random_projects/mistral-vibe-test/tirex-test/src/scripts/weather_fetcher.py", line 331, in fetch_weather_data
    raise RuntimeError(f"Failed to fetch weather data from API: {e}")
RuntimeError: Failed to fetch weather data from API: 429 Client Error: Too Many Requests for url: https://archive-api.open-meteo.com/v1/archive?latitude=15.780000000000001&longitude=-90.23&start_date=2016-01-10&end_date=2025-12-21&daily=temperature_2m_mean&daily=temperature_2m_max&daily=temperature_2m_min&daily=relative_humidity_2m_mean&daily=relative_humidity_2m_min&timezone=UTC

During handling of the above exception, another exception occurred:

Traceback (most recent call last):
  File "/home/david/random_projects/mistral-vibe-test/tirex-test/src/scripts/chronos_inference.py", line 510, in <module>
    main()
  File "/home/david/random_projects/mistral-vibe-test/tirex-test/src/scripts/chronos_inference.py", line 149, in main
    data, dates, _, weather_covariates = load_time_series_with_weather(
                                         ^^^^^^^^^^^^^^^^^^^^^^^^^^^^^^
  File "/home/david/random_projects/mistral-vibe-test/tirex-test/src/scripts/data_loader.py", line 333, in load_time_series_with_weather
    raise ValueError(f"Failed to fetch weather data: {e}")
ValueError: Failed to fetch weather data: Failed to fetch weather data from API: 429 Client Error: Too Many Requests for url: https://archive-api.open-meteo.com/v1/archive?latitude=15.780000000000001&longitude=-90.23&start_date=2016-01-10&end_date=2025-12-21&daily=temperature_2m_mean&daily=temperature_2m_max&daily=temperature_2m_min&daily=relative_humidity_2m_mean&daily=relative_humidity_2m_min&timezone=UTC

2026-01-10 11:21:50,273 - INFO - 
🚀 Processing Guinea
2026-01-10 11:21:50,273 - INFO -    ILI cases: 65,082
2026-01-10 11:21:50,273 - INFO -    ARI cases: 0
2026-01-10 11:21:50,273 - INFO -    Data types: ILI
2026-01-10 11:21:50,273 - INFO - Running extraction: /home/david/miniconda3/bin/python enhanced_extract_country_data.py --country Guinea --input data/who_flu_data.csv --output_dir data/extracted_data
2026-01-10 11:21:51,555 - INFO - ✅ Extraction successful for Guinea
2026-01-10 11:21:51,555 - INFO - Running chronos inference: /home/david/miniconda3/bin/python src/scripts/chronos_inference.py --data_file data/extracted_data/Guinea_ili.csv --country_name Guinea --prediction_length 54 --plot --use_weather --use_future_weather --test_split 0
2026-01-10 11:21:55,535 - ERROR - ❌ Inference failed for Guinea: Traceback (most recent call last):
  File "/home/david/random_projects/mistral-vibe-test/tirex-test/src/scripts/weather_fetcher.py", line 295, in fetch_weather_data
    response.raise_for_status()
  File "/home/david/miniconda3/lib/python3.12/site-packages/requests/models.py", line 1024, in raise_for_status
    raise HTTPError(http_error_msg, response=self)
requests.exceptions.HTTPError: 429 Client Error: Too Many Requests for url: https://archive-api.open-meteo.com/v1/archive?latitude=9.95&longitude=-11.48&start_date=2018-08-19&end_date=2025-12-07&daily=temperature_2m_mean&daily=temperature_2m_max&daily=temperature_2m_min&daily=relative_humidity_2m_mean&daily=relative_humidity_2m_min&timezone=UTC

During handling of the above exception, another exception occurred:

Traceback (most recent call last):
  File "/home/david/random_projects/mistral-vibe-test/tirex-test/src/scripts/data_loader.py", line 325, in load_time_series_with_weather
    weekly_weather, scaler = get_weather_for_country(
                             ^^^^^^^^^^^^^^^^^^^^^^^^
  File "/home/david/random_projects/mistral-vibe-test/tirex-test/src/scripts/weather_fetcher.py", line 690, in get_weather_for_country
    daily_weather = fetch_weather_data(
                    ^^^^^^^^^^^^^^^^^^^
  File "/home/david/random_projects/mistral-vibe-test/tirex-test/src/scripts/weather_fetcher.py", line 50, in wrapper
    ret = func(*args, **kwargs)
          ^^^^^^^^^^^^^^^^^^^^^
  File "/home/david/random_projects/mistral-vibe-test/tirex-test/src/scripts/weather_fetcher.py", line 331, in fetch_weather_data
    raise RuntimeError(f"Failed to fetch weather data from API: {e}")
RuntimeError: Failed to fetch weather data from API: 429 Client Error: Too Many Requests for url: https://archive-api.open-meteo.com/v1/archive?latitude=9.95&longitude=-11.48&start_date=2018-08-19&end_date=2025-12-07&daily=temperature_2m_mean&daily=temperature_2m_max&daily=temperature_2m_min&daily=relative_humidity_2m_mean&daily=relative_humidity_2m_min&timezone=UTC

During handling of the above exception, another exception occurred:

Traceback (most recent call last):
  File "/home/david/random_projects/mistral-vibe-test/tirex-test/src/scripts/chronos_inference.py", line 510, in <module>
    main()
  File "/home/david/random_projects/mistral-vibe-test/tirex-test/src/scripts/chronos_inference.py", line 149, in main
    data, dates, _, weather_covariates = load_time_series_with_weather(
                                         ^^^^^^^^^^^^^^^^^^^^^^^^^^^^^^
  File "/home/david/random_projects/mistral-vibe-test/tirex-test/src/scripts/data_loader.py", line 333, in load_time_series_with_weather
    raise ValueError(f"Failed to fetch weather data: {e}")
ValueError: Failed to fetch weather data: Failed to fetch weather data from API: 429 Client Error: Too Many Requests for url: https://archive-api.open-meteo.com/v1/archive?latitude=9.95&longitude=-11.48&start_date=2018-08-19&end_date=2025-12-07&daily=temperature_2m_mean&daily=temperature_2m_max&daily=temperature_2m_min&daily=relative_humidity_2m_mean&daily=relative_humidity_2m_min&timezone=UTC

2026-01-10 11:21:55,535 - INFO - 
🚀 Processing Guyana
2026-01-10 11:21:55,535 - INFO -    ILI cases: 52,849
2026-01-10 11:21:55,535 - INFO -    ARI cases: 3,505
2026-01-10 11:21:55,535 - INFO -    Data types: ARI, ILI
2026-01-10 11:21:55,535 - INFO - Running extraction: /home/david/miniconda3/bin/python enhanced_extract_country_data.py --country Guyana --input data/who_flu_data.csv --output_dir data/extracted_data
2026-01-10 11:21:56,829 - INFO - ✅ Extraction successful for Guyana
2026-01-10 11:21:56,829 - INFO - Running chronos inference: /home/david/miniconda3/bin/python src/scripts/chronos_inference.py --data_file data/extracted_data/Guyana_ili.csv --country_name Guyana --prediction_length 54 --plot --use_weather --use_future_weather --test_split 0
2026-01-10 11:22:00,780 - ERROR - ❌ Inference failed for Guyana: Traceback (most recent call last):
  File "/home/david/random_projects/mistral-vibe-test/tirex-test/src/scripts/weather_fetcher.py", line 295, in fetch_weather_data
    response.raise_for_status()
  File "/home/david/miniconda3/lib/python3.12/site-packages/requests/models.py", line 1024, in raise_for_status
    raise HTTPError(http_error_msg, response=self)
requests.exceptions.HTTPError: 429 Client Error: Too Many Requests for url: https://archive-api.open-meteo.com/v1/archive?latitude=4.819999999999999&longitude=-58.974999999999994&start_date=2011-01-30&end_date=2025-12-14&daily=temperature_2m_mean&daily=temperature_2m_max&daily=temperature_2m_min&daily=relative_humidity_2m_mean&daily=relative_humidity_2m_min&timezone=UTC

During handling of the above exception, another exception occurred:

Traceback (most recent call last):
  File "/home/david/random_projects/mistral-vibe-test/tirex-test/src/scripts/data_loader.py", line 325, in load_time_series_with_weather
    weekly_weather, scaler = get_weather_for_country(
                             ^^^^^^^^^^^^^^^^^^^^^^^^
  File "/home/david/random_projects/mistral-vibe-test/tirex-test/src/scripts/weather_fetcher.py", line 690, in get_weather_for_country
    daily_weather = fetch_weather_data(
                    ^^^^^^^^^^^^^^^^^^^
  File "/home/david/random_projects/mistral-vibe-test/tirex-test/src/scripts/weather_fetcher.py", line 50, in wrapper
    ret = func(*args, **kwargs)
          ^^^^^^^^^^^^^^^^^^^^^
  File "/home/david/random_projects/mistral-vibe-test/tirex-test/src/scripts/weather_fetcher.py", line 331, in fetch_weather_data
    raise RuntimeError(f"Failed to fetch weather data from API: {e}")
RuntimeError: Failed to fetch weather data from API: 429 Client Error: Too Many Requests for url: https://archive-api.open-meteo.com/v1/archive?latitude=4.819999999999999&longitude=-58.974999999999994&start_date=2011-01-30&end_date=2025-12-14&daily=temperature_2m_mean&daily=temperature_2m_max&daily=temperature_2m_min&daily=relative_humidity_2m_mean&daily=relative_humidity_2m_min&timezone=UTC

During handling of the above exception, another exception occurred:

Traceback (most recent call last):
  File "/home/david/random_projects/mistral-vibe-test/tirex-test/src/scripts/chronos_inference.py", line 510, in <module>
    main()
  File "/home/david/random_projects/mistral-vibe-test/tirex-test/src/scripts/chronos_inference.py", line 149, in main
    data, dates, _, weather_covariates = load_time_series_with_weather(
                                         ^^^^^^^^^^^^^^^^^^^^^^^^^^^^^^
  File "/home/david/random_projects/mistral-vibe-test/tirex-test/src/scripts/data_loader.py", line 333, in load_time_series_with_weather
    raise ValueError(f"Failed to fetch weather data: {e}")
ValueError: Failed to fetch weather data: Failed to fetch weather data from API: 429 Client Error: Too Many Requests for url: https://archive-api.open-meteo.com/v1/archive?latitude=4.819999999999999&longitude=-58.974999999999994&start_date=2011-01-30&end_date=2025-12-14&daily=temperature_2m_mean&daily=temperature_2m_max&daily=temperature_2m_min&daily=relative_humidity_2m_mean&daily=relative_humidity_2m_min&timezone=UTC

2026-01-10 11:22:00,780 - INFO - 🔮 Skipping Haiti - no ILI or ARI data available
2026-01-10 11:22:00,780 - INFO - 
📈 PROGRESS UPDATE
2026-01-10 11:22:00,780 - INFO -    Countries processed: 70/186
2026-01-10 11:22:00,780 - INFO -    Successful extractions: 67
2026-01-10 11:22:00,780 - INFO -    Failed extractions: 0
2026-01-10 11:22:00,780 - INFO -    Successful inferences: 39
2026-01-10 11:22:00,780 - INFO -    Failed inferences: 28
2026-01-10 11:22:00,780 - INFO -    Skipped countries: 3
2026-01-10 11:22:00,780 - INFO -    Average processing time: 3.1s per country
2026-01-10 11:22:00,780 - INFO - 
🚀 Processing Honduras
2026-01-10 11:22:00,780 - INFO -    ILI cases: 382,656
2026-01-10 11:22:00,780 - INFO -    ARI cases: 0
2026-01-10 11:22:00,780 - INFO -    Data types: ILI
2026-01-10 11:22:00,780 - INFO - Running extraction: /home/david/miniconda3/bin/python enhanced_extract_country_data.py --country Honduras --input data/who_flu_data.csv --output_dir data/extracted_data
2026-01-10 11:22:02,053 - INFO - ✅ Extraction successful for Honduras
2026-01-10 11:22:02,054 - INFO - Running chronos inference: /home/david/miniconda3/bin/python src/scripts/chronos_inference.py --data_file data/extracted_data/Honduras_ili.csv --country_name Honduras --prediction_length 54 --plot --use_weather --use_future_weather --test_split 0
2026-01-10 11:22:08,041 - INFO - ✅ Inference successful for Honduras
2026-01-10 11:22:08,042 - INFO - 
🚀 Processing Hungary
2026-01-10 11:22:08,042 - INFO -    ILI cases: 3,728,299
2026-01-10 11:22:08,042 - INFO -    ARI cases: 9,196,798
2026-01-10 11:22:08,042 - INFO -    Data types: ARI, ILI
2026-01-10 11:22:08,042 - INFO - Running extraction: /home/david/miniconda3/bin/python enhanced_extract_country_data.py --country Hungary --input data/who_flu_data.csv --output_dir data/extracted_data
2026-01-10 11:22:09,340 - INFO - ✅ Extraction successful for Hungary
2026-01-10 11:22:09,341 - INFO - Running chronos inference: /home/david/miniconda3/bin/python src/scripts/chronos_inference.py --data_file data/extracted_data/Hungary_ili.csv --country_name Hungary --prediction_length 54 --plot --use_weather --use_future_weather --test_split 0
2026-01-10 11:22:14,493 - INFO - ✅ Inference successful for Hungary
2026-01-10 11:22:14,493 - INFO - 
🚀 Processing Iceland
2026-01-10 11:22:14,493 - INFO -    ILI cases: 67,603
2026-01-10 11:22:14,493 - INFO -    ARI cases: 666,686
2026-01-10 11:22:14,493 - INFO -    Data types: ARI, ILI
2026-01-10 11:22:14,493 - INFO - Running extraction: /home/david/miniconda3/bin/python enhanced_extract_country_data.py --country Iceland --input data/who_flu_data.csv --output_dir data/extracted_data
2026-01-10 11:22:15,763 - INFO - ✅ Extraction successful for Iceland
2026-01-10 11:22:15,763 - INFO - Running chronos inference: /home/david/miniconda3/bin/python src/scripts/chronos_inference.py --data_file data/extracted_data/Iceland_ili.csv --country_name Iceland --prediction_length 54 --plot --use_weather --use_future_weather --test_split 0
2026-01-10 11:22:19,743 - ERROR - ❌ Inference failed for Iceland: Traceback (most recent call last):
  File "/home/david/random_projects/mistral-vibe-test/tirex-test/src/scripts/weather_fetcher.py", line 295, in fetch_weather_data
    response.raise_for_status()
  File "/home/david/miniconda3/lib/python3.12/site-packages/requests/models.py", line 1024, in raise_for_status
    raise HTTPError(http_error_msg, response=self)
requests.exceptions.HTTPError: 429 Client Error: Too Many Requests for url: https://archive-api.open-meteo.com/v1/archive?latitude=65.015&longitude=-18.97&start_date=2009-10-18&end_date=2025-12-14&daily=temperature_2m_mean&daily=temperature_2m_max&daily=temperature_2m_min&daily=relative_humidity_2m_mean&daily=relative_humidity_2m_min&timezone=UTC

During handling of the above exception, another exception occurred:

Traceback (most recent call last):
  File "/home/david/random_projects/mistral-vibe-test/tirex-test/src/scripts/data_loader.py", line 325, in load_time_series_with_weather
    weekly_weather, scaler = get_weather_for_country(
                             ^^^^^^^^^^^^^^^^^^^^^^^^
  File "/home/david/random_projects/mistral-vibe-test/tirex-test/src/scripts/weather_fetcher.py", line 690, in get_weather_for_country
    daily_weather = fetch_weather_data(
                    ^^^^^^^^^^^^^^^^^^^
  File "/home/david/random_projects/mistral-vibe-test/tirex-test/src/scripts/weather_fetcher.py", line 50, in wrapper
    ret = func(*args, **kwargs)
          ^^^^^^^^^^^^^^^^^^^^^
  File "/home/david/random_projects/mistral-vibe-test/tirex-test/src/scripts/weather_fetcher.py", line 331, in fetch_weather_data
    raise RuntimeError(f"Failed to fetch weather data from API: {e}")
RuntimeError: Failed to fetch weather data from API: 429 Client Error: Too Many Requests for url: https://archive-api.open-meteo.com/v1/archive?latitude=65.015&longitude=-18.97&start_date=2009-10-18&end_date=2025-12-14&daily=temperature_2m_mean&daily=temperature_2m_max&daily=temperature_2m_min&daily=relative_humidity_2m_mean&daily=relative_humidity_2m_min&timezone=UTC

During handling of the above exception, another exception occurred:

Traceback (most recent call last):
  File "/home/david/random_projects/mistral-vibe-test/tirex-test/src/scripts/chronos_inference.py", line 510, in <module>
    main()
  File "/home/david/random_projects/mistral-vibe-test/tirex-test/src/scripts/chronos_inference.py", line 149, in main
    data, dates, _, weather_covariates = load_time_series_with_weather(
                                         ^^^^^^^^^^^^^^^^^^^^^^^^^^^^^^
  File "/home/david/random_projects/mistral-vibe-test/tirex-test/src/scripts/data_loader.py", line 333, in load_time_series_with_weather
    raise ValueError(f"Failed to fetch weather data: {e}")
ValueError: Failed to fetch weather data: Failed to fetch weather data from API: 429 Client Error: Too Many Requests for url: https://archive-api.open-meteo.com/v1/archive?latitude=65.015&longitude=-18.97&start_date=2009-10-18&end_date=2025-12-14&daily=temperature_2m_mean&daily=temperature_2m_max&daily=temperature_2m_min&daily=relative_humidity_2m_mean&daily=relative_humidity_2m_min&timezone=UTC

2026-01-10 11:22:19,743 - INFO - 
🚀 Processing Indonesia
2026-01-10 11:22:19,743 - INFO -    ILI cases: 58,165
2026-01-10 11:22:19,743 - INFO -    ARI cases: 0
2026-01-10 11:22:19,743 - INFO -    Data types: ILI
2026-01-10 11:22:19,744 - INFO - Running extraction: /home/david/miniconda3/bin/python enhanced_extract_country_data.py --country Indonesia --input data/who_flu_data.csv --output_dir data/extracted_data
2026-01-10 11:22:21,039 - INFO - ✅ Extraction successful for Indonesia
2026-01-10 11:22:21,040 - INFO - Running chronos inference: /home/david/miniconda3/bin/python src/scripts/chronos_inference.py --data_file data/extracted_data/Indonesia_ili.csv --country_name Indonesia --prediction_length 54 --plot --use_weather --use_future_weather --test_split 0
2026-01-10 11:22:24,966 - ERROR - ❌ Inference failed for Indonesia: Traceback (most recent call last):
  File "/home/david/random_projects/mistral-vibe-test/tirex-test/src/scripts/weather_fetcher.py", line 295, in fetch_weather_data
    response.raise_for_status()
  File "/home/david/miniconda3/lib/python3.12/site-packages/requests/models.py", line 1024, in raise_for_status
    raise HTTPError(http_error_msg, response=self)
requests.exceptions.HTTPError: 429 Client Error: Too Many Requests for url: https://archive-api.open-meteo.com/v1/archive?latitude=-2.4399999999999995&longitude=118.16&start_date=2012-06-17&end_date=2025-12-14&daily=temperature_2m_mean&daily=temperature_2m_max&daily=temperature_2m_min&daily=relative_humidity_2m_mean&daily=relative_humidity_2m_min&timezone=UTC

During handling of the above exception, another exception occurred:

Traceback (most recent call last):
  File "/home/david/random_projects/mistral-vibe-test/tirex-test/src/scripts/data_loader.py", line 325, in load_time_series_with_weather
    weekly_weather, scaler = get_weather_for_country(
                             ^^^^^^^^^^^^^^^^^^^^^^^^
  File "/home/david/random_projects/mistral-vibe-test/tirex-test/src/scripts/weather_fetcher.py", line 690, in get_weather_for_country
    daily_weather = fetch_weather_data(
                    ^^^^^^^^^^^^^^^^^^^
  File "/home/david/random_projects/mistral-vibe-test/tirex-test/src/scripts/weather_fetcher.py", line 50, in wrapper
    ret = func(*args, **kwargs)
          ^^^^^^^^^^^^^^^^^^^^^
  File "/home/david/random_projects/mistral-vibe-test/tirex-test/src/scripts/weather_fetcher.py", line 331, in fetch_weather_data
    raise RuntimeError(f"Failed to fetch weather data from API: {e}")
RuntimeError: Failed to fetch weather data from API: 429 Client Error: Too Many Requests for url: https://archive-api.open-meteo.com/v1/archive?latitude=-2.4399999999999995&longitude=118.16&start_date=2012-06-17&end_date=2025-12-14&daily=temperature_2m_mean&daily=temperature_2m_max&daily=temperature_2m_min&daily=relative_humidity_2m_mean&daily=relative_humidity_2m_min&timezone=UTC

During handling of the above exception, another exception occurred:

Traceback (most recent call last):
  File "/home/david/random_projects/mistral-vibe-test/tirex-test/src/scripts/chronos_inference.py", line 510, in <module>
    main()
  File "/home/david/random_projects/mistral-vibe-test/tirex-test/src/scripts/chronos_inference.py", line 149, in main
    data, dates, _, weather_covariates = load_time_series_with_weather(
                                         ^^^^^^^^^^^^^^^^^^^^^^^^^^^^^^
  File "/home/david/random_projects/mistral-vibe-test/tirex-test/src/scripts/data_loader.py", line 333, in load_time_series_with_weather
    raise ValueError(f"Failed to fetch weather data: {e}")
ValueError: Failed to fetch weather data: Failed to fetch weather data from API: 429 Client Error: Too Many Requests for url: https://archive-api.open-meteo.com/v1/archive?latitude=-2.4399999999999995&longitude=118.16&start_date=2012-06-17&end_date=2025-12-14&daily=temperature_2m_mean&daily=temperature_2m_max&daily=temperature_2m_min&daily=relative_humidity_2m_mean&daily=relative_humidity_2m_min&timezone=UTC

2026-01-10 11:22:24,967 - INFO - 
🚀 Processing Iran (Islamic Republic of)
2026-01-10 11:22:24,967 - INFO -    ILI cases: 6,104
2026-01-10 11:22:24,967 - INFO -    ARI cases: 0
2026-01-10 11:22:24,967 - INFO -    Data types: ILI
2026-01-10 11:22:24,967 - INFO - Running extraction: /home/david/miniconda3/bin/python enhanced_extract_country_data.py --country Iran (Islamic Republic of) --input data/who_flu_data.csv --output_dir data/extracted_data
2026-01-10 11:22:26,259 - INFO - ✅ Extraction successful for Iran (Islamic Republic of)
2026-01-10 11:22:26,259 - INFO - Running chronos inference: /home/david/miniconda3/bin/python src/scripts/chronos_inference.py --data_file data/extracted_data/Iran_(Islamic_Republic_of)_ili.csv --country_name Iran (Islamic Republic of) --prediction_length 54 --plot --use_weather --use_future_weather --test_split 0
2026-01-10 11:22:30,073 - ERROR - ❌ Inference failed for Iran (Islamic Republic of): Traceback (most recent call last):
  File "/home/david/random_projects/mistral-vibe-test/tirex-test/src/scripts/data_loader.py", line 325, in load_time_series_with_weather
    weekly_weather, scaler = get_weather_for_country(
                             ^^^^^^^^^^^^^^^^^^^^^^^^
  File "/home/david/random_projects/mistral-vibe-test/tirex-test/src/scripts/weather_fetcher.py", line 687, in get_weather_for_country
    lat, lon = get_country_coordinates(country_name)
               ^^^^^^^^^^^^^^^^^^^^^^^^^^^^^^^^^^^^^
  File "/home/david/random_projects/mistral-vibe-test/tirex-test/src/scripts/weather_fetcher.py", line 115, in get_country_coordinates
    country_code = _normalize_country_name(country_name)
                   ^^^^^^^^^^^^^^^^^^^^^^^^^^^^^^^^^^^^^
  File "/home/david/random_projects/mistral-vibe-test/tirex-test/src/scripts/weather_fetcher.py", line 204, in _normalize_country_name
    raise ValueError(
ValueError: Could not match country name 'Iran (Islamic Republic of)' to ISO code. Please use a standard country name or add to manual mapping.

During handling of the above exception, another exception occurred:

Traceback (most recent call last):
  File "/home/david/random_projects/mistral-vibe-test/tirex-test/src/scripts/chronos_inference.py", line 510, in <module>
    main()
  File "/home/david/random_projects/mistral-vibe-test/tirex-test/src/scripts/chronos_inference.py", line 149, in main
    data, dates, _, weather_covariates = load_time_series_with_weather(
                                         ^^^^^^^^^^^^^^^^^^^^^^^^^^^^^^
  File "/home/david/random_projects/mistral-vibe-test/tirex-test/src/scripts/data_loader.py", line 333, in load_time_series_with_weather
    raise ValueError(f"Failed to fetch weather data: {e}")
ValueError: Failed to fetch weather data: Could not match country name 'Iran (Islamic Republic of)' to ISO code. Please use a standard country name or add to manual mapping.

2026-01-10 11:22:30,074 - INFO - 
📈 PROGRESS UPDATE
2026-01-10 11:22:30,074 - INFO -    Countries processed: 75/186
2026-01-10 11:22:30,074 - INFO -    Successful extractions: 72
2026-01-10 11:22:30,074 - INFO -    Failed extractions: 0
2026-01-10 11:22:30,074 - INFO -    Successful inferences: 41
2026-01-10 11:22:30,074 - INFO -    Failed inferences: 31
2026-01-10 11:22:30,074 - INFO -    Skipped countries: 3
2026-01-10 11:22:30,074 - INFO -    Average processing time: 3.1s per country
2026-01-10 11:22:30,074 - INFO - 
🚀 Processing Iraq
2026-01-10 11:22:30,074 - INFO -    ILI cases: 7,160
2026-01-10 11:22:30,074 - INFO -    ARI cases: 0
2026-01-10 11:22:30,074 - INFO -    Data types: ILI
2026-01-10 11:22:30,074 - INFO - Running extraction: /home/david/miniconda3/bin/python enhanced_extract_country_data.py --country Iraq --input data/who_flu_data.csv --output_dir data/extracted_data
2026-01-10 11:22:31,376 - INFO - ✅ Extraction successful for Iraq
2026-01-10 11:22:31,376 - INFO - Running chronos inference: /home/david/miniconda3/bin/python src/scripts/chronos_inference.py --data_file data/extracted_data/Iraq_ili.csv --country_name Iraq --prediction_length 54 --plot --use_weather --use_future_weather --test_split 0
2026-01-10 11:22:35,308 - ERROR - ❌ Inference failed for Iraq: Traceback (most recent call last):
  File "/home/david/random_projects/mistral-vibe-test/tirex-test/src/scripts/weather_fetcher.py", line 295, in fetch_weather_data
    response.raise_for_status()
  File "/home/david/miniconda3/lib/python3.12/site-packages/requests/models.py", line 1024, in raise_for_status
    raise HTTPError(http_error_msg, response=self)
requests.exceptions.HTTPError: 429 Client Error: Too Many Requests for url: https://archive-api.open-meteo.com/v1/archive?latitude=33.245000000000005&longitude=43.68&start_date=2021-02-28&end_date=2025-11-23&daily=temperature_2m_mean&daily=temperature_2m_max&daily=temperature_2m_min&daily=relative_humidity_2m_mean&daily=relative_humidity_2m_min&timezone=UTC

During handling of the above exception, another exception occurred:

Traceback (most recent call last):
  File "/home/david/random_projects/mistral-vibe-test/tirex-test/src/scripts/data_loader.py", line 325, in load_time_series_with_weather
    weekly_weather, scaler = get_weather_for_country(
                             ^^^^^^^^^^^^^^^^^^^^^^^^
  File "/home/david/random_projects/mistral-vibe-test/tirex-test/src/scripts/weather_fetcher.py", line 690, in get_weather_for_country
    daily_weather = fetch_weather_data(
                    ^^^^^^^^^^^^^^^^^^^
  File "/home/david/random_projects/mistral-vibe-test/tirex-test/src/scripts/weather_fetcher.py", line 50, in wrapper
    ret = func(*args, **kwargs)
          ^^^^^^^^^^^^^^^^^^^^^
  File "/home/david/random_projects/mistral-vibe-test/tirex-test/src/scripts/weather_fetcher.py", line 331, in fetch_weather_data
    raise RuntimeError(f"Failed to fetch weather data from API: {e}")
RuntimeError: Failed to fetch weather data from API: 429 Client Error: Too Many Requests for url: https://archive-api.open-meteo.com/v1/archive?latitude=33.245000000000005&longitude=43.68&start_date=2021-02-28&end_date=2025-11-23&daily=temperature_2m_mean&daily=temperature_2m_max&daily=temperature_2m_min&daily=relative_humidity_2m_mean&daily=relative_humidity_2m_min&timezone=UTC

During handling of the above exception, another exception occurred:

Traceback (most recent call last):
  File "/home/david/random_projects/mistral-vibe-test/tirex-test/src/scripts/chronos_inference.py", line 510, in <module>
    main()
  File "/home/david/random_projects/mistral-vibe-test/tirex-test/src/scripts/chronos_inference.py", line 149, in main
    data, dates, _, weather_covariates = load_time_series_with_weather(
                                         ^^^^^^^^^^^^^^^^^^^^^^^^^^^^^^
  File "/home/david/random_projects/mistral-vibe-test/tirex-test/src/scripts/data_loader.py", line 333, in load_time_series_with_weather
    raise ValueError(f"Failed to fetch weather data: {e}")
ValueError: Failed to fetch weather data: Failed to fetch weather data from API: 429 Client Error: Too Many Requests for url: https://archive-api.open-meteo.com/v1/archive?latitude=33.245000000000005&longitude=43.68&start_date=2021-02-28&end_date=2025-11-23&daily=temperature_2m_mean&daily=temperature_2m_max&daily=temperature_2m_min&daily=relative_humidity_2m_mean&daily=relative_humidity_2m_min&timezone=UTC

2026-01-10 11:22:35,308 - INFO - 
🚀 Processing Ireland
2026-01-10 11:22:35,308 - INFO -    ILI cases: 82,754
2026-01-10 11:22:35,308 - INFO -    ARI cases: 39,592
2026-01-10 11:22:35,309 - INFO -    Data types: ARI, ILI
2026-01-10 11:22:35,309 - INFO - Running extraction: /home/david/miniconda3/bin/python enhanced_extract_country_data.py --country Ireland --input data/who_flu_data.csv --output_dir data/extracted_data
2026-01-10 11:22:36,581 - INFO - ✅ Extraction successful for Ireland
2026-01-10 11:22:36,581 - INFO - Running chronos inference: /home/david/miniconda3/bin/python src/scripts/chronos_inference.py --data_file data/extracted_data/Ireland_ili.csv --country_name Ireland --prediction_length 54 --plot --use_weather --use_future_weather --test_split 0
2026-01-10 11:22:40,531 - ERROR - ❌ Inference failed for Ireland: Traceback (most recent call last):
  File "/home/david/random_projects/mistral-vibe-test/tirex-test/src/scripts/weather_fetcher.py", line 295, in fetch_weather_data
    response.raise_for_status()
  File "/home/david/miniconda3/lib/python3.12/site-packages/requests/models.py", line 1024, in raise_for_status
    raise HTTPError(http_error_msg, response=self)
requests.exceptions.HTTPError: 429 Client Error: Too Many Requests for url: https://archive-api.open-meteo.com/v1/archive?latitude=53.400000000000006&longitude=-8.005&start_date=2009-07-12&end_date=2025-12-14&daily=temperature_2m_mean&daily=temperature_2m_max&daily=temperature_2m_min&daily=relative_humidity_2m_mean&daily=relative_humidity_2m_min&timezone=UTC

During handling of the above exception, another exception occurred:

Traceback (most recent call last):
  File "/home/david/random_projects/mistral-vibe-test/tirex-test/src/scripts/data_loader.py", line 325, in load_time_series_with_weather
    weekly_weather, scaler = get_weather_for_country(
                             ^^^^^^^^^^^^^^^^^^^^^^^^
  File "/home/david/random_projects/mistral-vibe-test/tirex-test/src/scripts/weather_fetcher.py", line 690, in get_weather_for_country
    daily_weather = fetch_weather_data(
                    ^^^^^^^^^^^^^^^^^^^
  File "/home/david/random_projects/mistral-vibe-test/tirex-test/src/scripts/weather_fetcher.py", line 50, in wrapper
    ret = func(*args, **kwargs)
          ^^^^^^^^^^^^^^^^^^^^^
  File "/home/david/random_projects/mistral-vibe-test/tirex-test/src/scripts/weather_fetcher.py", line 331, in fetch_weather_data
    raise RuntimeError(f"Failed to fetch weather data from API: {e}")
RuntimeError: Failed to fetch weather data from API: 429 Client Error: Too Many Requests for url: https://archive-api.open-meteo.com/v1/archive?latitude=53.400000000000006&longitude=-8.005&start_date=2009-07-12&end_date=2025-12-14&daily=temperature_2m_mean&daily=temperature_2m_max&daily=temperature_2m_min&daily=relative_humidity_2m_mean&daily=relative_humidity_2m_min&timezone=UTC

During handling of the above exception, another exception occurred:

Traceback (most recent call last):
  File "/home/david/random_projects/mistral-vibe-test/tirex-test/src/scripts/chronos_inference.py", line 510, in <module>
    main()
  File "/home/david/random_projects/mistral-vibe-test/tirex-test/src/scripts/chronos_inference.py", line 149, in main
    data, dates, _, weather_covariates = load_time_series_with_weather(
                                         ^^^^^^^^^^^^^^^^^^^^^^^^^^^^^^
  File "/home/david/random_projects/mistral-vibe-test/tirex-test/src/scripts/data_loader.py", line 333, in load_time_series_with_weather
    raise ValueError(f"Failed to fetch weather data: {e}")
ValueError: Failed to fetch weather data: Failed to fetch weather data from API: 429 Client Error: Too Many Requests for url: https://archive-api.open-meteo.com/v1/archive?latitude=53.400000000000006&longitude=-8.005&start_date=2009-07-12&end_date=2025-12-14&daily=temperature_2m_mean&daily=temperature_2m_max&daily=temperature_2m_min&daily=relative_humidity_2m_mean&daily=relative_humidity_2m_min&timezone=UTC

2026-01-10 11:22:40,531 - INFO - 
🚀 Processing Israel
2026-01-10 11:22:40,531 - INFO -    ILI cases: 884,816
2026-01-10 11:22:40,531 - INFO -    ARI cases: 0
2026-01-10 11:22:40,531 - INFO -    Data types: ARI, ILI
2026-01-10 11:22:40,531 - INFO - Running extraction: /home/david/miniconda3/bin/python enhanced_extract_country_data.py --country Israel --input data/who_flu_data.csv --output_dir data/extracted_data
2026-01-10 11:22:41,817 - INFO - ✅ Extraction successful for Israel
2026-01-10 11:22:41,817 - INFO - Running chronos inference: /home/david/miniconda3/bin/python src/scripts/chronos_inference.py --data_file data/extracted_data/Israel_ili.csv --country_name Israel --prediction_length 54 --plot --use_weather --use_future_weather --test_split 0
2026-01-10 11:22:45,759 - ERROR - ❌ Inference failed for Israel: Traceback (most recent call last):
  File "/home/david/random_projects/mistral-vibe-test/tirex-test/src/scripts/weather_fetcher.py", line 295, in fetch_weather_data
    response.raise_for_status()
  File "/home/david/miniconda3/lib/python3.12/site-packages/requests/models.py", line 1024, in raise_for_status
    raise HTTPError(http_error_msg, response=self)
requests.exceptions.HTTPError: 429 Client Error: Too Many Requests for url: https://archive-api.open-meteo.com/v1/archive?latitude=31.39&longitude=35.05500000000001&start_date=2009-07-12&end_date=2025-12-07&daily=temperature_2m_mean&daily=temperature_2m_max&daily=temperature_2m_min&daily=relative_humidity_2m_mean&daily=relative_humidity_2m_min&timezone=UTC

During handling of the above exception, another exception occurred:

Traceback (most recent call last):
  File "/home/david/random_projects/mistral-vibe-test/tirex-test/src/scripts/data_loader.py", line 325, in load_time_series_with_weather
    weekly_weather, scaler = get_weather_for_country(
                             ^^^^^^^^^^^^^^^^^^^^^^^^
  File "/home/david/random_projects/mistral-vibe-test/tirex-test/src/scripts/weather_fetcher.py", line 690, in get_weather_for_country
    daily_weather = fetch_weather_data(
                    ^^^^^^^^^^^^^^^^^^^
  File "/home/david/random_projects/mistral-vibe-test/tirex-test/src/scripts/weather_fetcher.py", line 50, in wrapper
    ret = func(*args, **kwargs)
          ^^^^^^^^^^^^^^^^^^^^^
  File "/home/david/random_projects/mistral-vibe-test/tirex-test/src/scripts/weather_fetcher.py", line 331, in fetch_weather_data
    raise RuntimeError(f"Failed to fetch weather data from API: {e}")
RuntimeError: Failed to fetch weather data from API: 429 Client Error: Too Many Requests for url: https://archive-api.open-meteo.com/v1/archive?latitude=31.39&longitude=35.05500000000001&start_date=2009-07-12&end_date=2025-12-07&daily=temperature_2m_mean&daily=temperature_2m_max&daily=temperature_2m_min&daily=relative_humidity_2m_mean&daily=relative_humidity_2m_min&timezone=UTC

During handling of the above exception, another exception occurred:

Traceback (most recent call last):
  File "/home/david/random_projects/mistral-vibe-test/tirex-test/src/scripts/chronos_inference.py", line 510, in <module>
    main()
  File "/home/david/random_projects/mistral-vibe-test/tirex-test/src/scripts/chronos_inference.py", line 149, in main
    data, dates, _, weather_covariates = load_time_series_with_weather(
                                         ^^^^^^^^^^^^^^^^^^^^^^^^^^^^^^
  File "/home/david/random_projects/mistral-vibe-test/tirex-test/src/scripts/data_loader.py", line 333, in load_time_series_with_weather
    raise ValueError(f"Failed to fetch weather data: {e}")
ValueError: Failed to fetch weather data: Failed to fetch weather data from API: 429 Client Error: Too Many Requests for url: https://archive-api.open-meteo.com/v1/archive?latitude=31.39&longitude=35.05500000000001&start_date=2009-07-12&end_date=2025-12-07&daily=temperature_2m_mean&daily=temperature_2m_max&daily=temperature_2m_min&daily=relative_humidity_2m_mean&daily=relative_humidity_2m_min&timezone=UTC

2026-01-10 11:22:45,759 - INFO - 
🚀 Processing Italy
2026-01-10 11:22:45,759 - INFO -    ILI cases: 6,187,340
2026-01-10 11:22:45,759 - INFO -    ARI cases: 417,040
2026-01-10 11:22:45,759 - INFO -    Data types: ARI, ILI
2026-01-10 11:22:45,760 - INFO - Running extraction: /home/david/miniconda3/bin/python enhanced_extract_country_data.py --country Italy --input data/who_flu_data.csv --output_dir data/extracted_data
2026-01-10 11:22:47,043 - INFO - ✅ Extraction successful for Italy
2026-01-10 11:22:47,043 - INFO - Running chronos inference: /home/david/miniconda3/bin/python src/scripts/chronos_inference.py --data_file data/extracted_data/Italy_ili.csv --country_name Italy --prediction_length 54 --plot --use_weather --use_future_weather --test_split 0
2026-01-10 11:22:52,188 - INFO - ✅ Inference successful for Italy
2026-01-10 11:22:52,188 - INFO - 
🚀 Processing Jamaica
2026-01-10 11:22:52,188 - INFO -    ILI cases: 0
2026-01-10 11:22:52,188 - INFO -    ARI cases: 1,373,120
2026-01-10 11:22:52,188 - INFO -    Data types: ARI
2026-01-10 11:22:52,188 - INFO - Running extraction: /home/david/miniconda3/bin/python enhanced_extract_country_data.py --country Jamaica --input data/who_flu_data.csv --output_dir data/extracted_data
2026-01-10 11:22:53,490 - INFO - ✅ Extraction successful for Jamaica
2026-01-10 11:22:53,490 - INFO - Running chronos inference: /home/david/miniconda3/bin/python src/scripts/chronos_inference.py --data_file data/extracted_data/Jamaica_ari.csv --country_name Jamaica --prediction_length 54 --plot --use_weather --use_future_weather --test_split 0
2026-01-10 11:22:57,504 - ERROR - ❌ Inference failed for Jamaica: Traceback (most recent call last):
  File "/home/david/random_projects/mistral-vibe-test/tirex-test/src/scripts/weather_fetcher.py", line 295, in fetch_weather_data
    response.raise_for_status()
  File "/home/david/miniconda3/lib/python3.12/site-packages/requests/models.py", line 1024, in raise_for_status
    raise HTTPError(http_error_msg, response=self)
requests.exceptions.HTTPError: 429 Client Error: Too Many Requests for url: https://archive-api.open-meteo.com/v1/archive?latitude=18.11&longitude=-77.27000000000001&start_date=2011-01-09&end_date=2025-12-14&daily=temperature_2m_mean&daily=temperature_2m_max&daily=temperature_2m_min&daily=relative_humidity_2m_mean&daily=relative_humidity_2m_min&timezone=UTC

During handling of the above exception, another exception occurred:

Traceback (most recent call last):
  File "/home/david/random_projects/mistral-vibe-test/tirex-test/src/scripts/data_loader.py", line 325, in load_time_series_with_weather
    weekly_weather, scaler = get_weather_for_country(
                             ^^^^^^^^^^^^^^^^^^^^^^^^
  File "/home/david/random_projects/mistral-vibe-test/tirex-test/src/scripts/weather_fetcher.py", line 690, in get_weather_for_country
    daily_weather = fetch_weather_data(
                    ^^^^^^^^^^^^^^^^^^^
  File "/home/david/random_projects/mistral-vibe-test/tirex-test/src/scripts/weather_fetcher.py", line 50, in wrapper
    ret = func(*args, **kwargs)
          ^^^^^^^^^^^^^^^^^^^^^
  File "/home/david/random_projects/mistral-vibe-test/tirex-test/src/scripts/weather_fetcher.py", line 331, in fetch_weather_data
    raise RuntimeError(f"Failed to fetch weather data from API: {e}")
RuntimeError: Failed to fetch weather data from API: 429 Client Error: Too Many Requests for url: https://archive-api.open-meteo.com/v1/archive?latitude=18.11&longitude=-77.27000000000001&start_date=2011-01-09&end_date=2025-12-14&daily=temperature_2m_mean&daily=temperature_2m_max&daily=temperature_2m_min&daily=relative_humidity_2m_mean&daily=relative_humidity_2m_min&timezone=UTC

During handling of the above exception, another exception occurred:

Traceback (most recent call last):
  File "/home/david/random_projects/mistral-vibe-test/tirex-test/src/scripts/chronos_inference.py", line 510, in <module>
    main()
  File "/home/david/random_projects/mistral-vibe-test/tirex-test/src/scripts/chronos_inference.py", line 149, in main
    data, dates, _, weather_covariates = load_time_series_with_weather(
                                         ^^^^^^^^^^^^^^^^^^^^^^^^^^^^^^
  File "/home/david/random_projects/mistral-vibe-test/tirex-test/src/scripts/data_loader.py", line 333, in load_time_series_with_weather
    raise ValueError(f"Failed to fetch weather data: {e}")
ValueError: Failed to fetch weather data: Failed to fetch weather data from API: 429 Client Error: Too Many Requests for url: https://archive-api.open-meteo.com/v1/archive?latitude=18.11&longitude=-77.27000000000001&start_date=2011-01-09&end_date=2025-12-14&daily=temperature_2m_mean&daily=temperature_2m_max&daily=temperature_2m_min&daily=relative_humidity_2m_mean&daily=relative_humidity_2m_min&timezone=UTC

2026-01-10 11:22:57,504 - INFO - 
📈 PROGRESS UPDATE
2026-01-10 11:22:57,504 - INFO -    Countries processed: 80/186
2026-01-10 11:22:57,504 - INFO -    Successful extractions: 77
2026-01-10 11:22:57,504 - INFO -    Failed extractions: 0
2026-01-10 11:22:57,504 - INFO -    Successful inferences: 42
2026-01-10 11:22:57,504 - INFO -    Failed inferences: 35
2026-01-10 11:22:57,504 - INFO -    Skipped countries: 3
2026-01-10 11:22:57,504 - INFO -    Average processing time: 3.0s per country
2026-01-10 11:22:57,504 - INFO - 
🚀 Processing Jordan
2026-01-10 11:22:57,504 - INFO -    ILI cases: 7,170
2026-01-10 11:22:57,504 - INFO -    ARI cases: 0
2026-01-10 11:22:57,505 - INFO -    Data types: ILI
2026-01-10 11:22:57,505 - INFO - Running extraction: /home/david/miniconda3/bin/python enhanced_extract_country_data.py --country Jordan --input data/who_flu_data.csv --output_dir data/extracted_data
2026-01-10 11:22:58,804 - INFO - ✅ Extraction successful for Jordan
2026-01-10 11:22:58,804 - INFO - Running chronos inference: /home/david/miniconda3/bin/python src/scripts/chronos_inference.py --data_file data/extracted_data/Jordan_ili.csv --country_name Jordan --prediction_length 54 --plot --use_weather --use_future_weather --test_split 0
2026-01-10 11:23:02,754 - ERROR - ❌ Inference failed for Jordan: Traceback (most recent call last):
  File "/home/david/random_projects/mistral-vibe-test/tirex-test/src/scripts/weather_fetcher.py", line 295, in fetch_weather_data
    response.raise_for_status()
  File "/home/david/miniconda3/lib/python3.12/site-packages/requests/models.py", line 1024, in raise_for_status
    raise HTTPError(http_error_msg, response=self)
requests.exceptions.HTTPError: 429 Client Error: Too Many Requests for url: https://archive-api.open-meteo.com/v1/archive?latitude=31.29&longitude=37.06&start_date=2018-01-07&end_date=2024-03-24&daily=temperature_2m_mean&daily=temperature_2m_max&daily=temperature_2m_min&daily=relative_humidity_2m_mean&daily=relative_humidity_2m_min&timezone=UTC

During handling of the above exception, another exception occurred:

Traceback (most recent call last):
  File "/home/david/random_projects/mistral-vibe-test/tirex-test/src/scripts/data_loader.py", line 325, in load_time_series_with_weather
    weekly_weather, scaler = get_weather_for_country(
                             ^^^^^^^^^^^^^^^^^^^^^^^^
  File "/home/david/random_projects/mistral-vibe-test/tirex-test/src/scripts/weather_fetcher.py", line 690, in get_weather_for_country
    daily_weather = fetch_weather_data(
                    ^^^^^^^^^^^^^^^^^^^
  File "/home/david/random_projects/mistral-vibe-test/tirex-test/src/scripts/weather_fetcher.py", line 50, in wrapper
    ret = func(*args, **kwargs)
          ^^^^^^^^^^^^^^^^^^^^^
  File "/home/david/random_projects/mistral-vibe-test/tirex-test/src/scripts/weather_fetcher.py", line 331, in fetch_weather_data
    raise RuntimeError(f"Failed to fetch weather data from API: {e}")
RuntimeError: Failed to fetch weather data from API: 429 Client Error: Too Many Requests for url: https://archive-api.open-meteo.com/v1/archive?latitude=31.29&longitude=37.06&start_date=2018-01-07&end_date=2024-03-24&daily=temperature_2m_mean&daily=temperature_2m_max&daily=temperature_2m_min&daily=relative_humidity_2m_mean&daily=relative_humidity_2m_min&timezone=UTC

During handling of the above exception, another exception occurred:

Traceback (most recent call last):
  File "/home/david/random_projects/mistral-vibe-test/tirex-test/src/scripts/chronos_inference.py", line 510, in <module>
    main()
  File "/home/david/random_projects/mistral-vibe-test/tirex-test/src/scripts/chronos_inference.py", line 149, in main
    data, dates, _, weather_covariates = load_time_series_with_weather(
                                         ^^^^^^^^^^^^^^^^^^^^^^^^^^^^^^
  File "/home/david/random_projects/mistral-vibe-test/tirex-test/src/scripts/data_loader.py", line 333, in load_time_series_with_weather
    raise ValueError(f"Failed to fetch weather data: {e}")
ValueError: Failed to fetch weather data: Failed to fetch weather data from API: 429 Client Error: Too Many Requests for url: https://archive-api.open-meteo.com/v1/archive?latitude=31.29&longitude=37.06&start_date=2018-01-07&end_date=2024-03-24&daily=temperature_2m_mean&daily=temperature_2m_max&daily=temperature_2m_min&daily=relative_humidity_2m_mean&daily=relative_humidity_2m_min&timezone=UTC

2026-01-10 11:23:02,755 - INFO - 
🚀 Processing Kazakhstan
2026-01-10 11:23:02,755 - INFO -    ILI cases: 1,017,663
2026-01-10 11:23:02,755 - INFO -    ARI cases: 48,554,849
2026-01-10 11:23:02,755 - INFO -    Data types: ARI, ILI
2026-01-10 11:23:02,755 - INFO - Running extraction: /home/david/miniconda3/bin/python enhanced_extract_country_data.py --country Kazakhstan --input data/who_flu_data.csv --output_dir data/extracted_data
2026-01-10 11:23:04,030 - INFO - ✅ Extraction successful for Kazakhstan
2026-01-10 11:23:04,030 - INFO - Running chronos inference: /home/david/miniconda3/bin/python src/scripts/chronos_inference.py --data_file data/extracted_data/Kazakhstan_ili.csv --country_name Kazakhstan --prediction_length 54 --plot --use_weather --use_future_weather --test_split 0
2026-01-10 11:23:07,992 - ERROR - ❌ Inference failed for Kazakhstan: Traceback (most recent call last):
  File "/home/david/random_projects/mistral-vibe-test/tirex-test/src/scripts/weather_fetcher.py", line 295, in fetch_weather_data
    response.raise_for_status()
  File "/home/david/miniconda3/lib/python3.12/site-packages/requests/models.py", line 1024, in raise_for_status
    raise HTTPError(http_error_msg, response=self)
requests.exceptions.HTTPError: 429 Client Error: Too Many Requests for url: https://archive-api.open-meteo.com/v1/archive?latitude=48.025&longitude=66.91499999999999&start_date=2009-07-12&end_date=2025-12-14&daily=temperature_2m_mean&daily=temperature_2m_max&daily=temperature_2m_min&daily=relative_humidity_2m_mean&daily=relative_humidity_2m_min&timezone=UTC

During handling of the above exception, another exception occurred:

Traceback (most recent call last):
  File "/home/david/random_projects/mistral-vibe-test/tirex-test/src/scripts/data_loader.py", line 325, in load_time_series_with_weather
    weekly_weather, scaler = get_weather_for_country(
                             ^^^^^^^^^^^^^^^^^^^^^^^^
  File "/home/david/random_projects/mistral-vibe-test/tirex-test/src/scripts/weather_fetcher.py", line 690, in get_weather_for_country
    daily_weather = fetch_weather_data(
                    ^^^^^^^^^^^^^^^^^^^
  File "/home/david/random_projects/mistral-vibe-test/tirex-test/src/scripts/weather_fetcher.py", line 50, in wrapper
    ret = func(*args, **kwargs)
          ^^^^^^^^^^^^^^^^^^^^^
  File "/home/david/random_projects/mistral-vibe-test/tirex-test/src/scripts/weather_fetcher.py", line 331, in fetch_weather_data
    raise RuntimeError(f"Failed to fetch weather data from API: {e}")
RuntimeError: Failed to fetch weather data from API: 429 Client Error: Too Many Requests for url: https://archive-api.open-meteo.com/v1/archive?latitude=48.025&longitude=66.91499999999999&start_date=2009-07-12&end_date=2025-12-14&daily=temperature_2m_mean&daily=temperature_2m_max&daily=temperature_2m_min&daily=relative_humidity_2m_mean&daily=relative_humidity_2m_min&timezone=UTC

During handling of the above exception, another exception occurred:

Traceback (most recent call last):
  File "/home/david/random_projects/mistral-vibe-test/tirex-test/src/scripts/chronos_inference.py", line 510, in <module>
    main()
  File "/home/david/random_projects/mistral-vibe-test/tirex-test/src/scripts/chronos_inference.py", line 149, in main
    data, dates, _, weather_covariates = load_time_series_with_weather(
                                         ^^^^^^^^^^^^^^^^^^^^^^^^^^^^^^
  File "/home/david/random_projects/mistral-vibe-test/tirex-test/src/scripts/data_loader.py", line 333, in load_time_series_with_weather
    raise ValueError(f"Failed to fetch weather data: {e}")
ValueError: Failed to fetch weather data: Failed to fetch weather data from API: 429 Client Error: Too Many Requests for url: https://archive-api.open-meteo.com/v1/archive?latitude=48.025&longitude=66.91499999999999&start_date=2009-07-12&end_date=2025-12-14&daily=temperature_2m_mean&daily=temperature_2m_max&daily=temperature_2m_min&daily=relative_humidity_2m_mean&daily=relative_humidity_2m_min&timezone=UTC

2026-01-10 11:23:07,993 - INFO - 
🚀 Processing Kenya
2026-01-10 11:23:07,993 - INFO -    ILI cases: 7,244
2026-01-10 11:23:07,993 - INFO -    ARI cases: 0
2026-01-10 11:23:07,993 - INFO -    Data types: ILI
2026-01-10 11:23:07,993 - INFO - Running extraction: /home/david/miniconda3/bin/python enhanced_extract_country_data.py --country Kenya --input data/who_flu_data.csv --output_dir data/extracted_data
2026-01-10 11:23:09,283 - INFO - ✅ Extraction successful for Kenya
2026-01-10 11:23:09,283 - INFO - Running chronos inference: /home/david/miniconda3/bin/python src/scripts/chronos_inference.py --data_file data/extracted_data/Kenya_ili.csv --country_name Kenya --prediction_length 54 --plot --use_weather --use_future_weather --test_split 0
2026-01-10 11:23:13,239 - ERROR - ❌ Inference failed for Kenya: Traceback (most recent call last):
  File "/home/david/random_projects/mistral-vibe-test/tirex-test/src/scripts/weather_fetcher.py", line 295, in fetch_weather_data
    response.raise_for_status()
  File "/home/david/miniconda3/lib/python3.12/site-packages/requests/models.py", line 1024, in raise_for_status
    raise HTTPError(http_error_msg, response=self)
requests.exceptions.HTTPError: 429 Client Error: Too Many Requests for url: https://archive-api.open-meteo.com/v1/archive?latitude=0.41500000000000004&longitude=37.875&start_date=2011-01-09&end_date=2025-11-30&daily=temperature_2m_mean&daily=temperature_2m_max&daily=temperature_2m_min&daily=relative_humidity_2m_mean&daily=relative_humidity_2m_min&timezone=UTC

During handling of the above exception, another exception occurred:

Traceback (most recent call last):
  File "/home/david/random_projects/mistral-vibe-test/tirex-test/src/scripts/data_loader.py", line 325, in load_time_series_with_weather
    weekly_weather, scaler = get_weather_for_country(
                             ^^^^^^^^^^^^^^^^^^^^^^^^
  File "/home/david/random_projects/mistral-vibe-test/tirex-test/src/scripts/weather_fetcher.py", line 690, in get_weather_for_country
    daily_weather = fetch_weather_data(
                    ^^^^^^^^^^^^^^^^^^^
  File "/home/david/random_projects/mistral-vibe-test/tirex-test/src/scripts/weather_fetcher.py", line 50, in wrapper
    ret = func(*args, **kwargs)
          ^^^^^^^^^^^^^^^^^^^^^
  File "/home/david/random_projects/mistral-vibe-test/tirex-test/src/scripts/weather_fetcher.py", line 331, in fetch_weather_data
    raise RuntimeError(f"Failed to fetch weather data from API: {e}")
RuntimeError: Failed to fetch weather data from API: 429 Client Error: Too Many Requests for url: https://archive-api.open-meteo.com/v1/archive?latitude=0.41500000000000004&longitude=37.875&start_date=2011-01-09&end_date=2025-11-30&daily=temperature_2m_mean&daily=temperature_2m_max&daily=temperature_2m_min&daily=relative_humidity_2m_mean&daily=relative_humidity_2m_min&timezone=UTC

During handling of the above exception, another exception occurred:

Traceback (most recent call last):
  File "/home/david/random_projects/mistral-vibe-test/tirex-test/src/scripts/chronos_inference.py", line 510, in <module>
    main()
  File "/home/david/random_projects/mistral-vibe-test/tirex-test/src/scripts/chronos_inference.py", line 149, in main
    data, dates, _, weather_covariates = load_time_series_with_weather(
                                         ^^^^^^^^^^^^^^^^^^^^^^^^^^^^^^
  File "/home/david/random_projects/mistral-vibe-test/tirex-test/src/scripts/data_loader.py", line 333, in load_time_series_with_weather
    raise ValueError(f"Failed to fetch weather data: {e}")
ValueError: Failed to fetch weather data: Failed to fetch weather data from API: 429 Client Error: Too Many Requests for url: https://archive-api.open-meteo.com/v1/archive?latitude=0.41500000000000004&longitude=37.875&start_date=2011-01-09&end_date=2025-11-30&daily=temperature_2m_mean&daily=temperature_2m_max&daily=temperature_2m_min&daily=relative_humidity_2m_mean&daily=relative_humidity_2m_min&timezone=UTC

2026-01-10 11:23:13,240 - INFO - 
🚀 Processing Kiribati
2026-01-10 11:23:13,240 - INFO -    ILI cases: 205,651
2026-01-10 11:23:13,240 - INFO -    ARI cases: 0
2026-01-10 11:23:13,240 - INFO -    Data types: ILI
2026-01-10 11:23:13,240 - INFO - Running extraction: /home/david/miniconda3/bin/python enhanced_extract_country_data.py --country Kiribati --input data/who_flu_data.csv --output_dir data/extracted_data
2026-01-10 11:23:14,514 - INFO - ✅ Extraction successful for Kiribati
2026-01-10 11:23:14,514 - INFO - Running chronos inference: /home/david/miniconda3/bin/python src/scripts/chronos_inference.py --data_file data/extracted_data/Kiribati_ili.csv --country_name Kiribati --prediction_length 54 --plot --use_weather --use_future_weather --test_split 0
2026-01-10 11:23:18,230 - ERROR - ❌ Inference failed for Kiribati: Traceback (most recent call last):
  File "/home/david/random_projects/mistral-vibe-test/tirex-test/src/scripts/data_loader.py", line 325, in load_time_series_with_weather
    weekly_weather, scaler = get_weather_for_country(
                             ^^^^^^^^^^^^^^^^^^^^^^^^
  File "/home/david/random_projects/mistral-vibe-test/tirex-test/src/scripts/weather_fetcher.py", line 687, in get_weather_for_country
    lat, lon = get_country_coordinates(country_name)
               ^^^^^^^^^^^^^^^^^^^^^^^^^^^^^^^^^^^^^
  File "/home/david/random_projects/mistral-vibe-test/tirex-test/src/scripts/weather_fetcher.py", line 119, in get_country_coordinates
    raise ValueError(f"Country code '{country_code}' not found in bounding boxes")
ValueError: Country code 'KI' not found in bounding boxes

During handling of the above exception, another exception occurred:

Traceback (most recent call last):
  File "/home/david/random_projects/mistral-vibe-test/tirex-test/src/scripts/chronos_inference.py", line 510, in <module>
    main()
  File "/home/david/random_projects/mistral-vibe-test/tirex-test/src/scripts/chronos_inference.py", line 149, in main
    data, dates, _, weather_covariates = load_time_series_with_weather(
                                         ^^^^^^^^^^^^^^^^^^^^^^^^^^^^^^
  File "/home/david/random_projects/mistral-vibe-test/tirex-test/src/scripts/data_loader.py", line 333, in load_time_series_with_weather
    raise ValueError(f"Failed to fetch weather data: {e}")
ValueError: Failed to fetch weather data: Country code 'KI' not found in bounding boxes

2026-01-10 11:23:18,230 - INFO - 
🚀 Processing Kosovo (in accordance with UN Security Council resolution 1244 (1999))
2026-01-10 11:23:18,230 - INFO -    ILI cases: 1,392,536
2026-01-10 11:23:18,230 - INFO -    ARI cases: 146,940
2026-01-10 11:23:18,230 - INFO -    Data types: ARI, ILI
2026-01-10 11:23:18,230 - INFO - Running extraction: /home/david/miniconda3/bin/python enhanced_extract_country_data.py --country Kosovo (in accordance with UN Security Council resolution 1244 (1999)) --input data/who_flu_data.csv --output_dir data/extracted_data
2026-01-10 11:23:19,523 - INFO - ✅ Extraction successful for Kosovo (in accordance with UN Security Council resolution 1244 (1999))
2026-01-10 11:23:19,524 - INFO - Running chronos inference: /home/david/miniconda3/bin/python src/scripts/chronos_inference.py --data_file data/extracted_data/Kosovo_(in_accordance_with_UN_Security_Council_resolution_1244_(1999))_ili.csv --country_name Kosovo (in accordance with UN Security Council resolution 1244 (1999)) --prediction_length 54 --plot --use_weather --use_future_weather --test_split 0
2026-01-10 11:23:23,334 - ERROR - ❌ Inference failed for Kosovo (in accordance with UN Security Council resolution 1244 (1999)): Traceback (most recent call last):
  File "/home/david/random_projects/mistral-vibe-test/tirex-test/src/scripts/data_loader.py", line 325, in load_time_series_with_weather
    weekly_weather, scaler = get_weather_for_country(
                             ^^^^^^^^^^^^^^^^^^^^^^^^
  File "/home/david/random_projects/mistral-vibe-test/tirex-test/src/scripts/weather_fetcher.py", line 687, in get_weather_for_country
    lat, lon = get_country_coordinates(country_name)
               ^^^^^^^^^^^^^^^^^^^^^^^^^^^^^^^^^^^^^
  File "/home/david/random_projects/mistral-vibe-test/tirex-test/src/scripts/weather_fetcher.py", line 115, in get_country_coordinates
    country_code = _normalize_country_name(country_name)
                   ^^^^^^^^^^^^^^^^^^^^^^^^^^^^^^^^^^^^^
  File "/home/david/random_projects/mistral-vibe-test/tirex-test/src/scripts/weather_fetcher.py", line 204, in _normalize_country_name
    raise ValueError(
ValueError: Could not match country name 'Kosovo (in accordance with UN Security Council resolution 1244 (1999))' to ISO code. Please use a standard country name or add to manual mapping.

During handling of the above exception, another exception occurred:

Traceback (most recent call last):
  File "/home/david/random_projects/mistral-vibe-test/tirex-test/src/scripts/chronos_inference.py", line 510, in <module>
    main()
  File "/home/david/random_projects/mistral-vibe-test/tirex-test/src/scripts/chronos_inference.py", line 149, in main
    data, dates, _, weather_covariates = load_time_series_with_weather(
                                         ^^^^^^^^^^^^^^^^^^^^^^^^^^^^^^
  File "/home/david/random_projects/mistral-vibe-test/tirex-test/src/scripts/data_loader.py", line 333, in load_time_series_with_weather
    raise ValueError(f"Failed to fetch weather data: {e}")
ValueError: Failed to fetch weather data: Could not match country name 'Kosovo (in accordance with UN Security Council resolution 1244 (1999))' to ISO code. Please use a standard country name or add to manual mapping.

2026-01-10 11:23:23,335 - INFO - 
📈 PROGRESS UPDATE
2026-01-10 11:23:23,335 - INFO -    Countries processed: 85/186
2026-01-10 11:23:23,335 - INFO -    Successful extractions: 82
2026-01-10 11:23:23,335 - INFO -    Failed extractions: 0
2026-01-10 11:23:23,335 - INFO -    Successful inferences: 42
2026-01-10 11:23:23,335 - INFO -    Failed inferences: 40
2026-01-10 11:23:23,335 - INFO -    Skipped countries: 3
2026-01-10 11:23:23,335 - INFO -    Average processing time: 3.0s per country
2026-01-10 11:23:23,335 - INFO - 
🚀 Processing Kuwait
2026-01-10 11:23:23,335 - INFO -    ILI cases: 194
2026-01-10 11:23:23,335 - INFO -    ARI cases: 0
2026-01-10 11:23:23,335 - INFO -    Data types: ILI
2026-01-10 11:23:23,335 - INFO - Running extraction: /home/david/miniconda3/bin/python enhanced_extract_country_data.py --country Kuwait --input data/who_flu_data.csv --output_dir data/extracted_data
2026-01-10 11:23:24,608 - INFO - ✅ Extraction successful for Kuwait
2026-01-10 11:23:24,608 - INFO - Running chronos inference: /home/david/miniconda3/bin/python src/scripts/chronos_inference.py --data_file data/extracted_data/Kuwait_ili.csv --country_name Kuwait --prediction_length 54 --plot --use_weather --use_future_weather --test_split 0
2026-01-10 11:23:28,645 - ERROR - ❌ Inference failed for Kuwait: Traceback (most recent call last):
  File "/home/david/random_projects/mistral-vibe-test/tirex-test/src/scripts/weather_fetcher.py", line 295, in fetch_weather_data
    response.raise_for_status()
  File "/home/david/miniconda3/lib/python3.12/site-packages/requests/models.py", line 1024, in raise_for_status
    raise HTTPError(http_error_msg, response=self)
requests.exceptions.HTTPError: 429 Client Error: Too Many Requests for url: https://archive-api.open-meteo.com/v1/archive?latitude=29.295&longitude=47.495000000000005&start_date=2016-09-25&end_date=2025-11-23&daily=temperature_2m_mean&daily=temperature_2m_max&daily=temperature_2m_min&daily=relative_humidity_2m_mean&daily=relative_humidity_2m_min&timezone=UTC

During handling of the above exception, another exception occurred:

Traceback (most recent call last):
  File "/home/david/random_projects/mistral-vibe-test/tirex-test/src/scripts/data_loader.py", line 325, in load_time_series_with_weather
    weekly_weather, scaler = get_weather_for_country(
                             ^^^^^^^^^^^^^^^^^^^^^^^^
  File "/home/david/random_projects/mistral-vibe-test/tirex-test/src/scripts/weather_fetcher.py", line 690, in get_weather_for_country
    daily_weather = fetch_weather_data(
                    ^^^^^^^^^^^^^^^^^^^
  File "/home/david/random_projects/mistral-vibe-test/tirex-test/src/scripts/weather_fetcher.py", line 50, in wrapper
    ret = func(*args, **kwargs)
          ^^^^^^^^^^^^^^^^^^^^^
  File "/home/david/random_projects/mistral-vibe-test/tirex-test/src/scripts/weather_fetcher.py", line 331, in fetch_weather_data
    raise RuntimeError(f"Failed to fetch weather data from API: {e}")
RuntimeError: Failed to fetch weather data from API: 429 Client Error: Too Many Requests for url: https://archive-api.open-meteo.com/v1/archive?latitude=29.295&longitude=47.495000000000005&start_date=2016-09-25&end_date=2025-11-23&daily=temperature_2m_mean&daily=temperature_2m_max&daily=temperature_2m_min&daily=relative_humidity_2m_mean&daily=relative_humidity_2m_min&timezone=UTC

During handling of the above exception, another exception occurred:

Traceback (most recent call last):
  File "/home/david/random_projects/mistral-vibe-test/tirex-test/src/scripts/chronos_inference.py", line 510, in <module>
    main()
  File "/home/david/random_projects/mistral-vibe-test/tirex-test/src/scripts/chronos_inference.py", line 149, in main
    data, dates, _, weather_covariates = load_time_series_with_weather(
                                         ^^^^^^^^^^^^^^^^^^^^^^^^^^^^^^
  File "/home/david/random_projects/mistral-vibe-test/tirex-test/src/scripts/data_loader.py", line 333, in load_time_series_with_weather
    raise ValueError(f"Failed to fetch weather data: {e}")
ValueError: Failed to fetch weather data: Failed to fetch weather data from API: 429 Client Error: Too Many Requests for url: https://archive-api.open-meteo.com/v1/archive?latitude=29.295&longitude=47.495000000000005&start_date=2016-09-25&end_date=2025-11-23&daily=temperature_2m_mean&daily=temperature_2m_max&daily=temperature_2m_min&daily=relative_humidity_2m_mean&daily=relative_humidity_2m_min&timezone=UTC

2026-01-10 11:23:28,645 - INFO - 
🚀 Processing Kyrgyzstan
2026-01-10 11:23:28,645 - INFO -    ILI cases: 18,071
2026-01-10 11:23:28,645 - INFO -    ARI cases: 5,613,842
2026-01-10 11:23:28,645 - INFO -    Data types: ARI, ILI
2026-01-10 11:23:28,645 - INFO - Running extraction: /home/david/miniconda3/bin/python enhanced_extract_country_data.py --country Kyrgyzstan --input data/who_flu_data.csv --output_dir data/extracted_data
2026-01-10 11:23:29,938 - INFO - ✅ Extraction successful for Kyrgyzstan
2026-01-10 11:23:29,938 - INFO - Running chronos inference: /home/david/miniconda3/bin/python src/scripts/chronos_inference.py --data_file data/extracted_data/Kyrgyzstan_ili.csv --country_name Kyrgyzstan --prediction_length 54 --plot --use_weather --use_future_weather --test_split 0
2026-01-10 11:23:33,927 - ERROR - ❌ Inference failed for Kyrgyzstan: Traceback (most recent call last):
  File "/home/david/random_projects/mistral-vibe-test/tirex-test/src/scripts/weather_fetcher.py", line 295, in fetch_weather_data
    response.raise_for_status()
  File "/home/david/miniconda3/lib/python3.12/site-packages/requests/models.py", line 1024, in raise_for_status
    raise HTTPError(http_error_msg, response=self)
requests.exceptions.HTTPError: 429 Client Error: Too Many Requests for url: https://archive-api.open-meteo.com/v1/archive?latitude=41.29&longitude=74.86&start_date=2009-07-12&end_date=2025-11-30&daily=temperature_2m_mean&daily=temperature_2m_max&daily=temperature_2m_min&daily=relative_humidity_2m_mean&daily=relative_humidity_2m_min&timezone=UTC

During handling of the above exception, another exception occurred:

Traceback (most recent call last):
  File "/home/david/random_projects/mistral-vibe-test/tirex-test/src/scripts/data_loader.py", line 325, in load_time_series_with_weather
    weekly_weather, scaler = get_weather_for_country(
                             ^^^^^^^^^^^^^^^^^^^^^^^^
  File "/home/david/random_projects/mistral-vibe-test/tirex-test/src/scripts/weather_fetcher.py", line 690, in get_weather_for_country
    daily_weather = fetch_weather_data(
                    ^^^^^^^^^^^^^^^^^^^
  File "/home/david/random_projects/mistral-vibe-test/tirex-test/src/scripts/weather_fetcher.py", line 50, in wrapper
    ret = func(*args, **kwargs)
          ^^^^^^^^^^^^^^^^^^^^^
  File "/home/david/random_projects/mistral-vibe-test/tirex-test/src/scripts/weather_fetcher.py", line 331, in fetch_weather_data
    raise RuntimeError(f"Failed to fetch weather data from API: {e}")
RuntimeError: Failed to fetch weather data from API: 429 Client Error: Too Many Requests for url: https://archive-api.open-meteo.com/v1/archive?latitude=41.29&longitude=74.86&start_date=2009-07-12&end_date=2025-11-30&daily=temperature_2m_mean&daily=temperature_2m_max&daily=temperature_2m_min&daily=relative_humidity_2m_mean&daily=relative_humidity_2m_min&timezone=UTC

During handling of the above exception, another exception occurred:

Traceback (most recent call last):
  File "/home/david/random_projects/mistral-vibe-test/tirex-test/src/scripts/chronos_inference.py", line 510, in <module>
    main()
  File "/home/david/random_projects/mistral-vibe-test/tirex-test/src/scripts/chronos_inference.py", line 149, in main
    data, dates, _, weather_covariates = load_time_series_with_weather(
                                         ^^^^^^^^^^^^^^^^^^^^^^^^^^^^^^
  File "/home/david/random_projects/mistral-vibe-test/tirex-test/src/scripts/data_loader.py", line 333, in load_time_series_with_weather
    raise ValueError(f"Failed to fetch weather data: {e}")
ValueError: Failed to fetch weather data: Failed to fetch weather data from API: 429 Client Error: Too Many Requests for url: https://archive-api.open-meteo.com/v1/archive?latitude=41.29&longitude=74.86&start_date=2009-07-12&end_date=2025-11-30&daily=temperature_2m_mean&daily=temperature_2m_max&daily=temperature_2m_min&daily=relative_humidity_2m_mean&daily=relative_humidity_2m_min&timezone=UTC

2026-01-10 11:23:33,927 - INFO - 
🚀 Processing Lao People's Democratic Republic
2026-01-10 11:23:33,927 - INFO -    ILI cases: 280,940
2026-01-10 11:23:33,927 - INFO -    ARI cases: 0
2026-01-10 11:23:33,927 - INFO -    Data types: ILI
2026-01-10 11:23:33,927 - INFO - Running extraction: /home/david/miniconda3/bin/python enhanced_extract_country_data.py --country Lao People's Democratic Republic --input data/who_flu_data.csv --output_dir data/extracted_data
2026-01-10 11:23:35,220 - INFO - ✅ Extraction successful for Lao People's Democratic Republic
2026-01-10 11:23:35,221 - INFO - Running chronos inference: /home/david/miniconda3/bin/python src/scripts/chronos_inference.py --data_file data/extracted_data/Lao_People's_Democratic_Republic_ili.csv --country_name Lao People's Democratic Republic --prediction_length 54 --plot --use_weather --use_future_weather --test_split 0
2026-01-10 11:23:39,188 - ERROR - ❌ Inference failed for Lao People's Democratic Republic: Traceback (most recent call last):
  File "/home/david/random_projects/mistral-vibe-test/tirex-test/src/scripts/weather_fetcher.py", line 295, in fetch_weather_data
    response.raise_for_status()
  File "/home/david/miniconda3/lib/python3.12/site-packages/requests/models.py", line 1024, in raise_for_status
    raise HTTPError(http_error_msg, response=self)
requests.exceptions.HTTPError: 429 Client Error: Too Many Requests for url: https://archive-api.open-meteo.com/v1/archive?latitude=18.17&longitude=103.84&start_date=2016-01-10&end_date=2025-12-14&daily=temperature_2m_mean&daily=temperature_2m_max&daily=temperature_2m_min&daily=relative_humidity_2m_mean&daily=relative_humidity_2m_min&timezone=UTC

During handling of the above exception, another exception occurred:

Traceback (most recent call last):
  File "/home/david/random_projects/mistral-vibe-test/tirex-test/src/scripts/data_loader.py", line 325, in load_time_series_with_weather
    weekly_weather, scaler = get_weather_for_country(
                             ^^^^^^^^^^^^^^^^^^^^^^^^
  File "/home/david/random_projects/mistral-vibe-test/tirex-test/src/scripts/weather_fetcher.py", line 690, in get_weather_for_country
    daily_weather = fetch_weather_data(
                    ^^^^^^^^^^^^^^^^^^^
  File "/home/david/random_projects/mistral-vibe-test/tirex-test/src/scripts/weather_fetcher.py", line 50, in wrapper
    ret = func(*args, **kwargs)
          ^^^^^^^^^^^^^^^^^^^^^
  File "/home/david/random_projects/mistral-vibe-test/tirex-test/src/scripts/weather_fetcher.py", line 331, in fetch_weather_data
    raise RuntimeError(f"Failed to fetch weather data from API: {e}")
RuntimeError: Failed to fetch weather data from API: 429 Client Error: Too Many Requests for url: https://archive-api.open-meteo.com/v1/archive?latitude=18.17&longitude=103.84&start_date=2016-01-10&end_date=2025-12-14&daily=temperature_2m_mean&daily=temperature_2m_max&daily=temperature_2m_min&daily=relative_humidity_2m_mean&daily=relative_humidity_2m_min&timezone=UTC

During handling of the above exception, another exception occurred:

Traceback (most recent call last):
  File "/home/david/random_projects/mistral-vibe-test/tirex-test/src/scripts/chronos_inference.py", line 510, in <module>
    main()
  File "/home/david/random_projects/mistral-vibe-test/tirex-test/src/scripts/chronos_inference.py", line 149, in main
    data, dates, _, weather_covariates = load_time_series_with_weather(
                                         ^^^^^^^^^^^^^^^^^^^^^^^^^^^^^^
  File "/home/david/random_projects/mistral-vibe-test/tirex-test/src/scripts/data_loader.py", line 333, in load_time_series_with_weather
    raise ValueError(f"Failed to fetch weather data: {e}")
ValueError: Failed to fetch weather data: Failed to fetch weather data from API: 429 Client Error: Too Many Requests for url: https://archive-api.open-meteo.com/v1/archive?latitude=18.17&longitude=103.84&start_date=2016-01-10&end_date=2025-12-14&daily=temperature_2m_mean&daily=temperature_2m_max&daily=temperature_2m_min&daily=relative_humidity_2m_mean&daily=relative_humidity_2m_min&timezone=UTC

2026-01-10 11:23:39,189 - INFO - 
🚀 Processing Latvia
2026-01-10 11:23:39,189 - INFO -    ILI cases: 70,208
2026-01-10 11:23:39,189 - INFO -    ARI cases: 1,149,835
2026-01-10 11:23:39,189 - INFO -    Data types: ARI, ILI
2026-01-10 11:23:39,189 - INFO - Running extraction: /home/david/miniconda3/bin/python enhanced_extract_country_data.py --country Latvia --input data/who_flu_data.csv --output_dir data/extracted_data
2026-01-10 11:23:40,468 - INFO - ✅ Extraction successful for Latvia
2026-01-10 11:23:40,468 - INFO - Running chronos inference: /home/david/miniconda3/bin/python src/scripts/chronos_inference.py --data_file data/extracted_data/Latvia_ili.csv --country_name Latvia --prediction_length 54 --plot --use_weather --use_future_weather --test_split 0
2026-01-10 11:23:44,421 - ERROR - ❌ Inference failed for Latvia: Traceback (most recent call last):
  File "/home/david/random_projects/mistral-vibe-test/tirex-test/src/scripts/weather_fetcher.py", line 295, in fetch_weather_data
    response.raise_for_status()
  File "/home/david/miniconda3/lib/python3.12/site-packages/requests/models.py", line 1024, in raise_for_status
    raise HTTPError(http_error_msg, response=self)
requests.exceptions.HTTPError: 429 Client Error: Too Many Requests for url: https://archive-api.open-meteo.com/v1/archive?latitude=56.795&longitude=24.619999999999997&start_date=2009-07-12&end_date=2025-11-30&daily=temperature_2m_mean&daily=temperature_2m_max&daily=temperature_2m_min&daily=relative_humidity_2m_mean&daily=relative_humidity_2m_min&timezone=UTC

During handling of the above exception, another exception occurred:

Traceback (most recent call last):
  File "/home/david/random_projects/mistral-vibe-test/tirex-test/src/scripts/data_loader.py", line 325, in load_time_series_with_weather
    weekly_weather, scaler = get_weather_for_country(
                             ^^^^^^^^^^^^^^^^^^^^^^^^
  File "/home/david/random_projects/mistral-vibe-test/tirex-test/src/scripts/weather_fetcher.py", line 690, in get_weather_for_country
    daily_weather = fetch_weather_data(
                    ^^^^^^^^^^^^^^^^^^^
  File "/home/david/random_projects/mistral-vibe-test/tirex-test/src/scripts/weather_fetcher.py", line 50, in wrapper
    ret = func(*args, **kwargs)
          ^^^^^^^^^^^^^^^^^^^^^
  File "/home/david/random_projects/mistral-vibe-test/tirex-test/src/scripts/weather_fetcher.py", line 331, in fetch_weather_data
    raise RuntimeError(f"Failed to fetch weather data from API: {e}")
RuntimeError: Failed to fetch weather data from API: 429 Client Error: Too Many Requests for url: https://archive-api.open-meteo.com/v1/archive?latitude=56.795&longitude=24.619999999999997&start_date=2009-07-12&end_date=2025-11-30&daily=temperature_2m_mean&daily=temperature_2m_max&daily=temperature_2m_min&daily=relative_humidity_2m_mean&daily=relative_humidity_2m_min&timezone=UTC

During handling of the above exception, another exception occurred:

Traceback (most recent call last):
  File "/home/david/random_projects/mistral-vibe-test/tirex-test/src/scripts/chronos_inference.py", line 510, in <module>
    main()
  File "/home/david/random_projects/mistral-vibe-test/tirex-test/src/scripts/chronos_inference.py", line 149, in main
    data, dates, _, weather_covariates = load_time_series_with_weather(
                                         ^^^^^^^^^^^^^^^^^^^^^^^^^^^^^^
  File "/home/david/random_projects/mistral-vibe-test/tirex-test/src/scripts/data_loader.py", line 333, in load_time_series_with_weather
    raise ValueError(f"Failed to fetch weather data: {e}")
ValueError: Failed to fetch weather data: Failed to fetch weather data from API: 429 Client Error: Too Many Requests for url: https://archive-api.open-meteo.com/v1/archive?latitude=56.795&longitude=24.619999999999997&start_date=2009-07-12&end_date=2025-11-30&daily=temperature_2m_mean&daily=temperature_2m_max&daily=temperature_2m_min&daily=relative_humidity_2m_mean&daily=relative_humidity_2m_min&timezone=UTC

2026-01-10 11:23:44,421 - INFO - 
🚀 Processing Lebanon
2026-01-10 11:23:44,421 - INFO -    ILI cases: 40,382
2026-01-10 11:23:44,421 - INFO -    ARI cases: 0
2026-01-10 11:23:44,421 - INFO -    Data types: ILI
2026-01-10 11:23:44,421 - INFO - Running extraction: /home/david/miniconda3/bin/python enhanced_extract_country_data.py --country Lebanon --input data/who_flu_data.csv --output_dir data/extracted_data
2026-01-10 11:23:45,696 - INFO - ✅ Extraction successful for Lebanon
2026-01-10 11:23:45,696 - INFO - Running chronos inference: /home/david/miniconda3/bin/python src/scripts/chronos_inference.py --data_file data/extracted_data/Lebanon_ili.csv --country_name Lebanon --prediction_length 54 --plot --use_weather --use_future_weather --test_split 0
2026-01-10 11:23:49,700 - ERROR - ❌ Inference failed for Lebanon: Traceback (most recent call last):
  File "/home/david/random_projects/mistral-vibe-test/tirex-test/src/scripts/weather_fetcher.py", line 295, in fetch_weather_data
    response.raise_for_status()
  File "/home/david/miniconda3/lib/python3.12/site-packages/requests/models.py", line 1024, in raise_for_status
    raise HTTPError(http_error_msg, response=self)
requests.exceptions.HTTPError: 429 Client Error: Too Many Requests for url: https://archive-api.open-meteo.com/v1/archive?latitude=33.865&longitude=35.870000000000005&start_date=2012-10-21&end_date=2025-11-23&daily=temperature_2m_mean&daily=temperature_2m_max&daily=temperature_2m_min&daily=relative_humidity_2m_mean&daily=relative_humidity_2m_min&timezone=UTC

During handling of the above exception, another exception occurred:

Traceback (most recent call last):
  File "/home/david/random_projects/mistral-vibe-test/tirex-test/src/scripts/data_loader.py", line 325, in load_time_series_with_weather
    weekly_weather, scaler = get_weather_for_country(
                             ^^^^^^^^^^^^^^^^^^^^^^^^
  File "/home/david/random_projects/mistral-vibe-test/tirex-test/src/scripts/weather_fetcher.py", line 690, in get_weather_for_country
    daily_weather = fetch_weather_data(
                    ^^^^^^^^^^^^^^^^^^^
  File "/home/david/random_projects/mistral-vibe-test/tirex-test/src/scripts/weather_fetcher.py", line 50, in wrapper
    ret = func(*args, **kwargs)
          ^^^^^^^^^^^^^^^^^^^^^
  File "/home/david/random_projects/mistral-vibe-test/tirex-test/src/scripts/weather_fetcher.py", line 331, in fetch_weather_data
    raise RuntimeError(f"Failed to fetch weather data from API: {e}")
RuntimeError: Failed to fetch weather data from API: 429 Client Error: Too Many Requests for url: https://archive-api.open-meteo.com/v1/archive?latitude=33.865&longitude=35.870000000000005&start_date=2012-10-21&end_date=2025-11-23&daily=temperature_2m_mean&daily=temperature_2m_max&daily=temperature_2m_min&daily=relative_humidity_2m_mean&daily=relative_humidity_2m_min&timezone=UTC

During handling of the above exception, another exception occurred:

Traceback (most recent call last):
  File "/home/david/random_projects/mistral-vibe-test/tirex-test/src/scripts/chronos_inference.py", line 510, in <module>
    main()
  File "/home/david/random_projects/mistral-vibe-test/tirex-test/src/scripts/chronos_inference.py", line 149, in main
    data, dates, _, weather_covariates = load_time_series_with_weather(
                                         ^^^^^^^^^^^^^^^^^^^^^^^^^^^^^^
  File "/home/david/random_projects/mistral-vibe-test/tirex-test/src/scripts/data_loader.py", line 333, in load_time_series_with_weather
    raise ValueError(f"Failed to fetch weather data: {e}")
ValueError: Failed to fetch weather data: Failed to fetch weather data from API: 429 Client Error: Too Many Requests for url: https://archive-api.open-meteo.com/v1/archive?latitude=33.865&longitude=35.870000000000005&start_date=2012-10-21&end_date=2025-11-23&daily=temperature_2m_mean&daily=temperature_2m_max&daily=temperature_2m_min&daily=relative_humidity_2m_mean&daily=relative_humidity_2m_min&timezone=UTC

2026-01-10 11:23:49,700 - INFO - 
📈 PROGRESS UPDATE
2026-01-10 11:23:49,700 - INFO -    Countries processed: 90/186
2026-01-10 11:23:49,700 - INFO -    Successful extractions: 87
2026-01-10 11:23:49,700 - INFO -    Failed extractions: 0
2026-01-10 11:23:49,700 - INFO -    Successful inferences: 42
2026-01-10 11:23:49,700 - INFO -    Failed inferences: 45
2026-01-10 11:23:49,700 - INFO -    Skipped countries: 3
2026-01-10 11:23:49,700 - INFO -    Average processing time: 3.0s per country
2026-01-10 11:23:49,700 - INFO - 🔮 Skipping Lesotho - no ILI or ARI data available
2026-01-10 11:23:49,700 - INFO - 
🚀 Processing Libya
2026-01-10 11:23:49,700 - INFO -    ILI cases: 3,070
2026-01-10 11:23:49,700 - INFO -    ARI cases: 0
2026-01-10 11:23:49,700 - INFO -    Data types: ILI
2026-01-10 11:23:49,701 - INFO - Running extraction: /home/david/miniconda3/bin/python enhanced_extract_country_data.py --country Libya --input data/who_flu_data.csv --output_dir data/extracted_data
2026-01-10 11:23:50,975 - INFO - ✅ Extraction successful for Libya
2026-01-10 11:23:50,975 - INFO - Running chronos inference: /home/david/miniconda3/bin/python src/scripts/chronos_inference.py --data_file data/extracted_data/Libya_ili.csv --country_name Libya --prediction_length 54 --plot --use_weather --use_future_weather --test_split 0
2026-01-10 11:23:54,882 - ERROR - ❌ Inference failed for Libya: Traceback (most recent call last):
  File "/home/david/random_projects/mistral-vibe-test/tirex-test/src/scripts/weather_fetcher.py", line 295, in fetch_weather_data
    response.raise_for_status()
  File "/home/david/miniconda3/lib/python3.12/site-packages/requests/models.py", line 1024, in raise_for_status
    raise HTTPError(http_error_msg, response=self)
requests.exceptions.HTTPError: 429 Client Error: Too Many Requests for url: https://archive-api.open-meteo.com/v1/archive?latitude=26.36&longitude=17.240000000000002&start_date=2022-02-13&end_date=2025-09-28&daily=temperature_2m_mean&daily=temperature_2m_max&daily=temperature_2m_min&daily=relative_humidity_2m_mean&daily=relative_humidity_2m_min&timezone=UTC

During handling of the above exception, another exception occurred:

Traceback (most recent call last):
  File "/home/david/random_projects/mistral-vibe-test/tirex-test/src/scripts/data_loader.py", line 325, in load_time_series_with_weather
    weekly_weather, scaler = get_weather_for_country(
                             ^^^^^^^^^^^^^^^^^^^^^^^^
  File "/home/david/random_projects/mistral-vibe-test/tirex-test/src/scripts/weather_fetcher.py", line 690, in get_weather_for_country
    daily_weather = fetch_weather_data(
                    ^^^^^^^^^^^^^^^^^^^
  File "/home/david/random_projects/mistral-vibe-test/tirex-test/src/scripts/weather_fetcher.py", line 50, in wrapper
    ret = func(*args, **kwargs)
          ^^^^^^^^^^^^^^^^^^^^^
  File "/home/david/random_projects/mistral-vibe-test/tirex-test/src/scripts/weather_fetcher.py", line 331, in fetch_weather_data
    raise RuntimeError(f"Failed to fetch weather data from API: {e}")
RuntimeError: Failed to fetch weather data from API: 429 Client Error: Too Many Requests for url: https://archive-api.open-meteo.com/v1/archive?latitude=26.36&longitude=17.240000000000002&start_date=2022-02-13&end_date=2025-09-28&daily=temperature_2m_mean&daily=temperature_2m_max&daily=temperature_2m_min&daily=relative_humidity_2m_mean&daily=relative_humidity_2m_min&timezone=UTC

During handling of the above exception, another exception occurred:

Traceback (most recent call last):
  File "/home/david/random_projects/mistral-vibe-test/tirex-test/src/scripts/chronos_inference.py", line 510, in <module>
    main()
  File "/home/david/random_projects/mistral-vibe-test/tirex-test/src/scripts/chronos_inference.py", line 149, in main
    data, dates, _, weather_covariates = load_time_series_with_weather(
                                         ^^^^^^^^^^^^^^^^^^^^^^^^^^^^^^
  File "/home/david/random_projects/mistral-vibe-test/tirex-test/src/scripts/data_loader.py", line 333, in load_time_series_with_weather
    raise ValueError(f"Failed to fetch weather data: {e}")
ValueError: Failed to fetch weather data: Failed to fetch weather data from API: 429 Client Error: Too Many Requests for url: https://archive-api.open-meteo.com/v1/archive?latitude=26.36&longitude=17.240000000000002&start_date=2022-02-13&end_date=2025-09-28&daily=temperature_2m_mean&daily=temperature_2m_max&daily=temperature_2m_min&daily=relative_humidity_2m_mean&daily=relative_humidity_2m_min&timezone=UTC

2026-01-10 11:23:54,882 - INFO - 
🚀 Processing Lithuania
2026-01-10 11:23:54,882 - INFO -    ILI cases: 1,107,980
2026-01-10 11:23:54,882 - INFO -    ARI cases: 24,668,713
2026-01-10 11:23:54,882 - INFO -    Data types: ARI, ILI
2026-01-10 11:23:54,882 - INFO - Running extraction: /home/david/miniconda3/bin/python enhanced_extract_country_data.py --country Lithuania --input data/who_flu_data.csv --output_dir data/extracted_data
2026-01-10 11:23:56,171 - INFO - ✅ Extraction successful for Lithuania
2026-01-10 11:23:56,171 - INFO - Running chronos inference: /home/david/miniconda3/bin/python src/scripts/chronos_inference.py --data_file data/extracted_data/Lithuania_ili.csv --country_name Lithuania --prediction_length 54 --plot --use_weather --use_future_weather --test_split 0
2026-01-10 11:24:00,179 - ERROR - ❌ Inference failed for Lithuania: Traceback (most recent call last):
  File "/home/david/random_projects/mistral-vibe-test/tirex-test/src/scripts/weather_fetcher.py", line 295, in fetch_weather_data
    response.raise_for_status()
  File "/home/david/miniconda3/lib/python3.12/site-packages/requests/models.py", line 1024, in raise_for_status
    raise HTTPError(http_error_msg, response=self)
requests.exceptions.HTTPError: 429 Client Error: Too Many Requests for url: https://archive-api.open-meteo.com/v1/archive?latitude=55.14&longitude=23.825&start_date=2009-07-12&end_date=2025-12-14&daily=temperature_2m_mean&daily=temperature_2m_max&daily=temperature_2m_min&daily=relative_humidity_2m_mean&daily=relative_humidity_2m_min&timezone=UTC

During handling of the above exception, another exception occurred:

Traceback (most recent call last):
  File "/home/david/random_projects/mistral-vibe-test/tirex-test/src/scripts/data_loader.py", line 325, in load_time_series_with_weather
    weekly_weather, scaler = get_weather_for_country(
                             ^^^^^^^^^^^^^^^^^^^^^^^^
  File "/home/david/random_projects/mistral-vibe-test/tirex-test/src/scripts/weather_fetcher.py", line 690, in get_weather_for_country
    daily_weather = fetch_weather_data(
                    ^^^^^^^^^^^^^^^^^^^
  File "/home/david/random_projects/mistral-vibe-test/tirex-test/src/scripts/weather_fetcher.py", line 50, in wrapper
    ret = func(*args, **kwargs)
          ^^^^^^^^^^^^^^^^^^^^^
  File "/home/david/random_projects/mistral-vibe-test/tirex-test/src/scripts/weather_fetcher.py", line 331, in fetch_weather_data
    raise RuntimeError(f"Failed to fetch weather data from API: {e}")
RuntimeError: Failed to fetch weather data from API: 429 Client Error: Too Many Requests for url: https://archive-api.open-meteo.com/v1/archive?latitude=55.14&longitude=23.825&start_date=2009-07-12&end_date=2025-12-14&daily=temperature_2m_mean&daily=temperature_2m_max&daily=temperature_2m_min&daily=relative_humidity_2m_mean&daily=relative_humidity_2m_min&timezone=UTC

During handling of the above exception, another exception occurred:

Traceback (most recent call last):
  File "/home/david/random_projects/mistral-vibe-test/tirex-test/src/scripts/chronos_inference.py", line 510, in <module>
    main()
  File "/home/david/random_projects/mistral-vibe-test/tirex-test/src/scripts/chronos_inference.py", line 149, in main
    data, dates, _, weather_covariates = load_time_series_with_weather(
                                         ^^^^^^^^^^^^^^^^^^^^^^^^^^^^^^
  File "/home/david/random_projects/mistral-vibe-test/tirex-test/src/scripts/data_loader.py", line 333, in load_time_series_with_weather
    raise ValueError(f"Failed to fetch weather data: {e}")
ValueError: Failed to fetch weather data: Failed to fetch weather data from API: 429 Client Error: Too Many Requests for url: https://archive-api.open-meteo.com/v1/archive?latitude=55.14&longitude=23.825&start_date=2009-07-12&end_date=2025-12-14&daily=temperature_2m_mean&daily=temperature_2m_max&daily=temperature_2m_min&daily=relative_humidity_2m_mean&daily=relative_humidity_2m_min&timezone=UTC

2026-01-10 11:24:00,180 - INFO - 
🚀 Processing Luxembourg
2026-01-10 11:24:00,180 - INFO -    ILI cases: 11,147
2026-01-10 11:24:00,180 - INFO -    ARI cases: 85,282
2026-01-10 11:24:00,180 - INFO -    Data types: ARI, ILI
2026-01-10 11:24:00,180 - INFO - Running extraction: /home/david/miniconda3/bin/python enhanced_extract_country_data.py --country Luxembourg --input data/who_flu_data.csv --output_dir data/extracted_data
2026-01-10 11:24:01,474 - INFO - ✅ Extraction successful for Luxembourg
2026-01-10 11:24:01,474 - INFO - Running chronos inference: /home/david/miniconda3/bin/python src/scripts/chronos_inference.py --data_file data/extracted_data/Luxembourg_ili.csv --country_name Luxembourg --prediction_length 54 --plot --use_weather --use_future_weather --test_split 0
2026-01-10 11:24:05,349 - ERROR - ❌ Inference failed for Luxembourg: Traceback (most recent call last):
  File "/home/david/random_projects/mistral-vibe-test/tirex-test/src/scripts/weather_fetcher.py", line 295, in fetch_weather_data
    response.raise_for_status()
  File "/home/david/miniconda3/lib/python3.12/site-packages/requests/models.py", line 1024, in raise_for_status
    raise HTTPError(http_error_msg, response=self)
requests.exceptions.HTTPError: 429 Client Error: Too Many Requests for url: https://archive-api.open-meteo.com/v1/archive?latitude=49.785&longitude=5.955&start_date=2009-07-12&end_date=2025-12-14&daily=temperature_2m_mean&daily=temperature_2m_max&daily=temperature_2m_min&daily=relative_humidity_2m_mean&daily=relative_humidity_2m_min&timezone=UTC

During handling of the above exception, another exception occurred:

Traceback (most recent call last):
  File "/home/david/random_projects/mistral-vibe-test/tirex-test/src/scripts/data_loader.py", line 325, in load_time_series_with_weather
    weekly_weather, scaler = get_weather_for_country(
                             ^^^^^^^^^^^^^^^^^^^^^^^^
  File "/home/david/random_projects/mistral-vibe-test/tirex-test/src/scripts/weather_fetcher.py", line 690, in get_weather_for_country
    daily_weather = fetch_weather_data(
                    ^^^^^^^^^^^^^^^^^^^
  File "/home/david/random_projects/mistral-vibe-test/tirex-test/src/scripts/weather_fetcher.py", line 50, in wrapper
    ret = func(*args, **kwargs)
          ^^^^^^^^^^^^^^^^^^^^^
  File "/home/david/random_projects/mistral-vibe-test/tirex-test/src/scripts/weather_fetcher.py", line 331, in fetch_weather_data
    raise RuntimeError(f"Failed to fetch weather data from API: {e}")
RuntimeError: Failed to fetch weather data from API: 429 Client Error: Too Many Requests for url: https://archive-api.open-meteo.com/v1/archive?latitude=49.785&longitude=5.955&start_date=2009-07-12&end_date=2025-12-14&daily=temperature_2m_mean&daily=temperature_2m_max&daily=temperature_2m_min&daily=relative_humidity_2m_mean&daily=relative_humidity_2m_min&timezone=UTC

During handling of the above exception, another exception occurred:

Traceback (most recent call last):
  File "/home/david/random_projects/mistral-vibe-test/tirex-test/src/scripts/chronos_inference.py", line 510, in <module>
    main()
  File "/home/david/random_projects/mistral-vibe-test/tirex-test/src/scripts/chronos_inference.py", line 149, in main
    data, dates, _, weather_covariates = load_time_series_with_weather(
                                         ^^^^^^^^^^^^^^^^^^^^^^^^^^^^^^
  File "/home/david/random_projects/mistral-vibe-test/tirex-test/src/scripts/data_loader.py", line 333, in load_time_series_with_weather
    raise ValueError(f"Failed to fetch weather data: {e}")
ValueError: Failed to fetch weather data: Failed to fetch weather data from API: 429 Client Error: Too Many Requests for url: https://archive-api.open-meteo.com/v1/archive?latitude=49.785&longitude=5.955&start_date=2009-07-12&end_date=2025-12-14&daily=temperature_2m_mean&daily=temperature_2m_max&daily=temperature_2m_min&daily=relative_humidity_2m_mean&daily=relative_humidity_2m_min&timezone=UTC

2026-01-10 11:24:05,349 - INFO - 
🚀 Processing Madagascar
2026-01-10 11:24:05,349 - INFO -    ILI cases: 81,581
2026-01-10 11:24:05,349 - INFO -    ARI cases: 0
2026-01-10 11:24:05,349 - INFO -    Data types: ILI
2026-01-10 11:24:05,350 - INFO - Running extraction: /home/david/miniconda3/bin/python enhanced_extract_country_data.py --country Madagascar --input data/who_flu_data.csv --output_dir data/extracted_data
2026-01-10 11:24:06,642 - INFO - ✅ Extraction successful for Madagascar
2026-01-10 11:24:06,642 - INFO - Running chronos inference: /home/david/miniconda3/bin/python src/scripts/chronos_inference.py --data_file data/extracted_data/Madagascar_ili.csv --country_name Madagascar --prediction_length 54 --plot --use_weather --use_future_weather --test_split 0
2026-01-10 11:24:10,620 - ERROR - ❌ Inference failed for Madagascar: Traceback (most recent call last):
  File "/home/david/random_projects/mistral-vibe-test/tirex-test/src/scripts/weather_fetcher.py", line 295, in fetch_weather_data
    response.raise_for_status()
  File "/home/david/miniconda3/lib/python3.12/site-packages/requests/models.py", line 1024, in raise_for_status
    raise HTTPError(http_error_msg, response=self)
requests.exceptions.HTTPError: 429 Client Error: Too Many Requests for url: https://archive-api.open-meteo.com/v1/archive?latitude=-18.82&longitude=46.864999999999995&start_date=2016-01-10&end_date=2025-11-16&daily=temperature_2m_mean&daily=temperature_2m_max&daily=temperature_2m_min&daily=relative_humidity_2m_mean&daily=relative_humidity_2m_min&timezone=UTC

During handling of the above exception, another exception occurred:

Traceback (most recent call last):
  File "/home/david/random_projects/mistral-vibe-test/tirex-test/src/scripts/data_loader.py", line 325, in load_time_series_with_weather
    weekly_weather, scaler = get_weather_for_country(
                             ^^^^^^^^^^^^^^^^^^^^^^^^
  File "/home/david/random_projects/mistral-vibe-test/tirex-test/src/scripts/weather_fetcher.py", line 690, in get_weather_for_country
    daily_weather = fetch_weather_data(
                    ^^^^^^^^^^^^^^^^^^^
  File "/home/david/random_projects/mistral-vibe-test/tirex-test/src/scripts/weather_fetcher.py", line 50, in wrapper
    ret = func(*args, **kwargs)
          ^^^^^^^^^^^^^^^^^^^^^
  File "/home/david/random_projects/mistral-vibe-test/tirex-test/src/scripts/weather_fetcher.py", line 331, in fetch_weather_data
    raise RuntimeError(f"Failed to fetch weather data from API: {e}")
RuntimeError: Failed to fetch weather data from API: 429 Client Error: Too Many Requests for url: https://archive-api.open-meteo.com/v1/archive?latitude=-18.82&longitude=46.864999999999995&start_date=2016-01-10&end_date=2025-11-16&daily=temperature_2m_mean&daily=temperature_2m_max&daily=temperature_2m_min&daily=relative_humidity_2m_mean&daily=relative_humidity_2m_min&timezone=UTC

During handling of the above exception, another exception occurred:

Traceback (most recent call last):
  File "/home/david/random_projects/mistral-vibe-test/tirex-test/src/scripts/chronos_inference.py", line 510, in <module>
    main()
  File "/home/david/random_projects/mistral-vibe-test/tirex-test/src/scripts/chronos_inference.py", line 149, in main
    data, dates, _, weather_covariates = load_time_series_with_weather(
                                         ^^^^^^^^^^^^^^^^^^^^^^^^^^^^^^
  File "/home/david/random_projects/mistral-vibe-test/tirex-test/src/scripts/data_loader.py", line 333, in load_time_series_with_weather
    raise ValueError(f"Failed to fetch weather data: {e}")
ValueError: Failed to fetch weather data: Failed to fetch weather data from API: 429 Client Error: Too Many Requests for url: https://archive-api.open-meteo.com/v1/archive?latitude=-18.82&longitude=46.864999999999995&start_date=2016-01-10&end_date=2025-11-16&daily=temperature_2m_mean&daily=temperature_2m_max&daily=temperature_2m_min&daily=relative_humidity_2m_mean&daily=relative_humidity_2m_min&timezone=UTC

2026-01-10 11:24:10,620 - INFO - 
📈 PROGRESS UPDATE
2026-01-10 11:24:10,620 - INFO -    Countries processed: 95/186
2026-01-10 11:24:10,620 - INFO -    Successful extractions: 91
2026-01-10 11:24:10,620 - INFO -    Failed extractions: 0
2026-01-10 11:24:10,620 - INFO -    Successful inferences: 42
2026-01-10 11:24:10,620 - INFO -    Failed inferences: 49
2026-01-10 11:24:10,620 - INFO -    Skipped countries: 4
2026-01-10 11:24:10,620 - INFO -    Average processing time: 3.0s per country
2026-01-10 11:24:10,620 - INFO - 
🚀 Processing Maldives
2026-01-10 11:24:10,621 - INFO -    ILI cases: 373,359
2026-01-10 11:24:10,621 - INFO -    ARI cases: 1,084,367
2026-01-10 11:24:10,621 - INFO -    Data types: ARI, ILI
2026-01-10 11:24:10,621 - INFO - Running extraction: /home/david/miniconda3/bin/python enhanced_extract_country_data.py --country Maldives --input data/who_flu_data.csv --output_dir data/extracted_data
2026-01-10 11:24:11,908 - INFO - ✅ Extraction successful for Maldives
2026-01-10 11:24:11,908 - INFO - Running chronos inference: /home/david/miniconda3/bin/python src/scripts/chronos_inference.py --data_file data/extracted_data/Maldives_ili.csv --country_name Maldives --prediction_length 54 --plot --use_weather --use_future_weather --test_split 0
2026-01-10 11:24:15,722 - ERROR - ❌ Inference failed for Maldives: Traceback (most recent call last):
  File "/home/david/random_projects/mistral-vibe-test/tirex-test/src/scripts/data_loader.py", line 325, in load_time_series_with_weather
    weekly_weather, scaler = get_weather_for_country(
                             ^^^^^^^^^^^^^^^^^^^^^^^^
  File "/home/david/random_projects/mistral-vibe-test/tirex-test/src/scripts/weather_fetcher.py", line 687, in get_weather_for_country
    lat, lon = get_country_coordinates(country_name)
               ^^^^^^^^^^^^^^^^^^^^^^^^^^^^^^^^^^^^^
  File "/home/david/random_projects/mistral-vibe-test/tirex-test/src/scripts/weather_fetcher.py", line 119, in get_country_coordinates
    raise ValueError(f"Country code '{country_code}' not found in bounding boxes")
ValueError: Country code 'MV' not found in bounding boxes

During handling of the above exception, another exception occurred:

Traceback (most recent call last):
  File "/home/david/random_projects/mistral-vibe-test/tirex-test/src/scripts/chronos_inference.py", line 510, in <module>
    main()
  File "/home/david/random_projects/mistral-vibe-test/tirex-test/src/scripts/chronos_inference.py", line 149, in main
    data, dates, _, weather_covariates = load_time_series_with_weather(
                                         ^^^^^^^^^^^^^^^^^^^^^^^^^^^^^^
  File "/home/david/random_projects/mistral-vibe-test/tirex-test/src/scripts/data_loader.py", line 333, in load_time_series_with_weather
    raise ValueError(f"Failed to fetch weather data: {e}")
ValueError: Failed to fetch weather data: Country code 'MV' not found in bounding boxes

2026-01-10 11:24:15,722 - INFO - 
🚀 Processing Mali
2026-01-10 11:24:15,722 - INFO -    ILI cases: 5,555
2026-01-10 11:24:15,722 - INFO -    ARI cases: 0
2026-01-10 11:24:15,722 - INFO -    Data types: ILI
2026-01-10 11:24:15,722 - INFO - Running extraction: /home/david/miniconda3/bin/python enhanced_extract_country_data.py --country Mali --input data/who_flu_data.csv --output_dir data/extracted_data
2026-01-10 11:24:17,001 - INFO - ✅ Extraction successful for Mali
2026-01-10 11:24:17,001 - INFO - Running chronos inference: /home/david/miniconda3/bin/python src/scripts/chronos_inference.py --data_file data/extracted_data/Mali_ili.csv --country_name Mali --prediction_length 54 --plot --use_weather --use_future_weather --test_split 0
2026-01-10 11:24:20,922 - ERROR - ❌ Inference failed for Mali: Traceback (most recent call last):
  File "/home/david/random_projects/mistral-vibe-test/tirex-test/src/scripts/weather_fetcher.py", line 295, in fetch_weather_data
    response.raise_for_status()
  File "/home/david/miniconda3/lib/python3.12/site-packages/requests/models.py", line 1024, in raise_for_status
    raise HTTPError(http_error_msg, response=self)
requests.exceptions.HTTPError: 429 Client Error: Too Many Requests for url: https://archive-api.open-meteo.com/v1/archive?latitude=17.535&longitude=-3.95&start_date=2017-01-08&end_date=2020-06-21&daily=temperature_2m_mean&daily=temperature_2m_max&daily=temperature_2m_min&daily=relative_humidity_2m_mean&daily=relative_humidity_2m_min&timezone=UTC

During handling of the above exception, another exception occurred:

Traceback (most recent call last):
  File "/home/david/random_projects/mistral-vibe-test/tirex-test/src/scripts/data_loader.py", line 325, in load_time_series_with_weather
    weekly_weather, scaler = get_weather_for_country(
                             ^^^^^^^^^^^^^^^^^^^^^^^^
  File "/home/david/random_projects/mistral-vibe-test/tirex-test/src/scripts/weather_fetcher.py", line 690, in get_weather_for_country
    daily_weather = fetch_weather_data(
                    ^^^^^^^^^^^^^^^^^^^
  File "/home/david/random_projects/mistral-vibe-test/tirex-test/src/scripts/weather_fetcher.py", line 50, in wrapper
    ret = func(*args, **kwargs)
          ^^^^^^^^^^^^^^^^^^^^^
  File "/home/david/random_projects/mistral-vibe-test/tirex-test/src/scripts/weather_fetcher.py", line 331, in fetch_weather_data
    raise RuntimeError(f"Failed to fetch weather data from API: {e}")
RuntimeError: Failed to fetch weather data from API: 429 Client Error: Too Many Requests for url: https://archive-api.open-meteo.com/v1/archive?latitude=17.535&longitude=-3.95&start_date=2017-01-08&end_date=2020-06-21&daily=temperature_2m_mean&daily=temperature_2m_max&daily=temperature_2m_min&daily=relative_humidity_2m_mean&daily=relative_humidity_2m_min&timezone=UTC

During handling of the above exception, another exception occurred:

Traceback (most recent call last):
  File "/home/david/random_projects/mistral-vibe-test/tirex-test/src/scripts/chronos_inference.py", line 510, in <module>
    main()
  File "/home/david/random_projects/mistral-vibe-test/tirex-test/src/scripts/chronos_inference.py", line 149, in main
    data, dates, _, weather_covariates = load_time_series_with_weather(
                                         ^^^^^^^^^^^^^^^^^^^^^^^^^^^^^^
  File "/home/david/random_projects/mistral-vibe-test/tirex-test/src/scripts/data_loader.py", line 333, in load_time_series_with_weather
    raise ValueError(f"Failed to fetch weather data: {e}")
ValueError: Failed to fetch weather data: Failed to fetch weather data from API: 429 Client Error: Too Many Requests for url: https://archive-api.open-meteo.com/v1/archive?latitude=17.535&longitude=-3.95&start_date=2017-01-08&end_date=2020-06-21&daily=temperature_2m_mean&daily=temperature_2m_max&daily=temperature_2m_min&daily=relative_humidity_2m_mean&daily=relative_humidity_2m_min&timezone=UTC

2026-01-10 11:24:20,923 - INFO - 
🚀 Processing Malta
2026-01-10 11:24:20,923 - INFO -    ILI cases: 46,711
2026-01-10 11:24:20,923 - INFO -    ARI cases: 0
2026-01-10 11:24:20,923 - INFO -    Data types: ARI, ILI
2026-01-10 11:24:20,923 - INFO - Running extraction: /home/david/miniconda3/bin/python enhanced_extract_country_data.py --country Malta --input data/who_flu_data.csv --output_dir data/extracted_data
2026-01-10 11:24:22,208 - INFO - ✅ Extraction successful for Malta
2026-01-10 11:24:22,209 - INFO - Running chronos inference: /home/david/miniconda3/bin/python src/scripts/chronos_inference.py --data_file data/extracted_data/Malta_ili.csv --country_name Malta --prediction_length 54 --plot --use_weather --use_future_weather --test_split 0
2026-01-10 11:24:25,995 - ERROR - ❌ Inference failed for Malta: Traceback (most recent call last):
  File "/home/david/random_projects/mistral-vibe-test/tirex-test/src/scripts/data_loader.py", line 325, in load_time_series_with_weather
    weekly_weather, scaler = get_weather_for_country(
                             ^^^^^^^^^^^^^^^^^^^^^^^^
  File "/home/david/random_projects/mistral-vibe-test/tirex-test/src/scripts/weather_fetcher.py", line 687, in get_weather_for_country
    lat, lon = get_country_coordinates(country_name)
               ^^^^^^^^^^^^^^^^^^^^^^^^^^^^^^^^^^^^^
  File "/home/david/random_projects/mistral-vibe-test/tirex-test/src/scripts/weather_fetcher.py", line 119, in get_country_coordinates
    raise ValueError(f"Country code '{country_code}' not found in bounding boxes")
ValueError: Country code 'MT' not found in bounding boxes

During handling of the above exception, another exception occurred:

Traceback (most recent call last):
  File "/home/david/random_projects/mistral-vibe-test/tirex-test/src/scripts/chronos_inference.py", line 510, in <module>
    main()
  File "/home/david/random_projects/mistral-vibe-test/tirex-test/src/scripts/chronos_inference.py", line 149, in main
    data, dates, _, weather_covariates = load_time_series_with_weather(
                                         ^^^^^^^^^^^^^^^^^^^^^^^^^^^^^^
  File "/home/david/random_projects/mistral-vibe-test/tirex-test/src/scripts/data_loader.py", line 333, in load_time_series_with_weather
    raise ValueError(f"Failed to fetch weather data: {e}")
ValueError: Failed to fetch weather data: Country code 'MT' not found in bounding boxes

2026-01-10 11:24:25,995 - INFO - 
🚀 Processing Marshall Islands
2026-01-10 11:24:25,995 - INFO -    ILI cases: 16,111
2026-01-10 11:24:25,995 - INFO -    ARI cases: 0
2026-01-10 11:24:25,995 - INFO -    Data types: ILI
2026-01-10 11:24:25,995 - INFO - Running extraction: /home/david/miniconda3/bin/python enhanced_extract_country_data.py --country Marshall Islands --input data/who_flu_data.csv --output_dir data/extracted_data
2026-01-10 11:24:27,281 - INFO - ✅ Extraction successful for Marshall Islands
2026-01-10 11:24:27,281 - INFO - Running chronos inference: /home/david/miniconda3/bin/python src/scripts/chronos_inference.py --data_file data/extracted_data/Marshall_Islands_ili.csv --country_name Marshall Islands --prediction_length 54 --plot --use_weather --use_future_weather --test_split 0
2026-01-10 11:24:31,083 - ERROR - ❌ Inference failed for Marshall Islands: Traceback (most recent call last):
  File "/home/david/random_projects/mistral-vibe-test/tirex-test/src/scripts/data_loader.py", line 325, in load_time_series_with_weather
    weekly_weather, scaler = get_weather_for_country(
                             ^^^^^^^^^^^^^^^^^^^^^^^^
  File "/home/david/random_projects/mistral-vibe-test/tirex-test/src/scripts/weather_fetcher.py", line 687, in get_weather_for_country
    lat, lon = get_country_coordinates(country_name)
               ^^^^^^^^^^^^^^^^^^^^^^^^^^^^^^^^^^^^^
  File "/home/david/random_projects/mistral-vibe-test/tirex-test/src/scripts/weather_fetcher.py", line 119, in get_country_coordinates
    raise ValueError(f"Country code '{country_code}' not found in bounding boxes")
ValueError: Country code 'MH' not found in bounding boxes

During handling of the above exception, another exception occurred:

Traceback (most recent call last):
  File "/home/david/random_projects/mistral-vibe-test/tirex-test/src/scripts/chronos_inference.py", line 510, in <module>
    main()
  File "/home/david/random_projects/mistral-vibe-test/tirex-test/src/scripts/chronos_inference.py", line 149, in main
    data, dates, _, weather_covariates = load_time_series_with_weather(
                                         ^^^^^^^^^^^^^^^^^^^^^^^^^^^^^^
  File "/home/david/random_projects/mistral-vibe-test/tirex-test/src/scripts/data_loader.py", line 333, in load_time_series_with_weather
    raise ValueError(f"Failed to fetch weather data: {e}")
ValueError: Failed to fetch weather data: Country code 'MH' not found in bounding boxes

2026-01-10 11:24:31,083 - INFO - 
🚀 Processing Mauritania
2026-01-10 11:24:31,083 - INFO -    ILI cases: 400
2026-01-10 11:24:31,083 - INFO -    ARI cases: 0
2026-01-10 11:24:31,083 - INFO -    Data types: ILI
2026-01-10 11:24:31,083 - INFO - Running extraction: /home/david/miniconda3/bin/python enhanced_extract_country_data.py --country Mauritania --input data/who_flu_data.csv --output_dir data/extracted_data
2026-01-10 11:24:32,392 - INFO - ✅ Extraction successful for Mauritania
2026-01-10 11:24:32,392 - INFO - Running chronos inference: /home/david/miniconda3/bin/python src/scripts/chronos_inference.py --data_file data/extracted_data/Mauritania_ili.csv --country_name Mauritania --prediction_length 54 --plot --use_weather --use_future_weather --test_split 0
2026-01-10 11:24:36,354 - ERROR - ❌ Inference failed for Mauritania: Traceback (most recent call last):
  File "/home/david/random_projects/mistral-vibe-test/tirex-test/src/scripts/weather_fetcher.py", line 295, in fetch_weather_data
    response.raise_for_status()
  File "/home/david/miniconda3/lib/python3.12/site-packages/requests/models.py", line 1024, in raise_for_status
    raise HTTPError(http_error_msg, response=self)
requests.exceptions.HTTPError: 429 Client Error: Too Many Requests for url: https://archive-api.open-meteo.com/v1/archive?latitude=21.009999999999998&longitude=-10.989999999999998&start_date=2019-01-06&end_date=2019-09-29&daily=temperature_2m_mean&daily=temperature_2m_max&daily=temperature_2m_min&daily=relative_humidity_2m_mean&daily=relative_humidity_2m_min&timezone=UTC

During handling of the above exception, another exception occurred:

Traceback (most recent call last):
  File "/home/david/random_projects/mistral-vibe-test/tirex-test/src/scripts/data_loader.py", line 325, in load_time_series_with_weather
    weekly_weather, scaler = get_weather_for_country(
                             ^^^^^^^^^^^^^^^^^^^^^^^^
  File "/home/david/random_projects/mistral-vibe-test/tirex-test/src/scripts/weather_fetcher.py", line 690, in get_weather_for_country
    daily_weather = fetch_weather_data(
                    ^^^^^^^^^^^^^^^^^^^
  File "/home/david/random_projects/mistral-vibe-test/tirex-test/src/scripts/weather_fetcher.py", line 50, in wrapper
    ret = func(*args, **kwargs)
          ^^^^^^^^^^^^^^^^^^^^^
  File "/home/david/random_projects/mistral-vibe-test/tirex-test/src/scripts/weather_fetcher.py", line 331, in fetch_weather_data
    raise RuntimeError(f"Failed to fetch weather data from API: {e}")
RuntimeError: Failed to fetch weather data from API: 429 Client Error: Too Many Requests for url: https://archive-api.open-meteo.com/v1/archive?latitude=21.009999999999998&longitude=-10.989999999999998&start_date=2019-01-06&end_date=2019-09-29&daily=temperature_2m_mean&daily=temperature_2m_max&daily=temperature_2m_min&daily=relative_humidity_2m_mean&daily=relative_humidity_2m_min&timezone=UTC

During handling of the above exception, another exception occurred:

Traceback (most recent call last):
  File "/home/david/random_projects/mistral-vibe-test/tirex-test/src/scripts/chronos_inference.py", line 510, in <module>
    main()
  File "/home/david/random_projects/mistral-vibe-test/tirex-test/src/scripts/chronos_inference.py", line 149, in main
    data, dates, _, weather_covariates = load_time_series_with_weather(
                                         ^^^^^^^^^^^^^^^^^^^^^^^^^^^^^^
  File "/home/david/random_projects/mistral-vibe-test/tirex-test/src/scripts/data_loader.py", line 333, in load_time_series_with_weather
    raise ValueError(f"Failed to fetch weather data: {e}")
ValueError: Failed to fetch weather data: Failed to fetch weather data from API: 429 Client Error: Too Many Requests for url: https://archive-api.open-meteo.com/v1/archive?latitude=21.009999999999998&longitude=-10.989999999999998&start_date=2019-01-06&end_date=2019-09-29&daily=temperature_2m_mean&daily=temperature_2m_max&daily=temperature_2m_min&daily=relative_humidity_2m_mean&daily=relative_humidity_2m_min&timezone=UTC

2026-01-10 11:24:36,354 - INFO - 
📈 PROGRESS UPDATE
2026-01-10 11:24:36,354 - INFO -    Countries processed: 100/186
2026-01-10 11:24:36,354 - INFO -    Successful extractions: 96
2026-01-10 11:24:36,355 - INFO -    Failed extractions: 0
2026-01-10 11:24:36,355 - INFO -    Successful inferences: 42
2026-01-10 11:24:36,355 - INFO -    Failed inferences: 54
2026-01-10 11:24:36,355 - INFO -    Skipped countries: 4
2026-01-10 11:24:36,355 - INFO -    Average processing time: 2.9s per country
2026-01-10 11:24:36,355 - INFO - 
🚀 Processing Mauritius
2026-01-10 11:24:36,355 - INFO -    ILI cases: 560
2026-01-10 11:24:36,355 - INFO -    ARI cases: 2,042,612
2026-01-10 11:24:36,355 - INFO -    Data types: ARI, ILI
2026-01-10 11:24:36,355 - INFO - Running extraction: /home/david/miniconda3/bin/python enhanced_extract_country_data.py --country Mauritius --input data/who_flu_data.csv --output_dir data/extracted_data
2026-01-10 11:24:37,652 - INFO - ✅ Extraction successful for Mauritius
2026-01-10 11:24:37,652 - INFO - Running chronos inference: /home/david/miniconda3/bin/python src/scripts/chronos_inference.py --data_file data/extracted_data/Mauritius_ili.csv --country_name Mauritius --prediction_length 54 --plot --use_weather --use_future_weather --test_split 0
2026-01-10 11:24:39,052 - WARNING - 🛑 Processing interrupted by user
2026-01-10 11:24:39,052 - INFO - 
🎉 BATCH PROCESSING COMPLETE
2026-01-10 11:24:39,052 - INFO - ============================================================
2026-01-10 11:24:39,052 - INFO - 📊 SUMMARY STATISTICS:
2026-01-10 11:24:39,052 - INFO -    Total countries in dataset: 186
2026-01-10 11:24:39,052 - INFO -    Countries processed: 97
2026-01-10 11:24:39,052 - INFO -    Countries skipped (no data): 4
2026-01-10 11:24:39,052 - INFO -    Successful extractions: 97
2026-01-10 11:24:39,052 - INFO -    Failed extractions: 0
2026-01-10 11:24:39,052 - INFO -    Successful inferences: 42
2026-01-10 11:24:39,052 - INFO -    Failed inferences: 54
2026-01-10 11:24:39,052 - INFO -    Overall success rate: 23.1%
2026-01-10 11:24:39,052 - INFO -    Total processing time: 569.1 seconds (0.16 hours)
2026-01-10 11:24:39,052 - INFO -    Average time per country: 2.9 seconds
2026-01-10 11:24:39,052 - INFO -    Estimated time for remaining countries: 4.2 minutes
2026-01-10 11:24:39,052 - INFO - ============================================================
2026-01-10 11:24:39,052 - INFO - 📁 RESULTS SAVED TO: results/country_predictions
2026-01-10 11:24:39,052 - INFO - 📁 EXTRACTED DATA IN: data/extracted_data
2026-01-10 11:24:39,052 - INFO - 📄 DETAILED LOG: country_inference_batch.log
2026-01-10 11:30:40,568 - INFO - Loaded country summary with 186 countries
2026-01-10 11:30:40,568 - INFO - 🧪 Running test with 3 sample countries...
2026-01-10 11:30:40,568 - INFO - 🌍 Starting batch processing of countries...
2026-01-10 11:30:40,568 - INFO - 📊 Total countries to process: 3
2026-01-10 11:30:40,568 - INFO - 
🚀 Processing Afghanistan
2026-01-10 11:30:40,568 - INFO -    ILI cases: 1,517,440
2026-01-10 11:30:40,568 - INFO -    ARI cases: 0
2026-01-10 11:30:40,568 - INFO -    Data types: ILI
2026-01-10 11:30:40,568 - INFO - Running extraction: /home/david/miniconda3/bin/python enhanced_extract_country_data.py --country Afghanistan --input data/who_flu_data.csv --output_dir data/extracted_data
2026-01-10 11:30:41,837 - INFO - ✅ Extraction successful for Afghanistan
2026-01-10 11:30:41,837 - ERROR - ❌ Inference error for Afghanistan: name 'args' is not defined
2026-01-10 11:30:41,837 - INFO - 
🚀 Processing Albania
2026-01-10 11:30:41,837 - INFO -    ILI cases: 10,008
2026-01-10 11:30:41,837 - INFO -    ARI cases: 16,503,801
2026-01-10 11:30:41,837 - INFO -    Data types: ARI, ILI
2026-01-10 11:30:41,837 - INFO - Running extraction: /home/david/miniconda3/bin/python enhanced_extract_country_data.py --country Albania --input data/who_flu_data.csv --output_dir data/extracted_data
2026-01-10 11:30:43,144 - INFO - ✅ Extraction successful for Albania
2026-01-10 11:30:43,144 - ERROR - ❌ Inference error for Albania: name 'args' is not defined
2026-01-10 11:30:43,144 - INFO - 
🚀 Processing Algeria
2026-01-10 11:30:43,144 - INFO -    ILI cases: 72,349
2026-01-10 11:30:43,144 - INFO -    ARI cases: 0
2026-01-10 11:30:43,144 - INFO -    Data types: ILI
2026-01-10 11:30:43,144 - INFO - Running extraction: /home/david/miniconda3/bin/python enhanced_extract_country_data.py --country Algeria --input data/who_flu_data.csv --output_dir data/extracted_data
2026-01-10 11:30:44,456 - INFO - ✅ Extraction successful for Algeria
2026-01-10 11:30:44,457 - ERROR - ❌ Inference error for Algeria: name 'args' is not defined
2026-01-10 11:30:44,457 - INFO - 
🎉 BATCH PROCESSING COMPLETE
2026-01-10 11:30:44,457 - INFO - ============================================================
2026-01-10 11:30:44,457 - INFO - 📊 SUMMARY STATISTICS:
2026-01-10 11:30:44,457 - INFO -    Total countries in dataset: 186
2026-01-10 11:30:44,457 - INFO -    Countries processed: 3
2026-01-10 11:30:44,457 - INFO -    Countries skipped (no data): 0
2026-01-10 11:30:44,457 - INFO -    Successful extractions: 3
2026-01-10 11:30:44,457 - INFO -    Failed extractions: 0
2026-01-10 11:30:44,457 - INFO -    Successful inferences: 0
2026-01-10 11:30:44,457 - INFO -    Failed inferences: 3
2026-01-10 11:30:44,457 - INFO -    Overall success rate: 0.0%
2026-01-10 11:30:44,457 - INFO -    Total processing time: 3.9 seconds (0.00 hours)
2026-01-10 11:30:44,457 - INFO -    Average time per country: 1.3 seconds
2026-01-10 11:30:44,457 - INFO -    Estimated time for remaining countries: 4.0 minutes
2026-01-10 11:30:44,457 - INFO - ============================================================
2026-01-10 11:30:44,457 - INFO - 📁 RESULTS SAVED TO: results/country_predictions
2026-01-10 11:30:44,457 - INFO - 📁 EXTRACTED DATA IN: data/extracted_data
2026-01-10 11:30:44,457 - INFO - 📄 DETAILED LOG: country_inference_batch.log
2026-01-10 11:30:56,427 - INFO - Loaded country summary with 186 countries
2026-01-10 11:30:56,427 - INFO - 🧪 Running test with 3 sample countries...
2026-01-10 11:30:56,427 - INFO - 🌍 Starting batch processing of countries...
2026-01-10 11:30:56,427 - INFO - 📊 Total countries to process: 3
2026-01-10 11:30:56,427 - INFO - 
🚀 Processing Afghanistan
2026-01-10 11:30:56,427 - INFO -    ILI cases: 1,517,440
2026-01-10 11:30:56,427 - INFO -    ARI cases: 0
2026-01-10 11:30:56,427 - INFO -    Data types: ILI
2026-01-10 11:30:56,427 - INFO - Running extraction: /home/david/miniconda3/bin/python enhanced_extract_country_data.py --country Afghanistan --input data/who_flu_data.csv --output_dir data/extracted_data
2026-01-10 11:30:57,709 - INFO - ✅ Extraction successful for Afghanistan
2026-01-10 11:30:57,709 - INFO - Running chronos inference: /home/david/miniconda3/bin/python src/scripts/chronos_inference.py --data_file data/extracted_data/Afghanistan_ili.csv --country_name Afghanistan --prediction_length 54 --plot --test_split 0
2026-01-10 11:31:02,556 - INFO - ✅ Inference successful for Afghanistan
2026-01-10 11:31:02,556 - INFO - 
🚀 Processing Albania
2026-01-10 11:31:02,556 - INFO -    ILI cases: 10,008
2026-01-10 11:31:02,556 - INFO -    ARI cases: 16,503,801
2026-01-10 11:31:02,556 - INFO -    Data types: ARI, ILI
2026-01-10 11:31:02,556 - INFO - Running extraction: /home/david/miniconda3/bin/python enhanced_extract_country_data.py --country Albania --input data/who_flu_data.csv --output_dir data/extracted_data
2026-01-10 11:31:03,861 - INFO - ✅ Extraction successful for Albania
2026-01-10 11:31:03,861 - INFO - Running chronos inference: /home/david/miniconda3/bin/python src/scripts/chronos_inference.py --data_file data/extracted_data/Albania_ili.csv --country_name Albania --prediction_length 54 --plot --test_split 0
2026-01-10 11:31:08,710 - INFO - ✅ Inference successful for Albania
2026-01-10 11:31:08,711 - INFO - 
🚀 Processing Algeria
2026-01-10 11:31:08,711 - INFO -    ILI cases: 72,349
2026-01-10 11:31:08,711 - INFO -    ARI cases: 0
2026-01-10 11:31:08,711 - INFO -    Data types: ILI
2026-01-10 11:31:08,711 - INFO - Running extraction: /home/david/miniconda3/bin/python enhanced_extract_country_data.py --country Algeria --input data/who_flu_data.csv --output_dir data/extracted_data
2026-01-10 11:31:10,025 - INFO - ✅ Extraction successful for Algeria
2026-01-10 11:31:10,025 - INFO - Running chronos inference: /home/david/miniconda3/bin/python src/scripts/chronos_inference.py --data_file data/extracted_data/Algeria_ili.csv --country_name Algeria --prediction_length 54 --plot --test_split 0
2026-01-10 11:31:14,804 - INFO - ✅ Inference successful for Algeria
2026-01-10 11:31:14,804 - INFO - 
🎉 BATCH PROCESSING COMPLETE
2026-01-10 11:31:14,804 - INFO - ============================================================
2026-01-10 11:31:14,804 - INFO - 📊 SUMMARY STATISTICS:
2026-01-10 11:31:14,805 - INFO -    Total countries in dataset: 186
2026-01-10 11:31:14,805 - INFO -    Countries processed: 3
2026-01-10 11:31:14,805 - INFO -    Countries skipped (no data): 0
2026-01-10 11:31:14,805 - INFO -    Successful extractions: 3
2026-01-10 11:31:14,805 - INFO -    Failed extractions: 0
2026-01-10 11:31:14,805 - INFO -    Successful inferences: 3
2026-01-10 11:31:14,805 - INFO -    Failed inferences: 0
2026-01-10 11:31:14,805 - INFO -    Overall success rate: 1.6%
2026-01-10 11:31:14,805 - INFO -    Total processing time: 18.4 seconds (0.01 hours)
2026-01-10 11:31:14,805 - INFO -    Average time per country: 3.1 seconds
2026-01-10 11:31:14,805 - INFO -    Estimated time for remaining countries: 9.3 minutes
2026-01-10 11:31:14,805 - INFO - ============================================================
2026-01-10 11:31:14,805 - INFO - 📁 RESULTS SAVED TO: results/country_predictions
2026-01-10 11:31:14,805 - INFO - 📁 EXTRACTED DATA IN: data/extracted_data
2026-01-10 11:31:14,805 - INFO - 📄 DETAILED LOG: country_inference_batch.log
2026-01-10 11:32:31,153 - INFO - Loaded country summary with 186 countries
2026-01-10 11:32:31,153 - INFO - 🌍 Starting batch processing of countries...
2026-01-10 11:32:31,154 - INFO - 📊 Total countries to process: 186
2026-01-10 11:32:31,154 - INFO - 
🚀 Processing Afghanistan
2026-01-10 11:32:31,154 - INFO -    ILI cases: 1,517,440
2026-01-10 11:32:31,154 - INFO -    ARI cases: 0
2026-01-10 11:32:31,154 - INFO -    Data types: ILI
2026-01-10 11:32:31,154 - INFO - Running extraction: /home/david/miniconda3/bin/python enhanced_extract_country_data.py --country Afghanistan --input data/who_flu_data.csv --output_dir data/extracted_data
2026-01-10 11:32:32,395 - INFO - ✅ Extraction successful for Afghanistan
2026-01-10 11:32:32,395 - INFO - Running chronos inference: /home/david/miniconda3/bin/python src/scripts/chronos_inference.py --data_file data/extracted_data/Afghanistan_ili.csv --country_name Afghanistan --prediction_length 54 --plot --test_split 0
2026-01-10 11:32:37,216 - INFO - ✅ Inference successful for Afghanistan
2026-01-10 11:32:37,216 - INFO - 
🚀 Processing Albania
2026-01-10 11:32:37,216 - INFO -    ILI cases: 10,008
2026-01-10 11:32:37,216 - INFO -    ARI cases: 16,503,801
2026-01-10 11:32:37,216 - INFO -    Data types: ARI, ILI
2026-01-10 11:32:37,216 - INFO - Running extraction: /home/david/miniconda3/bin/python enhanced_extract_country_data.py --country Albania --input data/who_flu_data.csv --output_dir data/extracted_data
2026-01-10 11:32:38,489 - INFO - ✅ Extraction successful for Albania
2026-01-10 11:32:38,489 - INFO - Running chronos inference: /home/david/miniconda3/bin/python src/scripts/chronos_inference.py --data_file data/extracted_data/Albania_ili.csv --country_name Albania --prediction_length 54 --plot --test_split 0
2026-01-10 11:32:43,272 - INFO - ✅ Inference successful for Albania
2026-01-10 11:32:43,272 - INFO - 
🚀 Processing Algeria
2026-01-10 11:32:43,272 - INFO -    ILI cases: 72,349
2026-01-10 11:32:43,273 - INFO -    ARI cases: 0
2026-01-10 11:32:43,273 - INFO -    Data types: ILI
2026-01-10 11:32:43,273 - INFO - Running extraction: /home/david/miniconda3/bin/python enhanced_extract_country_data.py --country Algeria --input data/who_flu_data.csv --output_dir data/extracted_data
2026-01-10 11:32:44,550 - INFO - ✅ Extraction successful for Algeria
2026-01-10 11:32:44,550 - INFO - Running chronos inference: /home/david/miniconda3/bin/python src/scripts/chronos_inference.py --data_file data/extracted_data/Algeria_ili.csv --country_name Algeria --prediction_length 54 --plot --test_split 0
2026-01-10 11:32:49,378 - INFO - ✅ Inference successful for Algeria
2026-01-10 11:32:49,379 - INFO - 
🚀 Processing American Samoa
2026-01-10 11:32:49,379 - INFO -    ILI cases: 23,645
2026-01-10 11:32:49,379 - INFO -    ARI cases: 0
2026-01-10 11:32:49,379 - INFO -    Data types: ILI
2026-01-10 11:32:49,379 - INFO - Running extraction: /home/david/miniconda3/bin/python enhanced_extract_country_data.py --country American Samoa --input data/who_flu_data.csv --output_dir data/extracted_data
2026-01-10 11:32:50,657 - INFO - ✅ Extraction successful for American Samoa
2026-01-10 11:32:50,657 - INFO - Running chronos inference: /home/david/miniconda3/bin/python src/scripts/chronos_inference.py --data_file data/extracted_data/American_Samoa_ili.csv --country_name American Samoa --prediction_length 54 --plot --test_split 0
2026-01-10 11:32:55,447 - INFO - ✅ Inference successful for American Samoa
2026-01-10 11:32:55,448 - INFO - 
🚀 Processing Anguilla
2026-01-10 11:32:55,448 - INFO -    ILI cases: 815
2026-01-10 11:32:55,448 - INFO -    ARI cases: 0
2026-01-10 11:32:55,448 - INFO -    Data types: ILI
2026-01-10 11:32:55,448 - INFO - Running extraction: /home/david/miniconda3/bin/python enhanced_extract_country_data.py --country Anguilla --input data/who_flu_data.csv --output_dir data/extracted_data
2026-01-10 11:32:56,665 - WARNING - 🛑 Processing interrupted by user
2026-01-10 11:32:56,665 - INFO - 
🎉 BATCH PROCESSING COMPLETE
2026-01-10 11:32:56,665 - INFO - ============================================================
2026-01-10 11:32:56,665 - INFO - 📊 SUMMARY STATISTICS:
2026-01-10 11:32:56,665 - INFO -    Total countries in dataset: 186
2026-01-10 11:32:56,665 - INFO -    Countries processed: 4
2026-01-10 11:32:56,665 - INFO -    Countries skipped (no data): 0
2026-01-10 11:32:56,665 - INFO -    Successful extractions: 4
2026-01-10 11:32:56,665 - INFO -    Failed extractions: 0
2026-01-10 11:32:56,665 - INFO -    Successful inferences: 4
2026-01-10 11:32:56,665 - INFO -    Failed inferences: 0
2026-01-10 11:32:56,665 - INFO -    Overall success rate: 2.2%
2026-01-10 11:32:56,665 - INFO -    Total processing time: 25.5 seconds (0.01 hours)
2026-01-10 11:32:56,666 - INFO -    Average time per country: 3.0 seconds
2026-01-10 11:32:56,666 - INFO -    Estimated time for remaining countries: 9.2 minutes
2026-01-10 11:32:56,666 - INFO - ============================================================
2026-01-10 11:32:56,666 - INFO - 📁 RESULTS SAVED TO: results/country_predictions
2026-01-10 11:32:56,666 - INFO - 📁 EXTRACTED DATA IN: data/extracted_data
2026-01-10 11:32:56,666 - INFO - 📄 DETAILED LOG: country_inference_batch.log
2026-01-10 11:33:46,416 - INFO - Loaded country summary with 186 countries
2026-01-10 11:33:46,417 - INFO - 🌍 Starting batch processing of countries...
2026-01-10 11:33:46,417 - INFO - 📊 Total countries to process: 186
2026-01-10 11:33:46,417 - INFO - 
🚀 Processing Afghanistan
2026-01-10 11:33:46,417 - INFO -    ILI cases: 1,517,440
2026-01-10 11:33:46,417 - INFO -    ARI cases: 0
2026-01-10 11:33:46,417 - INFO -    Data types: ILI
2026-01-10 11:33:46,417 - INFO - Running extraction: /home/david/miniconda3/bin/python enhanced_extract_country_data.py --country Afghanistan --input data/who_flu_data.csv --output_dir data/extracted_data
2026-01-10 11:33:47,703 - INFO - ✅ Extraction successful for Afghanistan
2026-01-10 11:33:47,704 - INFO - Running chronos inference: /home/david/miniconda3/bin/python src/scripts/chronos_inference.py --data_file data/extracted_data/Afghanistan_ili.csv --country_name Afghanistan --prediction_length 54 --plot --test_split 0.1
2026-01-10 11:33:52,567 - INFO - ✅ Inference successful for Afghanistan
2026-01-10 11:33:52,567 - INFO - 
🚀 Processing Albania
2026-01-10 11:33:52,567 - INFO -    ILI cases: 10,008
2026-01-10 11:33:52,568 - INFO -    ARI cases: 16,503,801
2026-01-10 11:33:52,568 - INFO -    Data types: ARI, ILI
2026-01-10 11:33:52,568 - INFO - Running extraction: /home/david/miniconda3/bin/python enhanced_extract_country_data.py --country Albania --input data/who_flu_data.csv --output_dir data/extracted_data
2026-01-10 11:33:53,834 - INFO - ✅ Extraction successful for Albania
2026-01-10 11:33:53,834 - INFO - Running chronos inference: /home/david/miniconda3/bin/python src/scripts/chronos_inference.py --data_file data/extracted_data/Albania_ili.csv --country_name Albania --prediction_length 54 --plot --test_split 0.1
2026-01-10 11:33:58,661 - INFO - ✅ Inference successful for Albania
2026-01-10 11:33:58,661 - INFO - 
🚀 Processing Algeria
2026-01-10 11:33:58,661 - INFO -    ILI cases: 72,349
2026-01-10 11:33:58,661 - INFO -    ARI cases: 0
2026-01-10 11:33:58,661 - INFO -    Data types: ILI
2026-01-10 11:33:58,661 - INFO - Running extraction: /home/david/miniconda3/bin/python enhanced_extract_country_data.py --country Algeria --input data/who_flu_data.csv --output_dir data/extracted_data
2026-01-10 11:33:59,936 - INFO - ✅ Extraction successful for Algeria
2026-01-10 11:33:59,936 - INFO - Running chronos inference: /home/david/miniconda3/bin/python src/scripts/chronos_inference.py --data_file data/extracted_data/Algeria_ili.csv --country_name Algeria --prediction_length 54 --plot --test_split 0.1
2026-01-10 11:34:04,652 - INFO - ✅ Inference successful for Algeria
2026-01-10 11:34:04,653 - INFO - 
🚀 Processing American Samoa
2026-01-10 11:34:04,653 - INFO -    ILI cases: 23,645
2026-01-10 11:34:04,653 - INFO -    ARI cases: 0
2026-01-10 11:34:04,653 - INFO -    Data types: ILI
2026-01-10 11:34:04,653 - INFO - Running extraction: /home/david/miniconda3/bin/python enhanced_extract_country_data.py --country American Samoa --input data/who_flu_data.csv --output_dir data/extracted_data
2026-01-10 11:34:05,924 - INFO - ✅ Extraction successful for American Samoa
2026-01-10 11:34:05,925 - INFO - Running chronos inference: /home/david/miniconda3/bin/python src/scripts/chronos_inference.py --data_file data/extracted_data/American_Samoa_ili.csv --country_name American Samoa --prediction_length 54 --plot --test_split 0.1
2026-01-10 11:34:10,662 - INFO - ✅ Inference successful for American Samoa
2026-01-10 11:34:10,662 - INFO - 
🚀 Processing Anguilla
2026-01-10 11:34:10,662 - INFO -    ILI cases: 815
2026-01-10 11:34:10,662 - INFO -    ARI cases: 0
2026-01-10 11:34:10,662 - INFO -    Data types: ILI
2026-01-10 11:34:10,662 - INFO - Running extraction: /home/david/miniconda3/bin/python enhanced_extract_country_data.py --country Anguilla --input data/who_flu_data.csv --output_dir data/extracted_data
2026-01-10 11:34:11,924 - INFO - ✅ Extraction successful for Anguilla
2026-01-10 11:34:11,924 - INFO - Running chronos inference: /home/david/miniconda3/bin/python src/scripts/chronos_inference.py --data_file data/extracted_data/Anguilla_ili.csv --country_name Anguilla --prediction_length 54 --plot --test_split 0.1
2026-01-10 11:34:16,642 - INFO - ✅ Inference successful for Anguilla
2026-01-10 11:34:16,642 - INFO - 
📈 PROGRESS UPDATE
2026-01-10 11:34:16,642 - INFO -    Countries processed: 5/186
2026-01-10 11:34:16,642 - INFO -    Successful extractions: 5
2026-01-10 11:34:16,642 - INFO -    Failed extractions: 0
2026-01-10 11:34:16,642 - INFO -    Successful inferences: 5
2026-01-10 11:34:16,642 - INFO -    Failed inferences: 0
2026-01-10 11:34:16,642 - INFO -    Skipped countries: 0
2026-01-10 11:34:16,642 - INFO -    Average processing time: 3.0s per country
2026-01-10 11:34:16,643 - INFO - 
🚀 Processing Antigua and Barbuda
2026-01-10 11:34:16,643 - INFO -    ILI cases: 4,093
2026-01-10 11:34:16,643 - INFO -    ARI cases: 0
2026-01-10 11:34:16,643 - INFO -    Data types: ILI
2026-01-10 11:34:16,643 - INFO - Running extraction: /home/david/miniconda3/bin/python enhanced_extract_country_data.py --country Antigua and Barbuda --input data/who_flu_data.csv --output_dir data/extracted_data
2026-01-10 11:34:17,914 - INFO - ✅ Extraction successful for Antigua and Barbuda
2026-01-10 11:34:17,914 - INFO - Running chronos inference: /home/david/miniconda3/bin/python src/scripts/chronos_inference.py --data_file data/extracted_data/Antigua_and_Barbuda_ili.csv --country_name Antigua and Barbuda --prediction_length 54 --plot --test_split 0.1
2026-01-10 11:34:22,640 - INFO - ✅ Inference successful for Antigua and Barbuda
2026-01-10 11:34:22,640 - INFO - 
🚀 Processing Argentina
2026-01-10 11:34:22,640 - INFO -    ILI cases: 19,019,429
2026-01-10 11:34:22,640 - INFO -    ARI cases: 2,789,474
2026-01-10 11:34:22,640 - INFO -    Data types: ARI, ILI
2026-01-10 11:34:22,640 - INFO - Running extraction: /home/david/miniconda3/bin/python enhanced_extract_country_data.py --country Argentina --input data/who_flu_data.csv --output_dir data/extracted_data
2026-01-10 11:34:23,901 - INFO - ✅ Extraction successful for Argentina
2026-01-10 11:34:23,902 - INFO - Running chronos inference: /home/david/miniconda3/bin/python src/scripts/chronos_inference.py --data_file data/extracted_data/Argentina_ili.csv --country_name Argentina --prediction_length 54 --plot --test_split 0.1
2026-01-10 11:34:28,707 - INFO - ✅ Inference successful for Argentina
2026-01-10 11:34:28,707 - INFO - 
🚀 Processing Armenia
2026-01-10 11:34:28,707 - INFO -    ILI cases: 14,492
2026-01-10 11:34:28,707 - INFO -    ARI cases: 5,287,920
2026-01-10 11:34:28,707 - INFO -    Data types: ARI, ILI
2026-01-10 11:34:28,707 - INFO - Running extraction: /home/david/miniconda3/bin/python enhanced_extract_country_data.py --country Armenia --input data/who_flu_data.csv --output_dir data/extracted_data
2026-01-10 11:34:29,999 - INFO - ✅ Extraction successful for Armenia
2026-01-10 11:34:29,999 - INFO - Running chronos inference: /home/david/miniconda3/bin/python src/scripts/chronos_inference.py --data_file data/extracted_data/Armenia_ili.csv --country_name Armenia --prediction_length 54 --plot --test_split 0.1
2026-01-10 11:34:34,883 - INFO - ✅ Inference successful for Armenia
2026-01-10 11:34:34,883 - INFO - 🔮 Skipping Aruba - no ILI or ARI data available
2026-01-10 11:34:34,884 - INFO - 
🚀 Processing Australia
2026-01-10 11:34:34,884 - INFO -    ILI cases: 81,414
2026-01-10 11:34:34,884 - INFO -    ARI cases: 0
2026-01-10 11:34:34,884 - INFO -    Data types: ILI
2026-01-10 11:34:34,884 - INFO - Running extraction: /home/david/miniconda3/bin/python enhanced_extract_country_data.py --country Australia --input data/who_flu_data.csv --output_dir data/extracted_data
2026-01-10 11:34:36,178 - INFO - ✅ Extraction successful for Australia
2026-01-10 11:34:36,178 - INFO - Running chronos inference: /home/david/miniconda3/bin/python src/scripts/chronos_inference.py --data_file data/extracted_data/Australia_ili.csv --country_name Australia --prediction_length 54 --plot --test_split 0.1
2026-01-10 11:34:40,980 - INFO - ✅ Inference successful for Australia
2026-01-10 11:34:40,980 - INFO - 
📈 PROGRESS UPDATE
2026-01-10 11:34:40,980 - INFO -    Countries processed: 10/186
2026-01-10 11:34:40,980 - INFO -    Successful extractions: 9
2026-01-10 11:34:40,980 - INFO -    Failed extractions: 0
2026-01-10 11:34:40,980 - INFO -    Successful inferences: 9
2026-01-10 11:34:40,980 - INFO -    Failed inferences: 0
2026-01-10 11:34:40,980 - INFO -    Skipped countries: 1
2026-01-10 11:34:40,980 - INFO -    Average processing time: 3.0s per country
2026-01-10 11:34:40,981 - INFO - 
🚀 Processing Austria
2026-01-10 11:34:40,981 - INFO -    ILI cases: 371,646
2026-01-10 11:34:40,981 - INFO -    ARI cases: 0
2026-01-10 11:34:40,981 - INFO -    Data types: ARI, ILI
2026-01-10 11:34:40,981 - INFO - Running extraction: /home/david/miniconda3/bin/python enhanced_extract_country_data.py --country Austria --input data/who_flu_data.csv --output_dir data/extracted_data
2026-01-10 11:34:42,271 - INFO - ✅ Extraction successful for Austria
2026-01-10 11:34:42,271 - INFO - Running chronos inference: /home/david/miniconda3/bin/python src/scripts/chronos_inference.py --data_file data/extracted_data/Austria_ili.csv --country_name Austria --prediction_length 54 --plot --test_split 0.1
2026-01-10 11:34:47,102 - INFO - ✅ Inference successful for Austria
2026-01-10 11:34:47,103 - INFO - 
🚀 Processing Azerbaijan
2026-01-10 11:34:47,103 - INFO -    ILI cases: 937,386
2026-01-10 11:34:47,103 - INFO -    ARI cases: 176,742
2026-01-10 11:34:47,103 - INFO -    Data types: ARI, ILI
2026-01-10 11:34:47,103 - INFO - Running extraction: /home/david/miniconda3/bin/python enhanced_extract_country_data.py --country Azerbaijan --input data/who_flu_data.csv --output_dir data/extracted_data
2026-01-10 11:34:48,391 - INFO - ✅ Extraction successful for Azerbaijan
2026-01-10 11:34:48,392 - INFO - Running chronos inference: /home/david/miniconda3/bin/python src/scripts/chronos_inference.py --data_file data/extracted_data/Azerbaijan_ili.csv --country_name Azerbaijan --prediction_length 54 --plot --test_split 0.1
2026-01-10 11:34:53,248 - INFO - ✅ Inference successful for Azerbaijan
2026-01-10 11:34:53,248 - INFO - 
🚀 Processing Bahamas
2026-01-10 11:34:53,248 - INFO -    ILI cases: 5,803
2026-01-10 11:34:53,248 - INFO -    ARI cases: 1,413
2026-01-10 11:34:53,248 - INFO -    Data types: ARI, ILI
2026-01-10 11:34:53,248 - INFO - Running extraction: /home/david/miniconda3/bin/python enhanced_extract_country_data.py --country Bahamas --input data/who_flu_data.csv --output_dir data/extracted_data
2026-01-10 11:34:54,520 - INFO - ✅ Extraction successful for Bahamas
2026-01-10 11:34:54,520 - INFO - Running chronos inference: /home/david/miniconda3/bin/python src/scripts/chronos_inference.py --data_file data/extracted_data/Bahamas_ili.csv --country_name Bahamas --prediction_length 54 --plot --test_split 0.1
2026-01-10 11:34:59,311 - INFO - ✅ Inference successful for Bahamas
2026-01-10 11:34:59,312 - INFO - 
🚀 Processing Bahrain
2026-01-10 11:34:59,312 - INFO -    ILI cases: 516,296
2026-01-10 11:34:59,312 - INFO -    ARI cases: 0
2026-01-10 11:34:59,312 - INFO -    Data types: ILI
2026-01-10 11:34:59,312 - INFO - Running extraction: /home/david/miniconda3/bin/python enhanced_extract_country_data.py --country Bahrain --input data/who_flu_data.csv --output_dir data/extracted_data
2026-01-10 11:35:00,606 - INFO - ✅ Extraction successful for Bahrain
2026-01-10 11:35:00,606 - INFO - Running chronos inference: /home/david/miniconda3/bin/python src/scripts/chronos_inference.py --data_file data/extracted_data/Bahrain_ili.csv --country_name Bahrain --prediction_length 54 --plot --test_split 0.1
2026-01-10 11:35:05,451 - INFO - ✅ Inference successful for Bahrain
2026-01-10 11:35:05,452 - INFO - 
🚀 Processing Bangladesh
2026-01-10 11:35:05,452 - INFO -    ILI cases: 74,045
2026-01-10 11:35:05,452 - INFO -    ARI cases: 0
2026-01-10 11:35:05,452 - INFO -    Data types: ILI
2026-01-10 11:35:05,452 - INFO - Running extraction: /home/david/miniconda3/bin/python enhanced_extract_country_data.py --country Bangladesh --input data/who_flu_data.csv --output_dir data/extracted_data
2026-01-10 11:35:06,740 - INFO - ✅ Extraction successful for Bangladesh
2026-01-10 11:35:06,740 - INFO - Running chronos inference: /home/david/miniconda3/bin/python src/scripts/chronos_inference.py --data_file data/extracted_data/Bangladesh_ili.csv --country_name Bangladesh --prediction_length 54 --plot --test_split 0.1
2026-01-10 11:35:11,676 - INFO - ✅ Inference successful for Bangladesh
2026-01-10 11:35:11,676 - INFO - 
📈 PROGRESS UPDATE
2026-01-10 11:35:11,676 - INFO -    Countries processed: 15/186
2026-01-10 11:35:11,676 - INFO -    Successful extractions: 14
2026-01-10 11:35:11,676 - INFO -    Failed extractions: 0
2026-01-10 11:35:11,676 - INFO -    Successful inferences: 14
2026-01-10 11:35:11,676 - INFO -    Failed inferences: 0
2026-01-10 11:35:11,676 - INFO -    Skipped countries: 1
2026-01-10 11:35:11,676 - INFO -    Average processing time: 3.0s per country
2026-01-10 11:35:11,677 - INFO - 
🚀 Processing Barbados
2026-01-10 11:35:11,677 - INFO -    ILI cases: 8,328
2026-01-10 11:35:11,677 - INFO -    ARI cases: 9,207
2026-01-10 11:35:11,677 - INFO -    Data types: ARI, ILI
2026-01-10 11:35:11,677 - INFO - Running extraction: /home/david/miniconda3/bin/python enhanced_extract_country_data.py --country Barbados --input data/who_flu_data.csv --output_dir data/extracted_data
2026-01-10 11:35:12,971 - INFO - ✅ Extraction successful for Barbados
2026-01-10 11:35:12,971 - INFO - Running chronos inference: /home/david/miniconda3/bin/python src/scripts/chronos_inference.py --data_file data/extracted_data/Barbados_ili.csv --country_name Barbados --prediction_length 54 --plot --test_split 0.1
2026-01-10 11:35:17,840 - INFO - ✅ Inference successful for Barbados
2026-01-10 11:35:17,841 - INFO - 
🚀 Processing Belarus
2026-01-10 11:35:17,841 - INFO -    ILI cases: 45,330
2026-01-10 11:35:17,841 - INFO -    ARI cases: 69,991,357
2026-01-10 11:35:17,841 - INFO -    Data types: ARI, ILI
2026-01-10 11:35:17,841 - INFO - Running extraction: /home/david/miniconda3/bin/python enhanced_extract_country_data.py --country Belarus --input data/who_flu_data.csv --output_dir data/extracted_data
2026-01-10 11:35:19,132 - INFO - ✅ Extraction successful for Belarus
2026-01-10 11:35:19,133 - INFO - Running chronos inference: /home/david/miniconda3/bin/python src/scripts/chronos_inference.py --data_file data/extracted_data/Belarus_ili.csv --country_name Belarus --prediction_length 54 --plot --test_split 0.1
2026-01-10 11:35:24,011 - INFO - ✅ Inference successful for Belarus
2026-01-10 11:35:24,012 - INFO - 
🚀 Processing Belgium
2026-01-10 11:35:24,012 - INFO -    ILI cases: 221,398
2026-01-10 11:35:24,012 - INFO -    ARI cases: 2,111,161
2026-01-10 11:35:24,012 - INFO -    Data types: ARI, ILI
2026-01-10 11:35:24,012 - INFO - Running extraction: /home/david/miniconda3/bin/python enhanced_extract_country_data.py --country Belgium --input data/who_flu_data.csv --output_dir data/extracted_data
2026-01-10 11:35:25,284 - INFO - ✅ Extraction successful for Belgium
2026-01-10 11:35:25,284 - INFO - Running chronos inference: /home/david/miniconda3/bin/python src/scripts/chronos_inference.py --data_file data/extracted_data/Belgium_ili.csv --country_name Belgium --prediction_length 54 --plot --test_split 0.1
2026-01-10 11:35:30,112 - INFO - ✅ Inference successful for Belgium
2026-01-10 11:35:30,113 - INFO - 
🚀 Processing Belize
2026-01-10 11:35:30,113 - INFO -    ILI cases: 61,475
2026-01-10 11:35:30,113 - INFO -    ARI cases: 0
2026-01-10 11:35:30,113 - INFO -    Data types: ILI
2026-01-10 11:35:30,113 - INFO - Running extraction: /home/david/miniconda3/bin/python enhanced_extract_country_data.py --country Belize --input data/who_flu_data.csv --output_dir data/extracted_data
2026-01-10 11:35:31,382 - INFO - ✅ Extraction successful for Belize
2026-01-10 11:35:31,382 - INFO - Running chronos inference: /home/david/miniconda3/bin/python src/scripts/chronos_inference.py --data_file data/extracted_data/Belize_ili.csv --country_name Belize --prediction_length 54 --plot --test_split 0.1
2026-01-10 11:35:36,017 - INFO - ✅ Inference successful for Belize
2026-01-10 11:35:36,017 - INFO - 
🚀 Processing Bermuda
2026-01-10 11:35:36,017 - INFO -    ILI cases: 1,786
2026-01-10 11:35:36,017 - INFO -    ARI cases: 0
2026-01-10 11:35:36,017 - INFO -    Data types: ILI
2026-01-10 11:35:36,018 - INFO - Running extraction: /home/david/miniconda3/bin/python enhanced_extract_country_data.py --country Bermuda --input data/who_flu_data.csv --output_dir data/extracted_data
2026-01-10 11:35:37,298 - INFO - ✅ Extraction successful for Bermuda
2026-01-10 11:35:37,298 - INFO - Running chronos inference: /home/david/miniconda3/bin/python src/scripts/chronos_inference.py --data_file data/extracted_data/Bermuda_ili.csv --country_name Bermuda --prediction_length 54 --plot --test_split 0.1
2026-01-10 11:35:42,042 - INFO - ✅ Inference successful for Bermuda
2026-01-10 11:35:42,042 - INFO - 
📈 PROGRESS UPDATE
2026-01-10 11:35:42,042 - INFO -    Countries processed: 20/186
2026-01-10 11:35:42,042 - INFO -    Successful extractions: 19
2026-01-10 11:35:42,042 - INFO -    Failed extractions: 0
2026-01-10 11:35:42,042 - INFO -    Successful inferences: 19
2026-01-10 11:35:42,042 - INFO -    Failed inferences: 0
2026-01-10 11:35:42,042 - INFO -    Skipped countries: 1
2026-01-10 11:35:42,042 - INFO -    Average processing time: 3.0s per country
2026-01-10 11:35:42,043 - INFO - 
🚀 Processing Bhutan
2026-01-10 11:35:42,043 - INFO -    ILI cases: 244,930
2026-01-10 11:35:42,043 - INFO -    ARI cases: 0
2026-01-10 11:35:42,043 - INFO -    Data types: ILI
2026-01-10 11:35:42,043 - INFO - Running extraction: /home/david/miniconda3/bin/python enhanced_extract_country_data.py --country Bhutan --input data/who_flu_data.csv --output_dir data/extracted_data
2026-01-10 11:35:43,345 - INFO - ✅ Extraction successful for Bhutan
2026-01-10 11:35:43,345 - INFO - Running chronos inference: /home/david/miniconda3/bin/python src/scripts/chronos_inference.py --data_file data/extracted_data/Bhutan_ili.csv --country_name Bhutan --prediction_length 54 --plot --test_split 0.1
2026-01-10 11:35:48,156 - INFO - ✅ Inference successful for Bhutan
2026-01-10 11:35:48,156 - INFO - 
🚀 Processing Bolivia (Plurinational State of)
2026-01-10 11:35:48,157 - INFO -    ILI cases: 7,358
2026-01-10 11:35:48,157 - INFO -    ARI cases: 5,811,234
2026-01-10 11:35:48,157 - INFO -    Data types: ARI, ILI
2026-01-10 11:35:48,157 - INFO - Running extraction: /home/david/miniconda3/bin/python enhanced_extract_country_data.py --country Bolivia (Plurinational State of) --input data/who_flu_data.csv --output_dir data/extracted_data
2026-01-10 11:35:49,424 - INFO - ✅ Extraction successful for Bolivia (Plurinational State of)
2026-01-10 11:35:49,424 - INFO - Running chronos inference: /home/david/miniconda3/bin/python src/scripts/chronos_inference.py --data_file data/extracted_data/Bolivia_(Plurinational_State_of)_ili.csv --country_name Bolivia (Plurinational State of) --prediction_length 54 --plot --test_split 0.1
2026-01-10 11:35:54,235 - INFO - ✅ Inference successful for Bolivia (Plurinational State of)
2026-01-10 11:35:54,235 - INFO - 
🚀 Processing Bonaire, Sint Eustatius and Saba
2026-01-10 11:35:54,235 - INFO -    ILI cases: 2,096
2026-01-10 11:35:54,235 - INFO -    ARI cases: 0
2026-01-10 11:35:54,235 - INFO -    Data types: ILI
2026-01-10 11:35:54,235 - INFO - Running extraction: /home/david/miniconda3/bin/python enhanced_extract_country_data.py --country Bonaire, Sint Eustatius and Saba --input data/who_flu_data.csv --output_dir data/extracted_data
2026-01-10 11:35:55,501 - INFO - ✅ Extraction successful for Bonaire, Sint Eustatius and Saba
2026-01-10 11:35:55,501 - INFO - Running chronos inference: /home/david/miniconda3/bin/python src/scripts/chronos_inference.py --data_file data/extracted_data/Bonaire,_Sint_Eustatius_and_Saba_ili.csv --country_name Bonaire, Sint Eustatius and Saba --prediction_length 54 --plot --test_split 0.1
2026-01-10 11:36:00,221 - INFO - ✅ Inference successful for Bonaire, Sint Eustatius and Saba
2026-01-10 11:36:00,221 - INFO - 
🚀 Processing Bosnia and Herzegovina
2026-01-10 11:36:00,221 - INFO -    ILI cases: 44,138
2026-01-10 11:36:00,221 - INFO -    ARI cases: 119,458
2026-01-10 11:36:00,221 - INFO -    Data types: ARI, ILI
2026-01-10 11:36:00,221 - INFO - Running extraction: /home/david/miniconda3/bin/python enhanced_extract_country_data.py --country Bosnia and Herzegovina --input data/who_flu_data.csv --output_dir data/extracted_data
2026-01-10 11:36:01,503 - INFO - ✅ Extraction successful for Bosnia and Herzegovina
2026-01-10 11:36:01,504 - INFO - Running chronos inference: /home/david/miniconda3/bin/python src/scripts/chronos_inference.py --data_file data/extracted_data/Bosnia_and_Herzegovina_ili.csv --country_name Bosnia and Herzegovina --prediction_length 54 --plot --test_split 0.1
2026-01-10 11:36:06,320 - INFO - ✅ Inference successful for Bosnia and Herzegovina
2026-01-10 11:36:06,320 - INFO - 
🚀 Processing Brazil
2026-01-10 11:36:06,320 - INFO -    ILI cases: 20,828,951
2026-01-10 11:36:06,321 - INFO -    ARI cases: 0
2026-01-10 11:36:06,321 - INFO -    Data types: ILI
2026-01-10 11:36:06,321 - INFO - Running extraction: /home/david/miniconda3/bin/python enhanced_extract_country_data.py --country Brazil --input data/who_flu_data.csv --output_dir data/extracted_data
2026-01-10 11:36:07,577 - INFO - ✅ Extraction successful for Brazil
2026-01-10 11:36:07,578 - INFO - Running chronos inference: /home/david/miniconda3/bin/python src/scripts/chronos_inference.py --data_file data/extracted_data/Brazil_ili.csv --country_name Brazil --prediction_length 54 --plot --test_split 0.1
2026-01-10 11:36:12,389 - INFO - ✅ Inference successful for Brazil
2026-01-10 11:36:12,389 - INFO - 
📈 PROGRESS UPDATE
2026-01-10 11:36:12,389 - INFO -    Countries processed: 25/186
2026-01-10 11:36:12,389 - INFO -    Successful extractions: 24
2026-01-10 11:36:12,389 - INFO -    Failed extractions: 0
2026-01-10 11:36:12,389 - INFO -    Successful inferences: 24
2026-01-10 11:36:12,389 - INFO -    Failed inferences: 0
2026-01-10 11:36:12,389 - INFO -    Skipped countries: 1
2026-01-10 11:36:12,389 - INFO -    Average processing time: 3.0s per country
2026-01-10 11:36:12,389 - INFO - 
🚀 Processing British Virgin Islands
2026-01-10 11:36:12,389 - INFO -    ILI cases: 1,582
2026-01-10 11:36:12,389 - INFO -    ARI cases: 0
2026-01-10 11:36:12,389 - INFO -    Data types: ILI
2026-01-10 11:36:12,389 - INFO - Running extraction: /home/david/miniconda3/bin/python enhanced_extract_country_data.py --country British Virgin Islands --input data/who_flu_data.csv --output_dir data/extracted_data
2026-01-10 11:36:13,658 - INFO - ✅ Extraction successful for British Virgin Islands
2026-01-10 11:36:13,659 - INFO - Running chronos inference: /home/david/miniconda3/bin/python src/scripts/chronos_inference.py --data_file data/extracted_data/British_Virgin_Islands_ili.csv --country_name British Virgin Islands --prediction_length 54 --plot --test_split 0.1
2026-01-10 11:36:18,372 - INFO - ✅ Inference successful for British Virgin Islands
2026-01-10 11:36:18,372 - INFO - 
🚀 Processing Brunei Darussalam
2026-01-10 11:36:18,372 - INFO -    ILI cases: 1,451,170
2026-01-10 11:36:18,372 - INFO -    ARI cases: 0
2026-01-10 11:36:18,372 - INFO -    Data types: ILI
2026-01-10 11:36:18,373 - INFO - Running extraction: /home/david/miniconda3/bin/python enhanced_extract_country_data.py --country Brunei Darussalam --input data/who_flu_data.csv --output_dir data/extracted_data
2026-01-10 11:36:19,647 - INFO - ✅ Extraction successful for Brunei Darussalam
2026-01-10 11:36:19,647 - INFO - Running chronos inference: /home/david/miniconda3/bin/python src/scripts/chronos_inference.py --data_file data/extracted_data/Brunei_Darussalam_ili.csv --country_name Brunei Darussalam --prediction_length 54 --plot --test_split 0.1
2026-01-10 11:36:24,381 - INFO - ✅ Inference successful for Brunei Darussalam
2026-01-10 11:36:24,382 - INFO - 
🚀 Processing Bulgaria
2026-01-10 11:36:24,382 - INFO -    ILI cases: 0
2026-01-10 11:36:24,382 - INFO -    ARI cases: 4,166,871
2026-01-10 11:36:24,382 - INFO -    Data types: ARI, ILI
2026-01-10 11:36:24,382 - INFO - Running extraction: /home/david/miniconda3/bin/python enhanced_extract_country_data.py --country Bulgaria --input data/who_flu_data.csv --output_dir data/extracted_data
2026-01-10 11:36:25,687 - INFO - ✅ Extraction successful for Bulgaria
2026-01-10 11:36:25,687 - INFO - Running chronos inference: /home/david/miniconda3/bin/python src/scripts/chronos_inference.py --data_file data/extracted_data/Bulgaria_ari.csv --country_name Bulgaria --prediction_length 54 --plot --test_split 0.1
2026-01-10 11:36:30,547 - INFO - ✅ Inference successful for Bulgaria
2026-01-10 11:36:30,547 - INFO - 
🚀 Processing Burkina Faso
2026-01-10 11:36:30,547 - INFO -    ILI cases: 0
2026-01-10 11:36:30,547 - INFO -    ARI cases: 3,464
2026-01-10 11:36:30,547 - INFO -    Data types: ARI
2026-01-10 11:36:30,547 - INFO - Running extraction: /home/david/miniconda3/bin/python enhanced_extract_country_data.py --country Burkina Faso --input data/who_flu_data.csv --output_dir data/extracted_data
2026-01-10 11:36:31,829 - INFO - ✅ Extraction successful for Burkina Faso
2026-01-10 11:36:31,829 - INFO - Running chronos inference: /home/david/miniconda3/bin/python src/scripts/chronos_inference.py --data_file data/extracted_data/Burkina_Faso_ari.csv --country_name Burkina Faso --prediction_length 54 --plot --test_split 0.1
2026-01-10 11:36:36,537 - INFO - ✅ Inference successful for Burkina Faso
2026-01-10 11:36:36,537 - INFO - 
🚀 Processing Cambodia
2026-01-10 11:36:36,537 - INFO -    ILI cases: 171,958
2026-01-10 11:36:36,537 - INFO -    ARI cases: 0
2026-01-10 11:36:36,537 - INFO -    Data types: ILI
2026-01-10 11:36:36,537 - INFO - Running extraction: /home/david/miniconda3/bin/python enhanced_extract_country_data.py --country Cambodia --input data/who_flu_data.csv --output_dir data/extracted_data
2026-01-10 11:36:37,824 - INFO - ✅ Extraction successful for Cambodia
2026-01-10 11:36:37,824 - INFO - Running chronos inference: /home/david/miniconda3/bin/python src/scripts/chronos_inference.py --data_file data/extracted_data/Cambodia_ili.csv --country_name Cambodia --prediction_length 54 --plot --test_split 0.1
2026-01-10 11:36:42,589 - INFO - ✅ Inference successful for Cambodia
2026-01-10 11:36:42,590 - INFO - 
📈 PROGRESS UPDATE
2026-01-10 11:36:42,590 - INFO -    Countries processed: 30/186
2026-01-10 11:36:42,590 - INFO -    Successful extractions: 29
2026-01-10 11:36:42,590 - INFO -    Failed extractions: 0
2026-01-10 11:36:42,590 - INFO -    Successful inferences: 29
2026-01-10 11:36:42,590 - INFO -    Failed inferences: 0
2026-01-10 11:36:42,590 - INFO -    Skipped countries: 1
2026-01-10 11:36:42,590 - INFO -    Average processing time: 3.0s per country
2026-01-10 11:36:42,591 - INFO - 
🚀 Processing Cameroon
2026-01-10 11:36:42,591 - INFO -    ILI cases: 36,779
2026-01-10 11:36:42,591 - INFO -    ARI cases: 36,188
2026-01-10 11:36:42,591 - INFO -    Data types: ARI, ILI
2026-01-10 11:36:42,591 - INFO - Running extraction: /home/david/miniconda3/bin/python enhanced_extract_country_data.py --country Cameroon --input data/who_flu_data.csv --output_dir data/extracted_data
2026-01-10 11:36:43,864 - INFO - ✅ Extraction successful for Cameroon
2026-01-10 11:36:43,864 - INFO - Running chronos inference: /home/david/miniconda3/bin/python src/scripts/chronos_inference.py --data_file data/extracted_data/Cameroon_ili.csv --country_name Cameroon --prediction_length 54 --plot --test_split 0.1
2026-01-10 11:36:48,706 - INFO - ✅ Inference successful for Cameroon
2026-01-10 11:36:48,706 - INFO - 
🚀 Processing Canada
2026-01-10 11:36:48,706 - INFO -    ILI cases: 17,317
2026-01-10 11:36:48,706 - INFO -    ARI cases: 0
2026-01-10 11:36:48,706 - INFO -    Data types: ILI
2026-01-10 11:36:48,706 - INFO - Running extraction: /home/david/miniconda3/bin/python enhanced_extract_country_data.py --country Canada --input data/who_flu_data.csv --output_dir data/extracted_data
2026-01-10 11:36:50,001 - INFO - ✅ Extraction successful for Canada
2026-01-10 11:36:50,001 - INFO - Running chronos inference: /home/david/miniconda3/bin/python src/scripts/chronos_inference.py --data_file data/extracted_data/Canada_ili.csv --country_name Canada --prediction_length 54 --plot --test_split 0.1
2026-01-10 11:36:54,930 - INFO - ✅ Inference successful for Canada
2026-01-10 11:36:54,930 - INFO - 
🚀 Processing Cayman Islands
2026-01-10 11:36:54,930 - INFO -    ILI cases: 4,742
2026-01-10 11:36:54,930 - INFO -    ARI cases: 6,364
2026-01-10 11:36:54,930 - INFO -    Data types: ARI, ILI
2026-01-10 11:36:54,930 - INFO - Running extraction: /home/david/miniconda3/bin/python enhanced_extract_country_data.py --country Cayman Islands --input data/who_flu_data.csv --output_dir data/extracted_data
2026-01-10 11:36:56,219 - INFO - ✅ Extraction successful for Cayman Islands
2026-01-10 11:36:56,219 - INFO - Running chronos inference: /home/david/miniconda3/bin/python src/scripts/chronos_inference.py --data_file data/extracted_data/Cayman_Islands_ili.csv --country_name Cayman Islands --prediction_length 54 --plot --test_split 0.1
2026-01-10 11:37:01,011 - INFO - ✅ Inference successful for Cayman Islands
2026-01-10 11:37:01,011 - INFO - 
🚀 Processing Central African Republic
2026-01-10 11:37:01,011 - INFO -    ILI cases: 14,099
2026-01-10 11:37:01,012 - INFO -    ARI cases: 1,512
2026-01-10 11:37:01,012 - INFO -    Data types: ARI, ILI
2026-01-10 11:37:01,012 - INFO - Running extraction: /home/david/miniconda3/bin/python enhanced_extract_country_data.py --country Central African Republic --input data/who_flu_data.csv --output_dir data/extracted_data
2026-01-10 11:37:02,295 - INFO - ✅ Extraction successful for Central African Republic
2026-01-10 11:37:02,295 - INFO - Running chronos inference: /home/david/miniconda3/bin/python src/scripts/chronos_inference.py --data_file data/extracted_data/Central_African_Republic_ili.csv --country_name Central African Republic --prediction_length 54 --plot --test_split 0.1
2026-01-10 11:37:07,076 - INFO - ✅ Inference successful for Central African Republic
2026-01-10 11:37:07,076 - INFO - 
🚀 Processing Chile
2026-01-10 11:37:07,076 - INFO -    ILI cases: 159,225
2026-01-10 11:37:07,076 - INFO -    ARI cases: 0
2026-01-10 11:37:07,076 - INFO -    Data types: ILI
2026-01-10 11:37:07,076 - INFO - Running extraction: /home/david/miniconda3/bin/python enhanced_extract_country_data.py --country Chile --input data/who_flu_data.csv --output_dir data/extracted_data
2026-01-10 11:37:08,343 - INFO - ✅ Extraction successful for Chile
2026-01-10 11:37:08,343 - INFO - Running chronos inference: /home/david/miniconda3/bin/python src/scripts/chronos_inference.py --data_file data/extracted_data/Chile_ili.csv --country_name Chile --prediction_length 54 --plot --test_split 0.1
2026-01-10 11:37:13,177 - INFO - ✅ Inference successful for Chile
2026-01-10 11:37:13,177 - INFO - 
📈 PROGRESS UPDATE
2026-01-10 11:37:13,177 - INFO -    Countries processed: 35/186
2026-01-10 11:37:13,177 - INFO -    Successful extractions: 34
2026-01-10 11:37:13,177 - INFO -    Failed extractions: 0
2026-01-10 11:37:13,178 - INFO -    Successful inferences: 34
2026-01-10 11:37:13,178 - INFO -    Failed inferences: 0
2026-01-10 11:37:13,178 - INFO -    Skipped countries: 1
2026-01-10 11:37:13,178 - INFO -    Average processing time: 3.0s per country
2026-01-10 11:37:13,178 - INFO - 
🚀 Processing China, Hong Kong SAR
2026-01-10 11:37:13,178 - INFO -    ILI cases: 18,177
2026-01-10 11:37:13,178 - INFO -    ARI cases: 0
2026-01-10 11:37:13,178 - INFO -    Data types: ILI
2026-01-10 11:37:13,178 - INFO - Running extraction: /home/david/miniconda3/bin/python enhanced_extract_country_data.py --country China, Hong Kong SAR --input data/who_flu_data.csv --output_dir data/extracted_data
2026-01-10 11:37:14,449 - INFO - ✅ Extraction successful for China, Hong Kong SAR
2026-01-10 11:37:14,449 - INFO - Running chronos inference: /home/david/miniconda3/bin/python src/scripts/chronos_inference.py --data_file data/extracted_data/China,_Hong_Kong_SAR_ili.csv --country_name China, Hong Kong SAR --prediction_length 54 --plot --test_split 0.1
2026-01-10 11:37:19,404 - INFO - ✅ Inference successful for China, Hong Kong SAR
2026-01-10 11:37:19,404 - INFO - 
🚀 Processing Colombia
2026-01-10 11:37:19,404 - INFO -    ILI cases: 194,969
2026-01-10 11:37:19,404 - INFO -    ARI cases: 177,611,322
2026-01-10 11:37:19,404 - INFO -    Data types: ARI, ILI
2026-01-10 11:37:19,404 - INFO - Running extraction: /home/david/miniconda3/bin/python enhanced_extract_country_data.py --country Colombia --input data/who_flu_data.csv --output_dir data/extracted_data
2026-01-10 11:37:20,691 - INFO - ✅ Extraction successful for Colombia
2026-01-10 11:37:20,691 - INFO - Running chronos inference: /home/david/miniconda3/bin/python src/scripts/chronos_inference.py --data_file data/extracted_data/Colombia_ili.csv --country_name Colombia --prediction_length 54 --plot --test_split 0.1
2026-01-10 11:37:25,505 - INFO - ✅ Inference successful for Colombia
2026-01-10 11:37:25,505 - INFO - 
🚀 Processing Cook Islands
2026-01-10 11:37:25,505 - INFO -    ILI cases: 3,586
2026-01-10 11:37:25,505 - INFO -    ARI cases: 0
2026-01-10 11:37:25,505 - INFO -    Data types: ILI
2026-01-10 11:37:25,505 - INFO - Running extraction: /home/david/miniconda3/bin/python enhanced_extract_country_data.py --country Cook Islands --input data/who_flu_data.csv --output_dir data/extracted_data
2026-01-10 11:37:26,806 - INFO - ✅ Extraction successful for Cook Islands
2026-01-10 11:37:26,806 - INFO - Running chronos inference: /home/david/miniconda3/bin/python src/scripts/chronos_inference.py --data_file data/extracted_data/Cook_Islands_ili.csv --country_name Cook Islands --prediction_length 54 --plot --test_split 0.1
2026-01-10 11:37:31,641 - INFO - ✅ Inference successful for Cook Islands
2026-01-10 11:37:31,641 - INFO - 
🚀 Processing Costa Rica
2026-01-10 11:37:31,641 - INFO -    ILI cases: 340,575
2026-01-10 11:37:31,641 - INFO -    ARI cases: 0
2026-01-10 11:37:31,641 - INFO -    Data types: ILI
2026-01-10 11:37:31,641 - INFO - Running extraction: /home/david/miniconda3/bin/python enhanced_extract_country_data.py --country Costa Rica --input data/who_flu_data.csv --output_dir data/extracted_data
2026-01-10 11:37:32,914 - INFO - ✅ Extraction successful for Costa Rica
2026-01-10 11:37:32,914 - INFO - Running chronos inference: /home/david/miniconda3/bin/python src/scripts/chronos_inference.py --data_file data/extracted_data/Costa_Rica_ili.csv --country_name Costa Rica --prediction_length 54 --plot --test_split 0.1
2026-01-10 11:37:37,757 - INFO - ✅ Inference successful for Costa Rica
2026-01-10 11:37:37,758 - INFO - 
🚀 Processing Croatia
2026-01-10 11:37:37,758 - INFO -    ILI cases: 1,182,789
2026-01-10 11:37:37,758 - INFO -    ARI cases: 0
2026-01-10 11:37:37,758 - INFO -    Data types: ARI, ILI
2026-01-10 11:37:37,758 - INFO - Running extraction: /home/david/miniconda3/bin/python enhanced_extract_country_data.py --country Croatia --input data/who_flu_data.csv --output_dir data/extracted_data
2026-01-10 11:37:39,041 - INFO - ✅ Extraction successful for Croatia
2026-01-10 11:37:39,041 - INFO - Running chronos inference: /home/david/miniconda3/bin/python src/scripts/chronos_inference.py --data_file data/extracted_data/Croatia_ili.csv --country_name Croatia --prediction_length 54 --plot --test_split 0.1
2026-01-10 11:37:43,886 - INFO - ✅ Inference successful for Croatia
2026-01-10 11:37:43,886 - INFO - 
📈 PROGRESS UPDATE
2026-01-10 11:37:43,886 - INFO -    Countries processed: 40/186
2026-01-10 11:37:43,886 - INFO -    Successful extractions: 39
2026-01-10 11:37:43,886 - INFO -    Failed extractions: 0
2026-01-10 11:37:43,886 - INFO -    Successful inferences: 39
2026-01-10 11:37:43,886 - INFO -    Failed inferences: 0
2026-01-10 11:37:43,886 - INFO -    Skipped countries: 1
2026-01-10 11:37:43,886 - INFO -    Average processing time: 3.0s per country
2026-01-10 11:37:43,887 - INFO - 
🚀 Processing Cuba
2026-01-10 11:37:43,887 - INFO -    ILI cases: 5,960
2026-01-10 11:37:43,887 - INFO -    ARI cases: 0
2026-01-10 11:37:43,887 - INFO -    Data types: ILI
2026-01-10 11:37:43,887 - INFO - Running extraction: /home/david/miniconda3/bin/python enhanced_extract_country_data.py --country Cuba --input data/who_flu_data.csv --output_dir data/extracted_data
2026-01-10 11:37:45,186 - INFO - ✅ Extraction successful for Cuba
2026-01-10 11:37:45,186 - INFO - Running chronos inference: /home/david/miniconda3/bin/python src/scripts/chronos_inference.py --data_file data/extracted_data/Cuba_ili.csv --country_name Cuba --prediction_length 54 --plot --test_split 0.1
2026-01-10 11:37:49,946 - INFO - ✅ Inference successful for Cuba
2026-01-10 11:37:49,946 - INFO - 
🚀 Processing Curaçao
2026-01-10 11:37:49,946 - INFO -    ILI cases: 1,252
2026-01-10 11:37:49,946 - INFO -    ARI cases: 0
2026-01-10 11:37:49,946 - INFO -    Data types: ILI
2026-01-10 11:37:49,946 - INFO - Running extraction: /home/david/miniconda3/bin/python enhanced_extract_country_data.py --country Curaçao --input data/who_flu_data.csv --output_dir data/extracted_data
2026-01-10 11:37:51,237 - INFO - ✅ Extraction successful for Curaçao
2026-01-10 11:37:51,237 - INFO - Running chronos inference: /home/david/miniconda3/bin/python src/scripts/chronos_inference.py --data_file data/extracted_data/Curaçao_ili.csv --country_name Curaçao --prediction_length 54 --plot --test_split 0.1
2026-01-10 11:37:55,994 - INFO - ✅ Inference successful for Curaçao
2026-01-10 11:37:55,994 - INFO - 
🚀 Processing Cyprus
2026-01-10 11:37:55,994 - INFO -    ILI cases: 13,430
2026-01-10 11:37:55,994 - INFO -    ARI cases: 168,146
2026-01-10 11:37:55,994 - INFO -    Data types: ARI, ILI
2026-01-10 11:37:55,994 - INFO - Running extraction: /home/david/miniconda3/bin/python enhanced_extract_country_data.py --country Cyprus --input data/who_flu_data.csv --output_dir data/extracted_data
2026-01-10 11:37:57,256 - INFO - ✅ Extraction successful for Cyprus
2026-01-10 11:37:57,257 - INFO - Running chronos inference: /home/david/miniconda3/bin/python src/scripts/chronos_inference.py --data_file data/extracted_data/Cyprus_ili.csv --country_name Cyprus --prediction_length 54 --plot --test_split 0.1
2026-01-10 11:38:02,180 - INFO - ✅ Inference successful for Cyprus
2026-01-10 11:38:02,180 - INFO - 
🚀 Processing Czechia
2026-01-10 11:38:02,181 - INFO -    ILI cases: 2,639,044
2026-01-10 11:38:02,181 - INFO -    ARI cases: 60,161,920
2026-01-10 11:38:02,181 - INFO -    Data types: ARI, ILI
2026-01-10 11:38:02,181 - INFO - Running extraction: /home/david/miniconda3/bin/python enhanced_extract_country_data.py --country Czechia --input data/who_flu_data.csv --output_dir data/extracted_data
2026-01-10 11:38:03,476 - INFO - ✅ Extraction successful for Czechia
2026-01-10 11:38:03,476 - INFO - Running chronos inference: /home/david/miniconda3/bin/python src/scripts/chronos_inference.py --data_file data/extracted_data/Czechia_ili.csv --country_name Czechia --prediction_length 54 --plot --test_split 0.1
2026-01-10 11:38:08,309 - INFO - ✅ Inference successful for Czechia
2026-01-10 11:38:08,309 - INFO - 
🚀 Processing Côte d’Ivoire
2026-01-10 11:38:08,309 - INFO -    ILI cases: 225,944
2026-01-10 11:38:08,309 - INFO -    ARI cases: 0
2026-01-10 11:38:08,309 - INFO -    Data types: ILI
2026-01-10 11:38:08,309 - INFO - Running extraction: /home/david/miniconda3/bin/python enhanced_extract_country_data.py --country Côte d’Ivoire --input data/who_flu_data.csv --output_dir data/extracted_data
2026-01-10 11:38:09,590 - INFO - ✅ Extraction successful for Côte d’Ivoire
2026-01-10 11:38:09,590 - INFO - Running chronos inference: /home/david/miniconda3/bin/python src/scripts/chronos_inference.py --data_file data/extracted_data/Côte_d’Ivoire_ili.csv --country_name Côte d’Ivoire --prediction_length 54 --plot --test_split 0.1
2026-01-10 11:38:14,594 - INFO - ✅ Inference successful for Côte d’Ivoire
2026-01-10 11:38:14,595 - INFO - 
📈 PROGRESS UPDATE
2026-01-10 11:38:14,595 - INFO -    Countries processed: 45/186
2026-01-10 11:38:14,595 - INFO -    Successful extractions: 44
2026-01-10 11:38:14,595 - INFO -    Failed extractions: 0
2026-01-10 11:38:14,595 - INFO -    Successful inferences: 44
2026-01-10 11:38:14,595 - INFO -    Failed inferences: 0
2026-01-10 11:38:14,595 - INFO -    Skipped countries: 1
2026-01-10 11:38:14,595 - INFO -    Average processing time: 3.0s per country
2026-01-10 11:38:14,595 - INFO - 
🚀 Processing Democratic People's Republic of Korea
2026-01-10 11:38:14,595 - INFO -    ILI cases: 80,443
2026-01-10 11:38:14,595 - INFO -    ARI cases: 0
2026-01-10 11:38:14,595 - INFO -    Data types: ILI
2026-01-10 11:38:14,595 - INFO - Running extraction: /home/david/miniconda3/bin/python enhanced_extract_country_data.py --country Democratic People's Republic of Korea --input data/who_flu_data.csv --output_dir data/extracted_data
2026-01-10 11:38:15,901 - INFO - ✅ Extraction successful for Democratic People's Republic of Korea
2026-01-10 11:38:15,901 - INFO - Running chronos inference: /home/david/miniconda3/bin/python src/scripts/chronos_inference.py --data_file data/extracted_data/Democratic_People's_Republic_of_Korea_ili.csv --country_name Democratic People's Republic of Korea --prediction_length 54 --plot --test_split 0.1
2026-01-10 11:38:20,650 - INFO - ✅ Inference successful for Democratic People's Republic of Korea
2026-01-10 11:38:20,651 - INFO - 
🚀 Processing Democratic Republic of the Congo
2026-01-10 11:38:20,651 - INFO -    ILI cases: 10,848
2026-01-10 11:38:20,651 - INFO -    ARI cases: 0
2026-01-10 11:38:20,651 - INFO -    Data types: ILI
2026-01-10 11:38:20,651 - INFO - Running extraction: /home/david/miniconda3/bin/python enhanced_extract_country_data.py --country Democratic Republic of the Congo --input data/who_flu_data.csv --output_dir data/extracted_data
2026-01-10 11:38:21,939 - INFO - ✅ Extraction successful for Democratic Republic of the Congo
2026-01-10 11:38:21,939 - INFO - Running chronos inference: /home/david/miniconda3/bin/python src/scripts/chronos_inference.py --data_file data/extracted_data/Democratic_Republic_of_the_Congo_ili.csv --country_name Democratic Republic of the Congo --prediction_length 54 --plot --test_split 0.1
2026-01-10 11:38:26,682 - INFO - ✅ Inference successful for Democratic Republic of the Congo
2026-01-10 11:38:26,682 - INFO - 
🚀 Processing Denmark
2026-01-10 11:38:26,682 - INFO -    ILI cases: 233,079
2026-01-10 11:38:26,682 - INFO -    ARI cases: 0
2026-01-10 11:38:26,682 - INFO -    Data types: ARI, ILI
2026-01-10 11:38:26,682 - INFO - Running extraction: /home/david/miniconda3/bin/python enhanced_extract_country_data.py --country Denmark --input data/who_flu_data.csv --output_dir data/extracted_data
2026-01-10 11:38:27,957 - INFO - ✅ Extraction successful for Denmark
2026-01-10 11:38:27,957 - INFO - Running chronos inference: /home/david/miniconda3/bin/python src/scripts/chronos_inference.py --data_file data/extracted_data/Denmark_ili.csv --country_name Denmark --prediction_length 54 --plot --test_split 0.1
2026-01-10 11:38:32,786 - INFO - ✅ Inference successful for Denmark
2026-01-10 11:38:32,787 - INFO - 
🚀 Processing Dominica
2026-01-10 11:38:32,787 - INFO -    ILI cases: 1,550
2026-01-10 11:38:32,787 - INFO -    ARI cases: 129
2026-01-10 11:38:32,787 - INFO -    Data types: ARI, ILI
2026-01-10 11:38:32,787 - INFO - Running extraction: /home/david/miniconda3/bin/python enhanced_extract_country_data.py --country Dominica --input data/who_flu_data.csv --output_dir data/extracted_data
2026-01-10 11:38:34,066 - INFO - ✅ Extraction successful for Dominica
2026-01-10 11:38:34,066 - INFO - Running chronos inference: /home/david/miniconda3/bin/python src/scripts/chronos_inference.py --data_file data/extracted_data/Dominica_ili.csv --country_name Dominica --prediction_length 54 --plot --test_split 0.1
2026-01-10 11:38:38,968 - INFO - ✅ Inference successful for Dominica
2026-01-10 11:38:38,969 - INFO - 
🚀 Processing Dominican Republic
2026-01-10 11:38:38,969 - INFO -    ILI cases: 2,748
2026-01-10 11:38:38,969 - INFO -    ARI cases: 12,832,922
2026-01-10 11:38:38,969 - INFO -    Data types: ARI, ILI
2026-01-10 11:38:38,969 - INFO - Running extraction: /home/david/miniconda3/bin/python enhanced_extract_country_data.py --country Dominican Republic --input data/who_flu_data.csv --output_dir data/extracted_data
2026-01-10 11:38:40,249 - INFO - ✅ Extraction successful for Dominican Republic
2026-01-10 11:38:40,249 - INFO - Running chronos inference: /home/david/miniconda3/bin/python src/scripts/chronos_inference.py --data_file data/extracted_data/Dominican_Republic_ili.csv --country_name Dominican Republic --prediction_length 54 --plot --test_split 0.1
2026-01-10 11:38:45,003 - INFO - ✅ Inference successful for Dominican Republic
2026-01-10 11:38:45,003 - INFO - 
📈 PROGRESS UPDATE
2026-01-10 11:38:45,003 - INFO -    Countries processed: 50/186
2026-01-10 11:38:45,003 - INFO -    Successful extractions: 49
2026-01-10 11:38:45,003 - INFO -    Failed extractions: 0
2026-01-10 11:38:45,003 - INFO -    Successful inferences: 49
2026-01-10 11:38:45,003 - INFO -    Failed inferences: 0
2026-01-10 11:38:45,003 - INFO -    Skipped countries: 1
2026-01-10 11:38:45,003 - INFO -    Average processing time: 3.0s per country
2026-01-10 11:38:45,003 - INFO - 🔮 Skipping Ecuador - no ILI or ARI data available
2026-01-10 11:38:45,003 - INFO - 
🚀 Processing Egypt
2026-01-10 11:38:45,003 - INFO -    ILI cases: 3,908
2026-01-10 11:38:45,003 - INFO -    ARI cases: 0
2026-01-10 11:38:45,003 - INFO -    Data types: ILI
2026-01-10 11:38:45,003 - INFO - Running extraction: /home/david/miniconda3/bin/python enhanced_extract_country_data.py --country Egypt --input data/who_flu_data.csv --output_dir data/extracted_data
2026-01-10 11:38:46,278 - INFO - ✅ Extraction successful for Egypt
2026-01-10 11:38:46,278 - INFO - Running chronos inference: /home/david/miniconda3/bin/python src/scripts/chronos_inference.py --data_file data/extracted_data/Egypt_ili.csv --country_name Egypt --prediction_length 54 --plot --test_split 0.1
2026-01-10 11:38:51,028 - INFO - ✅ Inference successful for Egypt
2026-01-10 11:38:51,029 - INFO - 
🚀 Processing El Salvador
2026-01-10 11:38:51,029 - INFO -    ILI cases: 984
2026-01-10 11:38:51,029 - INFO -    ARI cases: 25,297
2026-01-10 11:38:51,029 - INFO -    Data types: ARI, ILI
2026-01-10 11:38:51,029 - INFO - Running extraction: /home/david/miniconda3/bin/python enhanced_extract_country_data.py --country El Salvador --input data/who_flu_data.csv --output_dir data/extracted_data
2026-01-10 11:38:52,307 - INFO - ✅ Extraction successful for El Salvador
2026-01-10 11:38:52,307 - INFO - Running chronos inference: /home/david/miniconda3/bin/python src/scripts/chronos_inference.py --data_file data/extracted_data/El_Salvador_ili.csv --country_name El Salvador --prediction_length 54 --plot --test_split 0.1
2026-01-10 11:38:57,081 - INFO - ✅ Inference successful for El Salvador
2026-01-10 11:38:57,081 - INFO - 
🚀 Processing Estonia
2026-01-10 11:38:57,081 - INFO -    ILI cases: 235,592
2026-01-10 11:38:57,081 - INFO -    ARI cases: 3,138,833
2026-01-10 11:38:57,081 - INFO -    Data types: ARI, ILI
2026-01-10 11:38:57,081 - INFO - Running extraction: /home/david/miniconda3/bin/python enhanced_extract_country_data.py --country Estonia --input data/who_flu_data.csv --output_dir data/extracted_data
2026-01-10 11:38:58,353 - INFO - ✅ Extraction successful for Estonia
2026-01-10 11:38:58,353 - INFO - Running chronos inference: /home/david/miniconda3/bin/python src/scripts/chronos_inference.py --data_file data/extracted_data/Estonia_ili.csv --country_name Estonia --prediction_length 54 --plot --test_split 0.1
2026-01-10 11:39:03,168 - INFO - ✅ Inference successful for Estonia
2026-01-10 11:39:03,168 - INFO - 
🚀 Processing Ethiopia
2026-01-10 11:39:03,169 - INFO -    ILI cases: 240,887
2026-01-10 11:39:03,169 - INFO -    ARI cases: 0
2026-01-10 11:39:03,169 - INFO -    Data types: ILI
2026-01-10 11:39:03,169 - INFO - Running extraction: /home/david/miniconda3/bin/python enhanced_extract_country_data.py --country Ethiopia --input data/who_flu_data.csv --output_dir data/extracted_data
2026-01-10 11:39:04,460 - INFO - ✅ Extraction successful for Ethiopia
2026-01-10 11:39:04,460 - INFO - Running chronos inference: /home/david/miniconda3/bin/python src/scripts/chronos_inference.py --data_file data/extracted_data/Ethiopia_ili.csv --country_name Ethiopia --prediction_length 54 --plot --test_split 0.1
2026-01-10 11:39:09,314 - INFO - ✅ Inference successful for Ethiopia
2026-01-10 11:39:09,314 - INFO - 
📈 PROGRESS UPDATE
2026-01-10 11:39:09,314 - INFO -    Countries processed: 55/186
2026-01-10 11:39:09,314 - INFO -    Successful extractions: 53
2026-01-10 11:39:09,314 - INFO -    Failed extractions: 0
2026-01-10 11:39:09,314 - INFO -    Successful inferences: 53
2026-01-10 11:39:09,314 - INFO -    Failed inferences: 0
2026-01-10 11:39:09,314 - INFO -    Skipped countries: 2
2026-01-10 11:39:09,314 - INFO -    Average processing time: 3.0s per country
2026-01-10 11:39:09,314 - INFO - 
🚀 Processing Fiji
2026-01-10 11:39:09,314 - INFO -    ILI cases: 150,216
2026-01-10 11:39:09,314 - INFO -    ARI cases: 26,450
2026-01-10 11:39:09,314 - INFO -    Data types: ARI, ILI
2026-01-10 11:39:09,314 - INFO - Running extraction: /home/david/miniconda3/bin/python enhanced_extract_country_data.py --country Fiji --input data/who_flu_data.csv --output_dir data/extracted_data
2026-01-10 11:39:10,577 - INFO - ✅ Extraction successful for Fiji
2026-01-10 11:39:10,577 - INFO - Running chronos inference: /home/david/miniconda3/bin/python src/scripts/chronos_inference.py --data_file data/extracted_data/Fiji_ili.csv --country_name Fiji --prediction_length 54 --plot --test_split 0.1
2026-01-10 11:39:15,421 - INFO - ✅ Inference successful for Fiji
2026-01-10 11:39:15,421 - INFO - 
🚀 Processing Finland
2026-01-10 11:39:15,421 - INFO -    ILI cases: 217,566
2026-01-10 11:39:15,421 - INFO -    ARI cases: 27,416,271
2026-01-10 11:39:15,421 - INFO -    Data types: ARI, ILI
2026-01-10 11:39:15,421 - INFO - Running extraction: /home/david/miniconda3/bin/python enhanced_extract_country_data.py --country Finland --input data/who_flu_data.csv --output_dir data/extracted_data
2026-01-10 11:39:16,678 - INFO - ✅ Extraction successful for Finland
2026-01-10 11:39:16,678 - INFO - Running chronos inference: /home/david/miniconda3/bin/python src/scripts/chronos_inference.py --data_file data/extracted_data/Finland_ili.csv --country_name Finland --prediction_length 54 --plot --test_split 0.1
2026-01-10 11:39:21,464 - INFO - ✅ Inference successful for Finland
2026-01-10 11:39:21,465 - INFO - 
🚀 Processing France
2026-01-10 11:39:21,465 - INFO -    ILI cases: 57,613,926
2026-01-10 11:39:21,465 - INFO -    ARI cases: 52,818,682
2026-01-10 11:39:21,465 - INFO -    Data types: ARI, ILI
2026-01-10 11:39:21,465 - INFO - Running extraction: /home/david/miniconda3/bin/python enhanced_extract_country_data.py --country France --input data/who_flu_data.csv --output_dir data/extracted_data
2026-01-10 11:39:22,746 - INFO - ✅ Extraction successful for France
2026-01-10 11:39:22,746 - INFO - Running chronos inference: /home/david/miniconda3/bin/python src/scripts/chronos_inference.py --data_file data/extracted_data/France_ili.csv --country_name France --prediction_length 54 --plot --test_split 0.1
2026-01-10 11:39:27,572 - INFO - ✅ Inference successful for France
2026-01-10 11:39:27,572 - INFO - 
🚀 Processing French Polynesia
2026-01-10 11:39:27,572 - INFO -    ILI cases: 73,156
2026-01-10 11:39:27,572 - INFO -    ARI cases: 0
2026-01-10 11:39:27,572 - INFO -    Data types: ILI
2026-01-10 11:39:27,572 - INFO - Running extraction: /home/david/miniconda3/bin/python enhanced_extract_country_data.py --country French Polynesia --input data/who_flu_data.csv --output_dir data/extracted_data
2026-01-10 11:39:28,873 - INFO - ✅ Extraction successful for French Polynesia
2026-01-10 11:39:28,874 - INFO - Running chronos inference: /home/david/miniconda3/bin/python src/scripts/chronos_inference.py --data_file data/extracted_data/French_Polynesia_ili.csv --country_name French Polynesia --prediction_length 54 --plot --test_split 0.1
2026-01-10 11:39:33,712 - INFO - ✅ Inference successful for French Polynesia
2026-01-10 11:39:33,712 - INFO - 
🚀 Processing Gabon
2026-01-10 11:39:33,712 - INFO -    ILI cases: 1,620
2026-01-10 11:39:33,712 - INFO -    ARI cases: 0
2026-01-10 11:39:33,712 - INFO -    Data types: ILI
2026-01-10 11:39:33,712 - INFO - Running extraction: /home/david/miniconda3/bin/python enhanced_extract_country_data.py --country Gabon --input data/who_flu_data.csv --output_dir data/extracted_data
2026-01-10 11:39:35,001 - INFO - ✅ Extraction successful for Gabon
2026-01-10 11:39:35,001 - INFO - Running chronos inference: /home/david/miniconda3/bin/python src/scripts/chronos_inference.py --data_file data/extracted_data/Gabon_ili.csv --country_name Gabon --prediction_length 54 --plot --test_split 0.1
2026-01-10 11:39:39,761 - INFO - ✅ Inference successful for Gabon
2026-01-10 11:39:39,761 - INFO - 
📈 PROGRESS UPDATE
2026-01-10 11:39:39,761 - INFO -    Countries processed: 60/186
2026-01-10 11:39:39,761 - INFO -    Successful extractions: 58
2026-01-10 11:39:39,761 - INFO -    Failed extractions: 0
2026-01-10 11:39:39,761 - INFO -    Successful inferences: 58
2026-01-10 11:39:39,761 - INFO -    Failed inferences: 0
2026-01-10 11:39:39,761 - INFO -    Skipped countries: 2
2026-01-10 11:39:39,761 - INFO -    Average processing time: 3.0s per country
2026-01-10 11:39:39,761 - INFO - 
🚀 Processing Georgia
2026-01-10 11:39:39,761 - INFO -    ILI cases: 235,154
2026-01-10 11:39:39,761 - INFO -    ARI cases: 377,720
2026-01-10 11:39:39,761 - INFO -    Data types: ARI, ILI
2026-01-10 11:39:39,761 - INFO - Running extraction: /home/david/miniconda3/bin/python enhanced_extract_country_data.py --country Georgia --input data/who_flu_data.csv --output_dir data/extracted_data
2026-01-10 11:39:41,063 - INFO - ✅ Extraction successful for Georgia
2026-01-10 11:39:41,063 - INFO - Running chronos inference: /home/david/miniconda3/bin/python src/scripts/chronos_inference.py --data_file data/extracted_data/Georgia_ili.csv --country_name Georgia --prediction_length 54 --plot --test_split 0.1
2026-01-10 11:39:45,888 - INFO - ✅ Inference successful for Georgia
2026-01-10 11:39:45,889 - INFO - 
🚀 Processing Germany
2026-01-10 11:39:45,889 - INFO -    ILI cases: 0
2026-01-10 11:39:45,889 - INFO -    ARI cases: 19,318,638
2026-01-10 11:39:45,889 - INFO -    Data types: ARI, ILI
2026-01-10 11:39:45,889 - INFO - Running extraction: /home/david/miniconda3/bin/python enhanced_extract_country_data.py --country Germany --input data/who_flu_data.csv --output_dir data/extracted_data
2026-01-10 11:39:47,204 - INFO - ✅ Extraction successful for Germany
2026-01-10 11:39:47,204 - INFO - Running chronos inference: /home/david/miniconda3/bin/python src/scripts/chronos_inference.py --data_file data/extracted_data/Germany_ari.csv --country_name Germany --prediction_length 54 --plot --test_split 0.1
2026-01-10 11:39:52,089 - INFO - ✅ Inference successful for Germany
2026-01-10 11:39:52,089 - INFO - 
🚀 Processing Ghana
2026-01-10 11:39:52,089 - INFO -    ILI cases: 104,346
2026-01-10 11:39:52,089 - INFO -    ARI cases: 0
2026-01-10 11:39:52,089 - INFO -    Data types: ILI
2026-01-10 11:39:52,089 - INFO - Running extraction: /home/david/miniconda3/bin/python enhanced_extract_country_data.py --country Ghana --input data/who_flu_data.csv --output_dir data/extracted_data
2026-01-10 11:39:53,354 - INFO - ✅ Extraction successful for Ghana
2026-01-10 11:39:53,354 - INFO - Running chronos inference: /home/david/miniconda3/bin/python src/scripts/chronos_inference.py --data_file data/extracted_data/Ghana_ili.csv --country_name Ghana --prediction_length 54 --plot --test_split 0.1
2026-01-10 11:39:58,220 - INFO - ✅ Inference successful for Ghana
2026-01-10 11:39:58,221 - INFO - 
🚀 Processing Greece
2026-01-10 11:39:58,221 - INFO -    ILI cases: 820,585
2026-01-10 11:39:58,221 - INFO -    ARI cases: 0
2026-01-10 11:39:58,221 - INFO -    Data types: ARI, ILI
2026-01-10 11:39:58,221 - INFO - Running extraction: /home/david/miniconda3/bin/python enhanced_extract_country_data.py --country Greece --input data/who_flu_data.csv --output_dir data/extracted_data
2026-01-10 11:39:59,510 - INFO - ✅ Extraction successful for Greece
2026-01-10 11:39:59,510 - INFO - Running chronos inference: /home/david/miniconda3/bin/python src/scripts/chronos_inference.py --data_file data/extracted_data/Greece_ili.csv --country_name Greece --prediction_length 54 --plot --test_split 0.1
2026-01-10 11:40:04,347 - INFO - ✅ Inference successful for Greece
2026-01-10 11:40:04,347 - INFO - 
🚀 Processing Grenada
2026-01-10 11:40:04,347 - INFO -    ILI cases: 10,704
2026-01-10 11:40:04,347 - INFO -    ARI cases: 0
2026-01-10 11:40:04,347 - INFO -    Data types: ILI
2026-01-10 11:40:04,347 - INFO - Running extraction: /home/david/miniconda3/bin/python enhanced_extract_country_data.py --country Grenada --input data/who_flu_data.csv --output_dir data/extracted_data
2026-01-10 11:40:05,613 - INFO - ✅ Extraction successful for Grenada
2026-01-10 11:40:05,613 - INFO - Running chronos inference: /home/david/miniconda3/bin/python src/scripts/chronos_inference.py --data_file data/extracted_data/Grenada_ili.csv --country_name Grenada --prediction_length 54 --plot --test_split 0.1
2026-01-10 11:40:10,339 - INFO - ✅ Inference successful for Grenada
2026-01-10 11:40:10,339 - INFO - 
📈 PROGRESS UPDATE
2026-01-10 11:40:10,339 - INFO -    Countries processed: 65/186
2026-01-10 11:40:10,339 - INFO -    Successful extractions: 63
2026-01-10 11:40:10,339 - INFO -    Failed extractions: 0
2026-01-10 11:40:10,339 - INFO -    Successful inferences: 63
2026-01-10 11:40:10,339 - INFO -    Failed inferences: 0
2026-01-10 11:40:10,339 - INFO -    Skipped countries: 2
2026-01-10 11:40:10,339 - INFO -    Average processing time: 3.0s per country
2026-01-10 11:40:10,340 - INFO - 
🚀 Processing Guam
2026-01-10 11:40:10,340 - INFO -    ILI cases: 5,902
2026-01-10 11:40:10,340 - INFO -    ARI cases: 0
2026-01-10 11:40:10,340 - INFO -    Data types: ILI
2026-01-10 11:40:10,340 - INFO - Running extraction: /home/david/miniconda3/bin/python enhanced_extract_country_data.py --country Guam --input data/who_flu_data.csv --output_dir data/extracted_data
2026-01-10 11:40:11,631 - INFO - ✅ Extraction successful for Guam
2026-01-10 11:40:11,631 - INFO - Running chronos inference: /home/david/miniconda3/bin/python src/scripts/chronos_inference.py --data_file data/extracted_data/Guam_ili.csv --country_name Guam --prediction_length 54 --plot --test_split 0.1
2026-01-10 11:40:16,479 - INFO - ✅ Inference successful for Guam
2026-01-10 11:40:16,480 - INFO - 
🚀 Processing Guatemala
2026-01-10 11:40:16,480 - INFO -    ILI cases: 62,360
2026-01-10 11:40:16,480 - INFO -    ARI cases: 34,360,534
2026-01-10 11:40:16,480 - INFO -    Data types: ARI, ILI
2026-01-10 11:40:16,480 - INFO - Running extraction: /home/david/miniconda3/bin/python enhanced_extract_country_data.py --country Guatemala --input data/who_flu_data.csv --output_dir data/extracted_data
2026-01-10 11:40:17,775 - INFO - ✅ Extraction successful for Guatemala
2026-01-10 11:40:17,775 - INFO - Running chronos inference: /home/david/miniconda3/bin/python src/scripts/chronos_inference.py --data_file data/extracted_data/Guatemala_ili.csv --country_name Guatemala --prediction_length 54 --plot --test_split 0.1
2026-01-10 11:40:22,546 - INFO - ✅ Inference successful for Guatemala
2026-01-10 11:40:22,546 - INFO - 
🚀 Processing Guinea
2026-01-10 11:40:22,547 - INFO -    ILI cases: 65,082
2026-01-10 11:40:22,547 - INFO -    ARI cases: 0
2026-01-10 11:40:22,547 - INFO -    Data types: ILI
2026-01-10 11:40:22,547 - INFO - Running extraction: /home/david/miniconda3/bin/python enhanced_extract_country_data.py --country Guinea --input data/who_flu_data.csv --output_dir data/extracted_data
2026-01-10 11:40:23,835 - INFO - ✅ Extraction successful for Guinea
2026-01-10 11:40:23,835 - INFO - Running chronos inference: /home/david/miniconda3/bin/python src/scripts/chronos_inference.py --data_file data/extracted_data/Guinea_ili.csv --country_name Guinea --prediction_length 54 --plot --test_split 0.1
2026-01-10 11:40:28,601 - INFO - ✅ Inference successful for Guinea
2026-01-10 11:40:28,601 - INFO - 
🚀 Processing Guyana
2026-01-10 11:40:28,601 - INFO -    ILI cases: 52,849
2026-01-10 11:40:28,601 - INFO -    ARI cases: 3,505
2026-01-10 11:40:28,601 - INFO -    Data types: ARI, ILI
2026-01-10 11:40:28,602 - INFO - Running extraction: /home/david/miniconda3/bin/python enhanced_extract_country_data.py --country Guyana --input data/who_flu_data.csv --output_dir data/extracted_data
2026-01-10 11:40:29,897 - INFO - ✅ Extraction successful for Guyana
2026-01-10 11:40:29,897 - INFO - Running chronos inference: /home/david/miniconda3/bin/python src/scripts/chronos_inference.py --data_file data/extracted_data/Guyana_ili.csv --country_name Guyana --prediction_length 54 --plot --test_split 0.1
2026-01-10 11:40:34,711 - INFO - ✅ Inference successful for Guyana
2026-01-10 11:40:34,711 - INFO - 🔮 Skipping Haiti - no ILI or ARI data available
2026-01-10 11:40:34,711 - INFO - 
📈 PROGRESS UPDATE
2026-01-10 11:40:34,711 - INFO -    Countries processed: 70/186
2026-01-10 11:40:34,712 - INFO -    Successful extractions: 67
2026-01-10 11:40:34,712 - INFO -    Failed extractions: 0
2026-01-10 11:40:34,712 - INFO -    Successful inferences: 67
2026-01-10 11:40:34,712 - INFO -    Failed inferences: 0
2026-01-10 11:40:34,712 - INFO -    Skipped countries: 3
2026-01-10 11:40:34,712 - INFO -    Average processing time: 3.0s per country
2026-01-10 11:40:34,712 - INFO - 
🚀 Processing Honduras
2026-01-10 11:40:34,712 - INFO -    ILI cases: 382,656
2026-01-10 11:40:34,712 - INFO -    ARI cases: 0
2026-01-10 11:40:34,712 - INFO -    Data types: ILI
2026-01-10 11:40:34,712 - INFO - Running extraction: /home/david/miniconda3/bin/python enhanced_extract_country_data.py --country Honduras --input data/who_flu_data.csv --output_dir data/extracted_data
2026-01-10 11:40:35,997 - INFO - ✅ Extraction successful for Honduras
2026-01-10 11:40:35,997 - INFO - Running chronos inference: /home/david/miniconda3/bin/python src/scripts/chronos_inference.py --data_file data/extracted_data/Honduras_ili.csv --country_name Honduras --prediction_length 54 --plot --test_split 0.1
2026-01-10 11:40:40,846 - INFO - ✅ Inference successful for Honduras
2026-01-10 11:40:40,847 - INFO - 
🚀 Processing Hungary
2026-01-10 11:40:40,847 - INFO -    ILI cases: 3,728,299
2026-01-10 11:40:40,847 - INFO -    ARI cases: 9,196,798
2026-01-10 11:40:40,847 - INFO -    Data types: ARI, ILI
2026-01-10 11:40:40,847 - INFO - Running extraction: /home/david/miniconda3/bin/python enhanced_extract_country_data.py --country Hungary --input data/who_flu_data.csv --output_dir data/extracted_data
2026-01-10 11:40:42,111 - INFO - ✅ Extraction successful for Hungary
2026-01-10 11:40:42,111 - INFO - Running chronos inference: /home/david/miniconda3/bin/python src/scripts/chronos_inference.py --data_file data/extracted_data/Hungary_ili.csv --country_name Hungary --prediction_length 54 --plot --test_split 0.1
2026-01-10 11:40:46,971 - INFO - ✅ Inference successful for Hungary
2026-01-10 11:40:46,972 - INFO - 
🚀 Processing Iceland
2026-01-10 11:40:46,972 - INFO -    ILI cases: 67,603
2026-01-10 11:40:46,972 - INFO -    ARI cases: 666,686
2026-01-10 11:40:46,972 - INFO -    Data types: ARI, ILI
2026-01-10 11:40:46,972 - INFO - Running extraction: /home/david/miniconda3/bin/python enhanced_extract_country_data.py --country Iceland --input data/who_flu_data.csv --output_dir data/extracted_data
2026-01-10 11:40:48,256 - INFO - ✅ Extraction successful for Iceland
2026-01-10 11:40:48,256 - INFO - Running chronos inference: /home/david/miniconda3/bin/python src/scripts/chronos_inference.py --data_file data/extracted_data/Iceland_ili.csv --country_name Iceland --prediction_length 54 --plot --test_split 0.1
2026-01-10 11:40:53,072 - INFO - ✅ Inference successful for Iceland
2026-01-10 11:40:53,072 - INFO - 
🚀 Processing Indonesia
2026-01-10 11:40:53,072 - INFO -    ILI cases: 58,165
2026-01-10 11:40:53,072 - INFO -    ARI cases: 0
2026-01-10 11:40:53,072 - INFO -    Data types: ILI
2026-01-10 11:40:53,072 - INFO - Running extraction: /home/david/miniconda3/bin/python enhanced_extract_country_data.py --country Indonesia --input data/who_flu_data.csv --output_dir data/extracted_data
2026-01-10 11:40:54,358 - INFO - ✅ Extraction successful for Indonesia
2026-01-10 11:40:54,358 - INFO - Running chronos inference: /home/david/miniconda3/bin/python src/scripts/chronos_inference.py --data_file data/extracted_data/Indonesia_ili.csv --country_name Indonesia --prediction_length 54 --plot --test_split 0.1
2026-01-10 11:40:59,240 - INFO - ✅ Inference successful for Indonesia
2026-01-10 11:40:59,241 - INFO - 
🚀 Processing Iran (Islamic Republic of)
2026-01-10 11:40:59,241 - INFO -    ILI cases: 6,104
2026-01-10 11:40:59,241 - INFO -    ARI cases: 0
2026-01-10 11:40:59,241 - INFO -    Data types: ILI
2026-01-10 11:40:59,241 - INFO - Running extraction: /home/david/miniconda3/bin/python enhanced_extract_country_data.py --country Iran (Islamic Republic of) --input data/who_flu_data.csv --output_dir data/extracted_data
2026-01-10 11:41:00,551 - INFO - ✅ Extraction successful for Iran (Islamic Republic of)
2026-01-10 11:41:00,551 - INFO - Running chronos inference: /home/david/miniconda3/bin/python src/scripts/chronos_inference.py --data_file data/extracted_data/Iran_(Islamic_Republic_of)_ili.csv --country_name Iran (Islamic Republic of) --prediction_length 54 --plot --test_split 0.1
2026-01-10 11:41:05,300 - INFO - ✅ Inference successful for Iran (Islamic Republic of)
2026-01-10 11:41:05,300 - INFO - 
📈 PROGRESS UPDATE
2026-01-10 11:41:05,300 - INFO -    Countries processed: 75/186
2026-01-10 11:41:05,300 - INFO -    Successful extractions: 72
2026-01-10 11:41:05,300 - INFO -    Failed extractions: 0
2026-01-10 11:41:05,300 - INFO -    Successful inferences: 72
2026-01-10 11:41:05,300 - INFO -    Failed inferences: 0
2026-01-10 11:41:05,300 - INFO -    Skipped countries: 3
2026-01-10 11:41:05,300 - INFO -    Average processing time: 3.0s per country
2026-01-10 11:41:05,300 - INFO - 
🚀 Processing Iraq
2026-01-10 11:41:05,300 - INFO -    ILI cases: 7,160
2026-01-10 11:41:05,300 - INFO -    ARI cases: 0
2026-01-10 11:41:05,300 - INFO -    Data types: ILI
2026-01-10 11:41:05,300 - INFO - Running extraction: /home/david/miniconda3/bin/python enhanced_extract_country_data.py --country Iraq --input data/who_flu_data.csv --output_dir data/extracted_data
2026-01-10 11:41:06,558 - INFO - ✅ Extraction successful for Iraq
2026-01-10 11:41:06,558 - INFO - Running chronos inference: /home/david/miniconda3/bin/python src/scripts/chronos_inference.py --data_file data/extracted_data/Iraq_ili.csv --country_name Iraq --prediction_length 54 --plot --test_split 0.1
2026-01-10 11:41:11,338 - INFO - ✅ Inference successful for Iraq
2026-01-10 11:41:11,339 - INFO - 
🚀 Processing Ireland
2026-01-10 11:41:11,339 - INFO -    ILI cases: 82,754
2026-01-10 11:41:11,339 - INFO -    ARI cases: 39,592
2026-01-10 11:41:11,339 - INFO -    Data types: ARI, ILI
2026-01-10 11:41:11,339 - INFO - Running extraction: /home/david/miniconda3/bin/python enhanced_extract_country_data.py --country Ireland --input data/who_flu_data.csv --output_dir data/extracted_data
2026-01-10 11:41:12,638 - INFO - ✅ Extraction successful for Ireland
2026-01-10 11:41:12,638 - INFO - Running chronos inference: /home/david/miniconda3/bin/python src/scripts/chronos_inference.py --data_file data/extracted_data/Ireland_ili.csv --country_name Ireland --prediction_length 54 --plot --test_split 0.1
2026-01-10 11:41:17,488 - INFO - ✅ Inference successful for Ireland
2026-01-10 11:41:17,488 - INFO - 
🚀 Processing Israel
2026-01-10 11:41:17,488 - INFO -    ILI cases: 884,816
2026-01-10 11:41:17,488 - INFO -    ARI cases: 0
2026-01-10 11:41:17,488 - INFO -    Data types: ARI, ILI
2026-01-10 11:41:17,488 - INFO - Running extraction: /home/david/miniconda3/bin/python enhanced_extract_country_data.py --country Israel --input data/who_flu_data.csv --output_dir data/extracted_data
2026-01-10 11:41:18,782 - INFO - ✅ Extraction successful for Israel
2026-01-10 11:41:18,782 - INFO - Running chronos inference: /home/david/miniconda3/bin/python src/scripts/chronos_inference.py --data_file data/extracted_data/Israel_ili.csv --country_name Israel --prediction_length 54 --plot --test_split 0.1
2026-01-10 11:41:23,607 - INFO - ✅ Inference successful for Israel
2026-01-10 11:41:23,607 - INFO - 
🚀 Processing Italy
2026-01-10 11:41:23,607 - INFO -    ILI cases: 6,187,340
2026-01-10 11:41:23,607 - INFO -    ARI cases: 417,040
2026-01-10 11:41:23,607 - INFO -    Data types: ARI, ILI
2026-01-10 11:41:23,607 - INFO - Running extraction: /home/david/miniconda3/bin/python enhanced_extract_country_data.py --country Italy --input data/who_flu_data.csv --output_dir data/extracted_data
2026-01-10 11:41:24,891 - INFO - ✅ Extraction successful for Italy
2026-01-10 11:41:24,891 - INFO - Running chronos inference: /home/david/miniconda3/bin/python src/scripts/chronos_inference.py --data_file data/extracted_data/Italy_ili.csv --country_name Italy --prediction_length 54 --plot --test_split 0.1
2026-01-10 11:41:29,769 - INFO - ✅ Inference successful for Italy
2026-01-10 11:41:29,770 - INFO - 
🚀 Processing Jamaica
2026-01-10 11:41:29,770 - INFO -    ILI cases: 0
2026-01-10 11:41:29,770 - INFO -    ARI cases: 1,373,120
2026-01-10 11:41:29,770 - INFO -    Data types: ARI
2026-01-10 11:41:29,770 - INFO - Running extraction: /home/david/miniconda3/bin/python enhanced_extract_country_data.py --country Jamaica --input data/who_flu_data.csv --output_dir data/extracted_data
2026-01-10 11:41:31,070 - INFO - ✅ Extraction successful for Jamaica
2026-01-10 11:41:31,071 - INFO - Running chronos inference: /home/david/miniconda3/bin/python src/scripts/chronos_inference.py --data_file data/extracted_data/Jamaica_ari.csv --country_name Jamaica --prediction_length 54 --plot --test_split 0.1
2026-01-10 11:41:35,906 - INFO - ✅ Inference successful for Jamaica
2026-01-10 11:41:35,906 - INFO - 
📈 PROGRESS UPDATE
2026-01-10 11:41:35,906 - INFO -    Countries processed: 80/186
2026-01-10 11:41:35,906 - INFO -    Successful extractions: 77
2026-01-10 11:41:35,906 - INFO -    Failed extractions: 0
2026-01-10 11:41:35,906 - INFO -    Successful inferences: 77
2026-01-10 11:41:35,906 - INFO -    Failed inferences: 0
2026-01-10 11:41:35,907 - INFO -    Skipped countries: 3
2026-01-10 11:41:35,907 - INFO -    Average processing time: 3.0s per country
2026-01-10 11:41:35,907 - INFO - 
🚀 Processing Jordan
2026-01-10 11:41:35,907 - INFO -    ILI cases: 7,170
2026-01-10 11:41:35,907 - INFO -    ARI cases: 0
2026-01-10 11:41:35,907 - INFO -    Data types: ILI
2026-01-10 11:41:35,907 - INFO - Running extraction: /home/david/miniconda3/bin/python enhanced_extract_country_data.py --country Jordan --input data/who_flu_data.csv --output_dir data/extracted_data
2026-01-10 11:41:37,181 - INFO - ✅ Extraction successful for Jordan
2026-01-10 11:41:37,181 - INFO - Running chronos inference: /home/david/miniconda3/bin/python src/scripts/chronos_inference.py --data_file data/extracted_data/Jordan_ili.csv --country_name Jordan --prediction_length 54 --plot --test_split 0.1
2026-01-10 11:41:41,962 - INFO - ✅ Inference successful for Jordan
2026-01-10 11:41:41,962 - INFO - 
🚀 Processing Kazakhstan
2026-01-10 11:41:41,962 - INFO -    ILI cases: 1,017,663
2026-01-10 11:41:41,962 - INFO -    ARI cases: 48,554,849
2026-01-10 11:41:41,962 - INFO -    Data types: ARI, ILI
2026-01-10 11:41:41,962 - INFO - Running extraction: /home/david/miniconda3/bin/python enhanced_extract_country_data.py --country Kazakhstan --input data/who_flu_data.csv --output_dir data/extracted_data
2026-01-10 11:41:43,230 - INFO - ✅ Extraction successful for Kazakhstan
2026-01-10 11:41:43,230 - INFO - Running chronos inference: /home/david/miniconda3/bin/python src/scripts/chronos_inference.py --data_file data/extracted_data/Kazakhstan_ili.csv --country_name Kazakhstan --prediction_length 54 --plot --test_split 0.1
2026-01-10 11:41:48,098 - INFO - ✅ Inference successful for Kazakhstan
2026-01-10 11:41:48,098 - INFO - 
🚀 Processing Kenya
2026-01-10 11:41:48,098 - INFO -    ILI cases: 7,244
2026-01-10 11:41:48,098 - INFO -    ARI cases: 0
2026-01-10 11:41:48,098 - INFO -    Data types: ILI
2026-01-10 11:41:48,098 - INFO - Running extraction: /home/david/miniconda3/bin/python enhanced_extract_country_data.py --country Kenya --input data/who_flu_data.csv --output_dir data/extracted_data
2026-01-10 11:41:49,403 - INFO - ✅ Extraction successful for Kenya
2026-01-10 11:41:49,403 - INFO - Running chronos inference: /home/david/miniconda3/bin/python src/scripts/chronos_inference.py --data_file data/extracted_data/Kenya_ili.csv --country_name Kenya --prediction_length 54 --plot --test_split 0.1
2026-01-10 11:41:54,199 - INFO - ✅ Inference successful for Kenya
2026-01-10 11:41:54,199 - INFO - 
🚀 Processing Kiribati
2026-01-10 11:41:54,199 - INFO -    ILI cases: 205,651
2026-01-10 11:41:54,199 - INFO -    ARI cases: 0
2026-01-10 11:41:54,199 - INFO -    Data types: ILI
2026-01-10 11:41:54,199 - INFO - Running extraction: /home/david/miniconda3/bin/python enhanced_extract_country_data.py --country Kiribati --input data/who_flu_data.csv --output_dir data/extracted_data
2026-01-10 11:41:55,468 - INFO - ✅ Extraction successful for Kiribati
2026-01-10 11:41:55,468 - INFO - Running chronos inference: /home/david/miniconda3/bin/python src/scripts/chronos_inference.py --data_file data/extracted_data/Kiribati_ili.csv --country_name Kiribati --prediction_length 54 --plot --test_split 0.1
2026-01-10 11:42:00,376 - INFO - ✅ Inference successful for Kiribati
2026-01-10 11:42:00,376 - INFO - 
🚀 Processing Kosovo (in accordance with UN Security Council resolution 1244 (1999))
2026-01-10 11:42:00,376 - INFO -    ILI cases: 1,392,536
2026-01-10 11:42:00,376 - INFO -    ARI cases: 146,940
2026-01-10 11:42:00,376 - INFO -    Data types: ARI, ILI
2026-01-10 11:42:00,376 - INFO - Running extraction: /home/david/miniconda3/bin/python enhanced_extract_country_data.py --country Kosovo (in accordance with UN Security Council resolution 1244 (1999)) --input data/who_flu_data.csv --output_dir data/extracted_data
2026-01-10 11:42:01,644 - INFO - ✅ Extraction successful for Kosovo (in accordance with UN Security Council resolution 1244 (1999))
2026-01-10 11:42:01,644 - INFO - Running chronos inference: /home/david/miniconda3/bin/python src/scripts/chronos_inference.py --data_file data/extracted_data/Kosovo_(in_accordance_with_UN_Security_Council_resolution_1244_(1999))_ili.csv --country_name Kosovo (in accordance with UN Security Council resolution 1244 (1999)) --prediction_length 54 --plot --test_split 0.1
2026-01-10 11:42:06,450 - INFO - ✅ Inference successful for Kosovo (in accordance with UN Security Council resolution 1244 (1999))
2026-01-10 11:42:06,451 - INFO - 
📈 PROGRESS UPDATE
2026-01-10 11:42:06,451 - INFO -    Countries processed: 85/186
2026-01-10 11:42:06,451 - INFO -    Successful extractions: 82
2026-01-10 11:42:06,451 - INFO -    Failed extractions: 0
2026-01-10 11:42:06,451 - INFO -    Successful inferences: 82
2026-01-10 11:42:06,451 - INFO -    Failed inferences: 0
2026-01-10 11:42:06,451 - INFO -    Skipped countries: 3
2026-01-10 11:42:06,451 - INFO -    Average processing time: 3.0s per country
2026-01-10 11:42:06,451 - INFO - 
🚀 Processing Kuwait
2026-01-10 11:42:06,451 - INFO -    ILI cases: 194
2026-01-10 11:42:06,451 - INFO -    ARI cases: 0
2026-01-10 11:42:06,451 - INFO -    Data types: ILI
2026-01-10 11:42:06,451 - INFO - Running extraction: /home/david/miniconda3/bin/python enhanced_extract_country_data.py --country Kuwait --input data/who_flu_data.csv --output_dir data/extracted_data
2026-01-10 11:42:07,751 - INFO - ✅ Extraction successful for Kuwait
2026-01-10 11:42:07,751 - INFO - Running chronos inference: /home/david/miniconda3/bin/python src/scripts/chronos_inference.py --data_file data/extracted_data/Kuwait_ili.csv --country_name Kuwait --prediction_length 54 --plot --test_split 0.1
2026-01-10 11:42:12,600 - INFO - ✅ Inference successful for Kuwait
2026-01-10 11:42:12,600 - INFO - 
🚀 Processing Kyrgyzstan
2026-01-10 11:42:12,600 - INFO -    ILI cases: 18,071
2026-01-10 11:42:12,600 - INFO -    ARI cases: 5,613,842
2026-01-10 11:42:12,600 - INFO -    Data types: ARI, ILI
2026-01-10 11:42:12,600 - INFO - Running extraction: /home/david/miniconda3/bin/python enhanced_extract_country_data.py --country Kyrgyzstan --input data/who_flu_data.csv --output_dir data/extracted_data
2026-01-10 11:42:13,899 - INFO - ✅ Extraction successful for Kyrgyzstan
2026-01-10 11:42:13,899 - INFO - Running chronos inference: /home/david/miniconda3/bin/python src/scripts/chronos_inference.py --data_file data/extracted_data/Kyrgyzstan_ili.csv --country_name Kyrgyzstan --prediction_length 54 --plot --test_split 0.1
2026-01-10 11:42:18,772 - INFO - ✅ Inference successful for Kyrgyzstan
2026-01-10 11:42:18,773 - INFO - 
🚀 Processing Lao People's Democratic Republic
2026-01-10 11:42:18,773 - INFO -    ILI cases: 280,940
2026-01-10 11:42:18,773 - INFO -    ARI cases: 0
2026-01-10 11:42:18,773 - INFO -    Data types: ILI
2026-01-10 11:42:18,773 - INFO - Running extraction: /home/david/miniconda3/bin/python enhanced_extract_country_data.py --country Lao People's Democratic Republic --input data/who_flu_data.csv --output_dir data/extracted_data
2026-01-10 11:42:20,080 - INFO - ✅ Extraction successful for Lao People's Democratic Republic
2026-01-10 11:42:20,080 - INFO - Running chronos inference: /home/david/miniconda3/bin/python src/scripts/chronos_inference.py --data_file data/extracted_data/Lao_People's_Democratic_Republic_ili.csv --country_name Lao People's Democratic Republic --prediction_length 54 --plot --test_split 0.1
2026-01-10 11:42:24,950 - INFO - ✅ Inference successful for Lao People's Democratic Republic
2026-01-10 11:42:24,950 - INFO - 
🚀 Processing Latvia
2026-01-10 11:42:24,951 - INFO -    ILI cases: 70,208
2026-01-10 11:42:24,951 - INFO -    ARI cases: 1,149,835
2026-01-10 11:42:24,951 - INFO -    Data types: ARI, ILI
2026-01-10 11:42:24,951 - INFO - Running extraction: /home/david/miniconda3/bin/python enhanced_extract_country_data.py --country Latvia --input data/who_flu_data.csv --output_dir data/extracted_data
2026-01-10 11:42:26,258 - INFO - ✅ Extraction successful for Latvia
2026-01-10 11:42:26,258 - INFO - Running chronos inference: /home/david/miniconda3/bin/python src/scripts/chronos_inference.py --data_file data/extracted_data/Latvia_ili.csv --country_name Latvia --prediction_length 54 --plot --test_split 0.1
2026-01-10 11:42:31,092 - INFO - ✅ Inference successful for Latvia
2026-01-10 11:42:31,093 - INFO - 
🚀 Processing Lebanon
2026-01-10 11:42:31,093 - INFO -    ILI cases: 40,382
2026-01-10 11:42:31,093 - INFO -    ARI cases: 0
2026-01-10 11:42:31,093 - INFO -    Data types: ILI
2026-01-10 11:42:31,093 - INFO - Running extraction: /home/david/miniconda3/bin/python enhanced_extract_country_data.py --country Lebanon --input data/who_flu_data.csv --output_dir data/extracted_data
2026-01-10 11:42:32,418 - INFO - ✅ Extraction successful for Lebanon
2026-01-10 11:42:32,418 - INFO - Running chronos inference: /home/david/miniconda3/bin/python src/scripts/chronos_inference.py --data_file data/extracted_data/Lebanon_ili.csv --country_name Lebanon --prediction_length 54 --plot --test_split 0.1
2026-01-10 11:42:37,198 - INFO - ✅ Inference successful for Lebanon
2026-01-10 11:42:37,198 - INFO - 
📈 PROGRESS UPDATE
2026-01-10 11:42:37,198 - INFO -    Countries processed: 90/186
2026-01-10 11:42:37,198 - INFO -    Successful extractions: 87
2026-01-10 11:42:37,199 - INFO -    Failed extractions: 0
2026-01-10 11:42:37,199 - INFO -    Successful inferences: 87
2026-01-10 11:42:37,199 - INFO -    Failed inferences: 0
2026-01-10 11:42:37,199 - INFO -    Skipped countries: 3
2026-01-10 11:42:37,199 - INFO -    Average processing time: 3.1s per country
2026-01-10 11:42:37,199 - INFO - 🔮 Skipping Lesotho - no ILI or ARI data available
2026-01-10 11:42:37,199 - INFO - 
🚀 Processing Libya
2026-01-10 11:42:37,199 - INFO -    ILI cases: 3,070
2026-01-10 11:42:37,199 - INFO -    ARI cases: 0
2026-01-10 11:42:37,199 - INFO -    Data types: ILI
2026-01-10 11:42:37,199 - INFO - Running extraction: /home/david/miniconda3/bin/python enhanced_extract_country_data.py --country Libya --input data/who_flu_data.csv --output_dir data/extracted_data
2026-01-10 11:42:38,524 - INFO - ✅ Extraction successful for Libya
2026-01-10 11:42:38,524 - INFO - Running chronos inference: /home/david/miniconda3/bin/python src/scripts/chronos_inference.py --data_file data/extracted_data/Libya_ili.csv --country_name Libya --prediction_length 54 --plot --test_split 0.1
2026-01-10 11:42:43,263 - INFO - ✅ Inference successful for Libya
2026-01-10 11:42:43,264 - INFO - 
🚀 Processing Lithuania
2026-01-10 11:42:43,264 - INFO -    ILI cases: 1,107,980
2026-01-10 11:42:43,264 - INFO -    ARI cases: 24,668,713
2026-01-10 11:42:43,264 - INFO -    Data types: ARI, ILI
2026-01-10 11:42:43,264 - INFO - Running extraction: /home/david/miniconda3/bin/python enhanced_extract_country_data.py --country Lithuania --input data/who_flu_data.csv --output_dir data/extracted_data
2026-01-10 11:42:44,590 - INFO - ✅ Extraction successful for Lithuania
2026-01-10 11:42:44,590 - INFO - Running chronos inference: /home/david/miniconda3/bin/python src/scripts/chronos_inference.py --data_file data/extracted_data/Lithuania_ili.csv --country_name Lithuania --prediction_length 54 --plot --test_split 0.1
2026-01-10 11:42:49,475 - INFO - ✅ Inference successful for Lithuania
2026-01-10 11:42:49,475 - INFO - 
🚀 Processing Luxembourg
2026-01-10 11:42:49,475 - INFO -    ILI cases: 11,147
2026-01-10 11:42:49,475 - INFO -    ARI cases: 85,282
2026-01-10 11:42:49,475 - INFO -    Data types: ARI, ILI
2026-01-10 11:42:49,475 - INFO - Running extraction: /home/david/miniconda3/bin/python enhanced_extract_country_data.py --country Luxembourg --input data/who_flu_data.csv --output_dir data/extracted_data
2026-01-10 11:42:50,812 - INFO - ✅ Extraction successful for Luxembourg
2026-01-10 11:42:50,812 - INFO - Running chronos inference: /home/david/miniconda3/bin/python src/scripts/chronos_inference.py --data_file data/extracted_data/Luxembourg_ili.csv --country_name Luxembourg --prediction_length 54 --plot --test_split 0.1
2026-01-10 11:42:55,647 - INFO - ✅ Inference successful for Luxembourg
2026-01-10 11:42:55,647 - INFO - 
🚀 Processing Madagascar
2026-01-10 11:42:55,647 - INFO -    ILI cases: 81,581
2026-01-10 11:42:55,647 - INFO -    ARI cases: 0
2026-01-10 11:42:55,647 - INFO -    Data types: ILI
2026-01-10 11:42:55,647 - INFO - Running extraction: /home/david/miniconda3/bin/python enhanced_extract_country_data.py --country Madagascar --input data/who_flu_data.csv --output_dir data/extracted_data
2026-01-10 11:42:56,963 - INFO - ✅ Extraction successful for Madagascar
2026-01-10 11:42:56,963 - INFO - Running chronos inference: /home/david/miniconda3/bin/python src/scripts/chronos_inference.py --data_file data/extracted_data/Madagascar_ili.csv --country_name Madagascar --prediction_length 54 --plot --test_split 0.1
2026-01-10 11:43:01,810 - INFO - ✅ Inference successful for Madagascar
2026-01-10 11:43:01,810 - INFO - 
📈 PROGRESS UPDATE
2026-01-10 11:43:01,810 - INFO -    Countries processed: 95/186
2026-01-10 11:43:01,810 - INFO -    Successful extractions: 91
2026-01-10 11:43:01,810 - INFO -    Failed extractions: 0
2026-01-10 11:43:01,810 - INFO -    Successful inferences: 91
2026-01-10 11:43:01,810 - INFO -    Failed inferences: 0
2026-01-10 11:43:01,810 - INFO -    Skipped countries: 4
2026-01-10 11:43:01,810 - INFO -    Average processing time: 3.1s per country
2026-01-10 11:43:01,811 - INFO - 
🚀 Processing Maldives
2026-01-10 11:43:01,811 - INFO -    ILI cases: 373,359
2026-01-10 11:43:01,811 - INFO -    ARI cases: 1,084,367
2026-01-10 11:43:01,811 - INFO -    Data types: ARI, ILI
2026-01-10 11:43:01,811 - INFO - Running extraction: /home/david/miniconda3/bin/python enhanced_extract_country_data.py --country Maldives --input data/who_flu_data.csv --output_dir data/extracted_data
2026-01-10 11:43:03,131 - INFO - ✅ Extraction successful for Maldives
2026-01-10 11:43:03,131 - INFO - Running chronos inference: /home/david/miniconda3/bin/python src/scripts/chronos_inference.py --data_file data/extracted_data/Maldives_ili.csv --country_name Maldives --prediction_length 54 --plot --test_split 0.1
2026-01-10 11:43:07,922 - INFO - ✅ Inference successful for Maldives
2026-01-10 11:43:07,922 - INFO - 
🚀 Processing Mali
2026-01-10 11:43:07,922 - INFO -    ILI cases: 5,555
2026-01-10 11:43:07,922 - INFO -    ARI cases: 0
2026-01-10 11:43:07,923 - INFO -    Data types: ILI
2026-01-10 11:43:07,923 - INFO - Running extraction: /home/david/miniconda3/bin/python enhanced_extract_country_data.py --country Mali --input data/who_flu_data.csv --output_dir data/extracted_data
2026-01-10 11:43:09,271 - INFO - ✅ Extraction successful for Mali
2026-01-10 11:43:09,272 - INFO - Running chronos inference: /home/david/miniconda3/bin/python src/scripts/chronos_inference.py --data_file data/extracted_data/Mali_ili.csv --country_name Mali --prediction_length 54 --plot --test_split 0.1
2026-01-10 11:43:14,008 - INFO - ✅ Inference successful for Mali
2026-01-10 11:43:14,009 - INFO - 
🚀 Processing Malta
2026-01-10 11:43:14,009 - INFO -    ILI cases: 46,711
2026-01-10 11:43:14,009 - INFO -    ARI cases: 0
2026-01-10 11:43:14,009 - INFO -    Data types: ARI, ILI
2026-01-10 11:43:14,009 - INFO - Running extraction: /home/david/miniconda3/bin/python enhanced_extract_country_data.py --country Malta --input data/who_flu_data.csv --output_dir data/extracted_data
2026-01-10 11:43:15,355 - INFO - ✅ Extraction successful for Malta
2026-01-10 11:43:15,356 - INFO - Running chronos inference: /home/david/miniconda3/bin/python src/scripts/chronos_inference.py --data_file data/extracted_data/Malta_ili.csv --country_name Malta --prediction_length 54 --plot --test_split 0.1
2026-01-10 11:43:20,219 - INFO - ✅ Inference successful for Malta
2026-01-10 11:43:20,220 - INFO - 
🚀 Processing Marshall Islands
2026-01-10 11:43:20,220 - INFO -    ILI cases: 16,111
2026-01-10 11:43:20,220 - INFO -    ARI cases: 0
2026-01-10 11:43:20,220 - INFO -    Data types: ILI
2026-01-10 11:43:20,220 - INFO - Running extraction: /home/david/miniconda3/bin/python enhanced_extract_country_data.py --country Marshall Islands --input data/who_flu_data.csv --output_dir data/extracted_data
2026-01-10 11:43:21,582 - INFO - ✅ Extraction successful for Marshall Islands
2026-01-10 11:43:21,582 - INFO - Running chronos inference: /home/david/miniconda3/bin/python src/scripts/chronos_inference.py --data_file data/extracted_data/Marshall_Islands_ili.csv --country_name Marshall Islands --prediction_length 54 --plot --test_split 0.1
2026-01-10 11:43:26,437 - INFO - ✅ Inference successful for Marshall Islands
2026-01-10 11:43:26,437 - INFO - 
🚀 Processing Mauritania
2026-01-10 11:43:26,437 - INFO -    ILI cases: 400
2026-01-10 11:43:26,437 - INFO -    ARI cases: 0
2026-01-10 11:43:26,437 - INFO -    Data types: ILI
2026-01-10 11:43:26,437 - INFO - Running extraction: /home/david/miniconda3/bin/python enhanced_extract_country_data.py --country Mauritania --input data/who_flu_data.csv --output_dir data/extracted_data
2026-01-10 11:43:27,763 - INFO - ✅ Extraction successful for Mauritania
2026-01-10 11:43:27,763 - INFO - Running chronos inference: /home/david/miniconda3/bin/python src/scripts/chronos_inference.py --data_file data/extracted_data/Mauritania_ili.csv --country_name Mauritania --prediction_length 54 --plot --test_split 0.1
2026-01-10 11:43:32,708 - INFO - ✅ Inference successful for Mauritania
2026-01-10 11:43:32,708 - INFO - 
📈 PROGRESS UPDATE
2026-01-10 11:43:32,708 - INFO -    Countries processed: 100/186
2026-01-10 11:43:32,708 - INFO -    Successful extractions: 96
2026-01-10 11:43:32,708 - INFO -    Failed extractions: 0
2026-01-10 11:43:32,708 - INFO -    Successful inferences: 96
2026-01-10 11:43:32,708 - INFO -    Failed inferences: 0
2026-01-10 11:43:32,708 - INFO -    Skipped countries: 4
2026-01-10 11:43:32,708 - INFO -    Average processing time: 3.1s per country
2026-01-10 11:43:32,708 - INFO - 
🚀 Processing Mauritius
2026-01-10 11:43:32,708 - INFO -    ILI cases: 560
2026-01-10 11:43:32,708 - INFO -    ARI cases: 2,042,612
2026-01-10 11:43:32,708 - INFO -    Data types: ARI, ILI
2026-01-10 11:43:32,708 - INFO - Running extraction: /home/david/miniconda3/bin/python enhanced_extract_country_data.py --country Mauritius --input data/who_flu_data.csv --output_dir data/extracted_data
2026-01-10 11:43:34,039 - INFO - ✅ Extraction successful for Mauritius
2026-01-10 11:43:34,040 - INFO - Running chronos inference: /home/david/miniconda3/bin/python src/scripts/chronos_inference.py --data_file data/extracted_data/Mauritius_ili.csv --country_name Mauritius --prediction_length 54 --plot --test_split 0.1
2026-01-10 11:43:38,805 - INFO - ✅ Inference successful for Mauritius
2026-01-10 11:43:38,805 - INFO - 
🚀 Processing Mexico
2026-01-10 11:43:38,805 - INFO -    ILI cases: 4,884,713
2026-01-10 11:43:38,805 - INFO -    ARI cases: 304,033,758
2026-01-10 11:43:38,805 - INFO -    Data types: ARI, ILI
2026-01-10 11:43:38,805 - INFO - Running extraction: /home/david/miniconda3/bin/python enhanced_extract_country_data.py --country Mexico --input data/who_flu_data.csv --output_dir data/extracted_data
2026-01-10 11:43:40,117 - INFO - ✅ Extraction successful for Mexico
2026-01-10 11:43:40,117 - INFO - Running chronos inference: /home/david/miniconda3/bin/python src/scripts/chronos_inference.py --data_file data/extracted_data/Mexico_ili.csv --country_name Mexico --prediction_length 54 --plot --test_split 0.1
2026-01-10 11:43:44,993 - INFO - ✅ Inference successful for Mexico
2026-01-10 11:43:44,993 - INFO - 
🚀 Processing Micronesia (Federated States of)
2026-01-10 11:43:44,993 - INFO -    ILI cases: 43,297
2026-01-10 11:43:44,993 - INFO -    ARI cases: 0
2026-01-10 11:43:44,993 - INFO -    Data types: ILI
2026-01-10 11:43:44,993 - INFO - Running extraction: /home/david/miniconda3/bin/python enhanced_extract_country_data.py --country Micronesia (Federated States of) --input data/who_flu_data.csv --output_dir data/extracted_data
2026-01-10 11:43:46,308 - INFO - ✅ Extraction successful for Micronesia (Federated States of)
2026-01-10 11:43:46,308 - INFO - Running chronos inference: /home/david/miniconda3/bin/python src/scripts/chronos_inference.py --data_file data/extracted_data/Micronesia_(Federated_States_of)_ili.csv --country_name Micronesia (Federated States of) --prediction_length 54 --plot --test_split 0.1
2026-01-10 11:43:51,165 - INFO - ✅ Inference successful for Micronesia (Federated States of)
2026-01-10 11:43:51,165 - INFO - 
🚀 Processing Mongolia
2026-01-10 11:43:51,165 - INFO -    ILI cases: 5,337,490
2026-01-10 11:43:51,165 - INFO -    ARI cases: 0
2026-01-10 11:43:51,165 - INFO -    Data types: ILI
2026-01-10 11:43:51,165 - INFO - Running extraction: /home/david/miniconda3/bin/python enhanced_extract_country_data.py --country Mongolia --input data/who_flu_data.csv --output_dir data/extracted_data
2026-01-10 11:43:52,520 - INFO - ✅ Extraction successful for Mongolia
2026-01-10 11:43:52,521 - INFO - Running chronos inference: /home/david/miniconda3/bin/python src/scripts/chronos_inference.py --data_file data/extracted_data/Mongolia_ili.csv --country_name Mongolia --prediction_length 54 --plot --test_split 0.1
2026-01-10 11:43:57,296 - INFO - ✅ Inference successful for Mongolia
2026-01-10 11:43:57,296 - INFO - 
🚀 Processing Montenegro
2026-01-10 11:43:57,297 - INFO -    ILI cases: 139,099
2026-01-10 11:43:57,297 - INFO -    ARI cases: 2,590,820
2026-01-10 11:43:57,297 - INFO -    Data types: ARI, ILI
2026-01-10 11:43:57,297 - INFO - Running extraction: /home/david/miniconda3/bin/python enhanced_extract_country_data.py --country Montenegro --input data/who_flu_data.csv --output_dir data/extracted_data
2026-01-10 11:43:58,600 - INFO - ✅ Extraction successful for Montenegro
2026-01-10 11:43:58,600 - INFO - Running chronos inference: /home/david/miniconda3/bin/python src/scripts/chronos_inference.py --data_file data/extracted_data/Montenegro_ili.csv --country_name Montenegro --prediction_length 54 --plot --test_split 0.1
2026-01-10 11:44:03,727 - INFO - ✅ Inference successful for Montenegro
2026-01-10 11:44:03,728 - INFO - 
📈 PROGRESS UPDATE
2026-01-10 11:44:03,728 - INFO -    Countries processed: 105/186
2026-01-10 11:44:03,728 - INFO -    Successful extractions: 101
2026-01-10 11:44:03,728 - INFO -    Failed extractions: 0
2026-01-10 11:44:03,728 - INFO -    Successful inferences: 101
2026-01-10 11:44:03,728 - INFO -    Failed inferences: 0
2026-01-10 11:44:03,728 - INFO -    Skipped countries: 4
2026-01-10 11:44:03,728 - INFO -    Average processing time: 3.1s per country
2026-01-10 11:44:03,728 - INFO - 
🚀 Processing Montserrat
2026-01-10 11:44:03,728 - INFO -    ILI cases: 283
2026-01-10 11:44:03,728 - INFO -    ARI cases: 0
2026-01-10 11:44:03,728 - INFO -    Data types: ILI
2026-01-10 11:44:03,728 - INFO - Running extraction: /home/david/miniconda3/bin/python enhanced_extract_country_data.py --country Montserrat --input data/who_flu_data.csv --output_dir data/extracted_data
2026-01-10 11:44:05,037 - INFO - ✅ Extraction successful for Montserrat
2026-01-10 11:44:05,037 - INFO - Running chronos inference: /home/david/miniconda3/bin/python src/scripts/chronos_inference.py --data_file data/extracted_data/Montserrat_ili.csv --country_name Montserrat --prediction_length 54 --plot --test_split 0.1
2026-01-10 11:44:09,834 - INFO - ✅ Inference successful for Montserrat
2026-01-10 11:44:09,834 - INFO - 
🚀 Processing Morocco
2026-01-10 11:44:09,834 - INFO -    ILI cases: 2,254,008
2026-01-10 11:44:09,835 - INFO -    ARI cases: 0
2026-01-10 11:44:09,835 - INFO -    Data types: ILI
2026-01-10 11:44:09,835 - INFO - Running extraction: /home/david/miniconda3/bin/python enhanced_extract_country_data.py --country Morocco --input data/who_flu_data.csv --output_dir data/extracted_data
2026-01-10 11:44:11,165 - INFO - ✅ Extraction successful for Morocco
2026-01-10 11:44:11,166 - INFO - Running chronos inference: /home/david/miniconda3/bin/python src/scripts/chronos_inference.py --data_file data/extracted_data/Morocco_ili.csv --country_name Morocco --prediction_length 54 --plot --test_split 0.1
2026-01-10 11:44:16,024 - INFO - ✅ Inference successful for Morocco
2026-01-10 11:44:16,024 - INFO - 
🚀 Processing Mozambique
2026-01-10 11:44:16,024 - INFO -    ILI cases: 128,713
2026-01-10 11:44:16,025 - INFO -    ARI cases: 0
2026-01-10 11:44:16,025 - INFO -    Data types: ILI
2026-01-10 11:44:16,025 - INFO - Running extraction: /home/david/miniconda3/bin/python enhanced_extract_country_data.py --country Mozambique --input data/who_flu_data.csv --output_dir data/extracted_data
2026-01-10 11:44:17,347 - INFO - ✅ Extraction successful for Mozambique
2026-01-10 11:44:17,347 - INFO - Running chronos inference: /home/david/miniconda3/bin/python src/scripts/chronos_inference.py --data_file data/extracted_data/Mozambique_ili.csv --country_name Mozambique --prediction_length 54 --plot --test_split 0.1
2026-01-10 11:44:22,194 - INFO - ✅ Inference successful for Mozambique
2026-01-10 11:44:22,195 - INFO - 
🚀 Processing Nauru
2026-01-10 11:44:22,195 - INFO -    ILI cases: 3,546
2026-01-10 11:44:22,195 - INFO -    ARI cases: 0
2026-01-10 11:44:22,195 - INFO -    Data types: ILI
2026-01-10 11:44:22,195 - INFO - Running extraction: /home/david/miniconda3/bin/python enhanced_extract_country_data.py --country Nauru --input data/who_flu_data.csv --output_dir data/extracted_data
2026-01-10 11:44:23,517 - INFO - ✅ Extraction successful for Nauru
2026-01-10 11:44:23,517 - INFO - Running chronos inference: /home/david/miniconda3/bin/python src/scripts/chronos_inference.py --data_file data/extracted_data/Nauru_ili.csv --country_name Nauru --prediction_length 54 --plot --test_split 0.1
2026-01-10 11:44:28,341 - INFO - ✅ Inference successful for Nauru
2026-01-10 11:44:28,341 - INFO - 
🚀 Processing Nepal
2026-01-10 11:44:28,342 - INFO -    ILI cases: 64,569
2026-01-10 11:44:28,342 - INFO -    ARI cases: 0
2026-01-10 11:44:28,342 - INFO -    Data types: ILI
2026-01-10 11:44:28,342 - INFO - Running extraction: /home/david/miniconda3/bin/python enhanced_extract_country_data.py --country Nepal --input data/who_flu_data.csv --output_dir data/extracted_data
2026-01-10 11:44:29,683 - INFO - ✅ Extraction successful for Nepal
2026-01-10 11:44:29,684 - INFO - Running chronos inference: /home/david/miniconda3/bin/python src/scripts/chronos_inference.py --data_file data/extracted_data/Nepal_ili.csv --country_name Nepal --prediction_length 54 --plot --test_split 0.1
2026-01-10 11:44:34,540 - INFO - ✅ Inference successful for Nepal
2026-01-10 11:44:34,541 - INFO - 
📈 PROGRESS UPDATE
2026-01-10 11:44:34,541 - INFO -    Countries processed: 110/186
2026-01-10 11:44:34,541 - INFO -    Successful extractions: 106
2026-01-10 11:44:34,541 - INFO -    Failed extractions: 0
2026-01-10 11:44:34,541 - INFO -    Successful inferences: 106
2026-01-10 11:44:34,541 - INFO -    Failed inferences: 0
2026-01-10 11:44:34,541 - INFO -    Skipped countries: 4
2026-01-10 11:44:34,541 - INFO -    Average processing time: 3.1s per country
2026-01-10 11:44:34,541 - INFO - 
🚀 Processing Netherlands (Kingdom of the)
2026-01-10 11:44:34,541 - INFO -    ILI cases: 70,531
2026-01-10 11:44:34,541 - INFO -    ARI cases: 2,242,638
2026-01-10 11:44:34,541 - INFO -    Data types: ARI, ILI
2026-01-10 11:44:34,541 - INFO - Running extraction: /home/david/miniconda3/bin/python enhanced_extract_country_data.py --country Netherlands (Kingdom of the) --input data/who_flu_data.csv --output_dir data/extracted_data
2026-01-10 11:44:35,929 - INFO - ✅ Extraction successful for Netherlands (Kingdom of the)
2026-01-10 11:44:35,929 - INFO - Running chronos inference: /home/david/miniconda3/bin/python src/scripts/chronos_inference.py --data_file data/extracted_data/Netherlands_(Kingdom_of_the)_ili.csv --country_name Netherlands (Kingdom of the) --prediction_length 54 --plot --test_split 0.1
2026-01-10 11:44:40,826 - INFO - ✅ Inference successful for Netherlands (Kingdom of the)
2026-01-10 11:44:40,826 - INFO - 
🚀 Processing New Caledonia
2026-01-10 11:44:40,826 - INFO -    ILI cases: 17,873
2026-01-10 11:44:40,826 - INFO -    ARI cases: 0
2026-01-10 11:44:40,826 - INFO -    Data types: ILI
2026-01-10 11:44:40,826 - INFO - Running extraction: /home/david/miniconda3/bin/python enhanced_extract_country_data.py --country New Caledonia --input data/who_flu_data.csv --output_dir data/extracted_data
2026-01-10 11:44:42,154 - INFO - ✅ Extraction successful for New Caledonia
2026-01-10 11:44:42,154 - INFO - Running chronos inference: /home/david/miniconda3/bin/python src/scripts/chronos_inference.py --data_file data/extracted_data/New_Caledonia_ili.csv --country_name New Caledonia --prediction_length 54 --plot --test_split 0.1
2026-01-10 11:44:47,040 - INFO - ✅ Inference successful for New Caledonia
2026-01-10 11:44:47,041 - INFO - 
🚀 Processing New Zealand
2026-01-10 11:44:47,041 - INFO -    ILI cases: 26,436
2026-01-10 11:44:47,041 - INFO -    ARI cases: 0
2026-01-10 11:44:47,041 - INFO -    Data types: ILI
2026-01-10 11:44:47,041 - INFO - Running extraction: /home/david/miniconda3/bin/python enhanced_extract_country_data.py --country New Zealand --input data/who_flu_data.csv --output_dir data/extracted_data
2026-01-10 11:44:48,415 - INFO - ✅ Extraction successful for New Zealand
2026-01-10 11:44:48,415 - INFO - Running chronos inference: /home/david/miniconda3/bin/python src/scripts/chronos_inference.py --data_file data/extracted_data/New_Zealand_ili.csv --country_name New Zealand --prediction_length 54 --plot --test_split 0.1
2026-01-10 11:44:53,207 - INFO - ✅ Inference successful for New Zealand
2026-01-10 11:44:53,207 - INFO - 
🚀 Processing Nicaragua
2026-01-10 11:44:53,208 - INFO -    ILI cases: 3,862
2026-01-10 11:44:53,208 - INFO -    ARI cases: 17,923,801
2026-01-10 11:44:53,208 - INFO -    Data types: ARI, ILI
2026-01-10 11:44:53,208 - INFO - Running extraction: /home/david/miniconda3/bin/python enhanced_extract_country_data.py --country Nicaragua --input data/who_flu_data.csv --output_dir data/extracted_data
2026-01-10 11:44:54,534 - INFO - ✅ Extraction successful for Nicaragua
2026-01-10 11:44:54,534 - INFO - Running chronos inference: /home/david/miniconda3/bin/python src/scripts/chronos_inference.py --data_file data/extracted_data/Nicaragua_ili.csv --country_name Nicaragua --prediction_length 54 --plot --test_split 0.1
2026-01-10 11:44:59,685 - INFO - ✅ Inference successful for Nicaragua
2026-01-10 11:44:59,686 - INFO - 
🚀 Processing Niger
2026-01-10 11:44:59,686 - INFO -    ILI cases: 366,585
2026-01-10 11:44:59,686 - INFO -    ARI cases: 0
2026-01-10 11:44:59,686 - INFO -    Data types: ILI
2026-01-10 11:44:59,686 - INFO - Running extraction: /home/david/miniconda3/bin/python enhanced_extract_country_data.py --country Niger --input data/who_flu_data.csv --output_dir data/extracted_data
2026-01-10 11:45:01,026 - INFO - ✅ Extraction successful for Niger
2026-01-10 11:45:01,026 - INFO - Running chronos inference: /home/david/miniconda3/bin/python src/scripts/chronos_inference.py --data_file data/extracted_data/Niger_ili.csv --country_name Niger --prediction_length 54 --plot --test_split 0.1
2026-01-10 11:45:05,863 - INFO - ✅ Inference successful for Niger
2026-01-10 11:45:05,863 - INFO - 
📈 PROGRESS UPDATE
2026-01-10 11:45:05,863 - INFO -    Countries processed: 115/186
2026-01-10 11:45:05,864 - INFO -    Successful extractions: 111
2026-01-10 11:45:05,864 - INFO -    Failed extractions: 0
2026-01-10 11:45:05,864 - INFO -    Successful inferences: 111
2026-01-10 11:45:05,864 - INFO -    Failed inferences: 0
2026-01-10 11:45:05,864 - INFO -    Skipped countries: 4
2026-01-10 11:45:05,864 - INFO -    Average processing time: 3.1s per country
2026-01-10 11:45:05,864 - INFO - 
🚀 Processing Nigeria
2026-01-10 11:45:05,864 - INFO -    ILI cases: 17,573
2026-01-10 11:45:05,864 - INFO -    ARI cases: 0
2026-01-10 11:45:05,864 - INFO -    Data types: ILI
2026-01-10 11:45:05,864 - INFO - Running extraction: /home/david/miniconda3/bin/python enhanced_extract_country_data.py --country Nigeria --input data/who_flu_data.csv --output_dir data/extracted_data
2026-01-10 11:45:07,182 - INFO - ✅ Extraction successful for Nigeria
2026-01-10 11:45:07,182 - INFO - Running chronos inference: /home/david/miniconda3/bin/python src/scripts/chronos_inference.py --data_file data/extracted_data/Nigeria_ili.csv --country_name Nigeria --prediction_length 54 --plot --test_split 0.1
2026-01-10 11:45:12,079 - INFO - ✅ Inference successful for Nigeria
2026-01-10 11:45:12,079 - INFO - 
🚀 Processing Niue
2026-01-10 11:45:12,079 - INFO -    ILI cases: 4,465
2026-01-10 11:45:12,079 - INFO -    ARI cases: 0
2026-01-10 11:45:12,079 - INFO -    Data types: ILI
2026-01-10 11:45:12,079 - INFO - Running extraction: /home/david/miniconda3/bin/python enhanced_extract_country_data.py --country Niue --input data/who_flu_data.csv --output_dir data/extracted_data
2026-01-10 11:45:13,382 - INFO - ✅ Extraction successful for Niue
2026-01-10 11:45:13,382 - INFO - Running chronos inference: /home/david/miniconda3/bin/python src/scripts/chronos_inference.py --data_file data/extracted_data/Niue_ili.csv --country_name Niue --prediction_length 54 --plot --test_split 0.1
2026-01-10 11:45:18,281 - INFO - ✅ Inference successful for Niue
2026-01-10 11:45:18,281 - INFO - 
🚀 Processing North Macedonia
2026-01-10 11:45:18,282 - INFO -    ILI cases: 574,986
2026-01-10 11:45:18,282 - INFO -    ARI cases: 0
2026-01-10 11:45:18,282 - INFO -    Data types: ARI, ILI
2026-01-10 11:45:18,282 - INFO - Running extraction: /home/david/miniconda3/bin/python enhanced_extract_country_data.py --country North Macedonia --input data/who_flu_data.csv --output_dir data/extracted_data
2026-01-10 11:45:19,597 - INFO - ✅ Extraction successful for North Macedonia
2026-01-10 11:45:19,597 - INFO - Running chronos inference: /home/david/miniconda3/bin/python src/scripts/chronos_inference.py --data_file data/extracted_data/North_Macedonia_ili.csv --country_name North Macedonia --prediction_length 54 --plot --test_split 0.1
2026-01-10 11:45:24,443 - INFO - ✅ Inference successful for North Macedonia
2026-01-10 11:45:24,444 - INFO - 
🚀 Processing Northern Mariana Islands
2026-01-10 11:45:24,444 - INFO -    ILI cases: 18,812
2026-01-10 11:45:24,444 - INFO -    ARI cases: 0
2026-01-10 11:45:24,444 - INFO -    Data types: ILI
2026-01-10 11:45:24,444 - INFO - Running extraction: /home/david/miniconda3/bin/python enhanced_extract_country_data.py --country Northern Mariana Islands --input data/who_flu_data.csv --output_dir data/extracted_data
2026-01-10 11:45:25,762 - INFO - ✅ Extraction successful for Northern Mariana Islands
2026-01-10 11:45:25,762 - INFO - Running chronos inference: /home/david/miniconda3/bin/python src/scripts/chronos_inference.py --data_file data/extracted_data/Northern_Mariana_Islands_ili.csv --country_name Northern Mariana Islands --prediction_length 54 --plot --test_split 0.1
2026-01-10 11:45:30,651 - INFO - ✅ Inference successful for Northern Mariana Islands
2026-01-10 11:45:30,651 - INFO - 
🚀 Processing Norway
2026-01-10 11:45:30,651 - INFO -    ILI cases: 2,580,758
2026-01-10 11:45:30,651 - INFO -    ARI cases: 0
2026-01-10 11:45:30,651 - INFO -    Data types: ARI, ILI
2026-01-10 11:45:30,651 - INFO - Running extraction: /home/david/miniconda3/bin/python enhanced_extract_country_data.py --country Norway --input data/who_flu_data.csv --output_dir data/extracted_data
2026-01-10 11:45:31,983 - INFO - ✅ Extraction successful for Norway
2026-01-10 11:45:31,983 - INFO - Running chronos inference: /home/david/miniconda3/bin/python src/scripts/chronos_inference.py --data_file data/extracted_data/Norway_ili.csv --country_name Norway --prediction_length 54 --plot --test_split 0.1
2026-01-10 11:45:36,869 - INFO - ✅ Inference successful for Norway
2026-01-10 11:45:36,869 - INFO - 
📈 PROGRESS UPDATE
2026-01-10 11:45:36,869 - INFO -    Countries processed: 120/186
2026-01-10 11:45:36,869 - INFO -    Successful extractions: 116
2026-01-10 11:45:36,869 - INFO -    Failed extractions: 0
2026-01-10 11:45:36,869 - INFO -    Successful inferences: 116
2026-01-10 11:45:36,869 - INFO -    Failed inferences: 0
2026-01-10 11:45:36,869 - INFO -    Skipped countries: 4
2026-01-10 11:45:36,869 - INFO -    Average processing time: 3.1s per country
2026-01-10 11:45:36,870 - INFO - 
🚀 Processing Oman
2026-01-10 11:45:36,870 - INFO -    ILI cases: 22,673,707
2026-01-10 11:45:36,870 - INFO -    ARI cases: 24,136
2026-01-10 11:45:36,870 - INFO -    Data types: ARI, ILI
2026-01-10 11:45:36,870 - INFO - Running extraction: /home/david/miniconda3/bin/python enhanced_extract_country_data.py --country Oman --input data/who_flu_data.csv --output_dir data/extracted_data
2026-01-10 11:45:38,200 - INFO - ✅ Extraction successful for Oman
2026-01-10 11:45:38,200 - INFO - Running chronos inference: /home/david/miniconda3/bin/python src/scripts/chronos_inference.py --data_file data/extracted_data/Oman_ili.csv --country_name Oman --prediction_length 54 --plot --test_split 0.1
2026-01-10 11:45:43,081 - INFO - ✅ Inference successful for Oman
2026-01-10 11:45:43,081 - INFO - 
🚀 Processing Pakistan
2026-01-10 11:45:43,081 - INFO -    ILI cases: 9,814
2026-01-10 11:45:43,081 - INFO -    ARI cases: 0
2026-01-10 11:45:43,081 - INFO -    Data types: ILI
2026-01-10 11:45:43,081 - INFO - Running extraction: /home/david/miniconda3/bin/python enhanced_extract_country_data.py --country Pakistan --input data/who_flu_data.csv --output_dir data/extracted_data
2026-01-10 11:45:44,413 - INFO - ✅ Extraction successful for Pakistan
2026-01-10 11:45:44,413 - INFO - Running chronos inference: /home/david/miniconda3/bin/python src/scripts/chronos_inference.py --data_file data/extracted_data/Pakistan_ili.csv --country_name Pakistan --prediction_length 54 --plot --test_split 0.1
2026-01-10 11:45:49,301 - INFO - ✅ Inference successful for Pakistan
2026-01-10 11:45:49,301 - INFO - 
🚀 Processing Palau
2026-01-10 11:45:49,301 - INFO -    ILI cases: 6,641
2026-01-10 11:45:49,301 - INFO -    ARI cases: 0
2026-01-10 11:45:49,301 - INFO -    Data types: ILI
2026-01-10 11:45:49,301 - INFO - Running extraction: /home/david/miniconda3/bin/python enhanced_extract_country_data.py --country Palau --input data/who_flu_data.csv --output_dir data/extracted_data
2026-01-10 11:45:50,622 - INFO - ✅ Extraction successful for Palau
2026-01-10 11:45:50,622 - INFO - Running chronos inference: /home/david/miniconda3/bin/python src/scripts/chronos_inference.py --data_file data/extracted_data/Palau_ili.csv --country_name Palau --prediction_length 54 --plot --test_split 0.1
2026-01-10 11:45:55,488 - INFO - ✅ Inference successful for Palau
2026-01-10 11:45:55,488 - INFO - 
🚀 Processing Panama
2026-01-10 11:45:55,488 - INFO -    ILI cases: 156,708
2026-01-10 11:45:55,488 - INFO -    ARI cases: 530
2026-01-10 11:45:55,488 - INFO -    Data types: ARI, ILI
2026-01-10 11:45:55,488 - INFO - Running extraction: /home/david/miniconda3/bin/python enhanced_extract_country_data.py --country Panama --input data/who_flu_data.csv --output_dir data/extracted_data
2026-01-10 11:45:56,852 - INFO - ✅ Extraction successful for Panama
2026-01-10 11:45:56,852 - INFO - Running chronos inference: /home/david/miniconda3/bin/python src/scripts/chronos_inference.py --data_file data/extracted_data/Panama_ili.csv --country_name Panama --prediction_length 54 --plot --test_split 0.1
2026-01-10 11:46:01,702 - INFO - ✅ Inference successful for Panama
2026-01-10 11:46:01,702 - INFO - 
🚀 Processing Papua New Guinea
2026-01-10 11:46:01,702 - INFO -    ILI cases: 1,041
2026-01-10 11:46:01,702 - INFO -    ARI cases: 0
2026-01-10 11:46:01,702 - INFO -    Data types: ILI
2026-01-10 11:46:01,703 - INFO - Running extraction: /home/david/miniconda3/bin/python enhanced_extract_country_data.py --country Papua New Guinea --input data/who_flu_data.csv --output_dir data/extracted_data
2026-01-10 11:46:03,075 - INFO - ✅ Extraction successful for Papua New Guinea
2026-01-10 11:46:03,075 - INFO - Running chronos inference: /home/david/miniconda3/bin/python src/scripts/chronos_inference.py --data_file data/extracted_data/Papua_New_Guinea_ili.csv --country_name Papua New Guinea --prediction_length 54 --plot --test_split 0.1
2026-01-10 11:46:07,895 - INFO - ✅ Inference successful for Papua New Guinea
2026-01-10 11:46:07,895 - INFO - 
📈 PROGRESS UPDATE
2026-01-10 11:46:07,895 - INFO -    Countries processed: 125/186
2026-01-10 11:46:07,895 - INFO -    Successful extractions: 121
2026-01-10 11:46:07,895 - INFO -    Failed extractions: 0
2026-01-10 11:46:07,895 - INFO -    Successful inferences: 121
2026-01-10 11:46:07,895 - INFO -    Failed inferences: 0
2026-01-10 11:46:07,895 - INFO -    Skipped countries: 4
2026-01-10 11:46:07,895 - INFO -    Average processing time: 3.1s per country
2026-01-10 11:46:07,896 - INFO - 
🚀 Processing Paraguay
2026-01-10 11:46:07,896 - INFO -    ILI cases: 616,234
2026-01-10 11:46:07,896 - INFO -    ARI cases: 24,841,353
2026-01-10 11:46:07,896 - INFO -    Data types: ARI, ILI
2026-01-10 11:46:07,896 - INFO - Running extraction: /home/david/miniconda3/bin/python enhanced_extract_country_data.py --country Paraguay --input data/who_flu_data.csv --output_dir data/extracted_data
2026-01-10 11:46:09,249 - INFO - ✅ Extraction successful for Paraguay
2026-01-10 11:46:09,249 - INFO - Running chronos inference: /home/david/miniconda3/bin/python src/scripts/chronos_inference.py --data_file data/extracted_data/Paraguay_ili.csv --country_name Paraguay --prediction_length 54 --plot --test_split 0.1
2026-01-10 11:46:14,119 - INFO - ✅ Inference successful for Paraguay
2026-01-10 11:46:14,119 - INFO - 
🚀 Processing Peru
2026-01-10 11:46:14,119 - INFO -    ILI cases: 45,379
2026-01-10 11:46:14,119 - INFO -    ARI cases: 38,394,433
2026-01-10 11:46:14,119 - INFO -    Data types: ARI, ILI
2026-01-10 11:46:14,119 - INFO - Running extraction: /home/david/miniconda3/bin/python enhanced_extract_country_data.py --country Peru --input data/who_flu_data.csv --output_dir data/extracted_data
2026-01-10 11:46:15,452 - INFO - ✅ Extraction successful for Peru
2026-01-10 11:46:15,453 - INFO - Running chronos inference: /home/david/miniconda3/bin/python src/scripts/chronos_inference.py --data_file data/extracted_data/Peru_ili.csv --country_name Peru --prediction_length 54 --plot --test_split 0.1
2026-01-10 11:46:20,280 - INFO - ✅ Inference successful for Peru
2026-01-10 11:46:20,281 - INFO - 
🚀 Processing Pitcairn
2026-01-10 11:46:20,281 - INFO -    ILI cases: 49
2026-01-10 11:46:20,281 - INFO -    ARI cases: 0
2026-01-10 11:46:20,281 - INFO -    Data types: ILI
2026-01-10 11:46:20,281 - INFO - Running extraction: /home/david/miniconda3/bin/python enhanced_extract_country_data.py --country Pitcairn --input data/who_flu_data.csv --output_dir data/extracted_data
2026-01-10 11:46:21,588 - INFO - ✅ Extraction successful for Pitcairn
2026-01-10 11:46:21,588 - INFO - Running chronos inference: /home/david/miniconda3/bin/python src/scripts/chronos_inference.py --data_file data/extracted_data/Pitcairn_ili.csv --country_name Pitcairn --prediction_length 54 --plot --test_split 0.1
2026-01-10 11:46:26,482 - INFO - ✅ Inference successful for Pitcairn
2026-01-10 11:46:26,482 - INFO - 
🚀 Processing Poland
2026-01-10 11:46:26,482 - INFO -    ILI cases: 4,231,657
2026-01-10 11:46:26,483 - INFO -    ARI cases: 0
2026-01-10 11:46:26,483 - INFO -    Data types: ARI, ILI
2026-01-10 11:46:26,483 - INFO - Running extraction: /home/david/miniconda3/bin/python enhanced_extract_country_data.py --country Poland --input data/who_flu_data.csv --output_dir data/extracted_data
2026-01-10 11:46:27,824 - INFO - ✅ Extraction successful for Poland
2026-01-10 11:46:27,824 - INFO - Running chronos inference: /home/david/miniconda3/bin/python src/scripts/chronos_inference.py --data_file data/extracted_data/Poland_ili.csv --country_name Poland --prediction_length 54 --plot --test_split 0.1
2026-01-10 11:46:32,770 - INFO - ✅ Inference successful for Poland
2026-01-10 11:46:32,770 - INFO - 
🚀 Processing Portugal
2026-01-10 11:46:32,770 - INFO -    ILI cases: 6,502
2026-01-10 11:46:32,770 - INFO -    ARI cases: 1,004
2026-01-10 11:46:32,770 - INFO -    Data types: ARI, ILI
2026-01-10 11:46:32,771 - INFO - Running extraction: /home/david/miniconda3/bin/python enhanced_extract_country_data.py --country Portugal --input data/who_flu_data.csv --output_dir data/extracted_data
2026-01-10 11:46:34,138 - INFO - ✅ Extraction successful for Portugal
2026-01-10 11:46:34,139 - INFO - Running chronos inference: /home/david/miniconda3/bin/python src/scripts/chronos_inference.py --data_file data/extracted_data/Portugal_ili.csv --country_name Portugal --prediction_length 54 --plot --test_split 0.1
2026-01-10 11:46:39,016 - INFO - ✅ Inference successful for Portugal
2026-01-10 11:46:39,016 - INFO - 
📈 PROGRESS UPDATE
2026-01-10 11:46:39,016 - INFO -    Countries processed: 130/186
2026-01-10 11:46:39,016 - INFO -    Successful extractions: 126
2026-01-10 11:46:39,016 - INFO -    Failed extractions: 0
2026-01-10 11:46:39,016 - INFO -    Successful inferences: 126
2026-01-10 11:46:39,016 - INFO -    Failed inferences: 0
2026-01-10 11:46:39,016 - INFO -    Skipped countries: 4
2026-01-10 11:46:39,016 - INFO -    Average processing time: 3.1s per country
2026-01-10 11:46:39,017 - INFO - 
🚀 Processing Qatar
2026-01-10 11:46:39,017 - INFO -    ILI cases: 16,664
2026-01-10 11:46:39,017 - INFO -    ARI cases: 0
2026-01-10 11:46:39,017 - INFO -    Data types: ILI
2026-01-10 11:46:39,017 - INFO - Running extraction: /home/david/miniconda3/bin/python enhanced_extract_country_data.py --country Qatar --input data/who_flu_data.csv --output_dir data/extracted_data
2026-01-10 11:46:40,378 - INFO - ✅ Extraction successful for Qatar
2026-01-10 11:46:40,378 - INFO - Running chronos inference: /home/david/miniconda3/bin/python src/scripts/chronos_inference.py --data_file data/extracted_data/Qatar_ili.csv --country_name Qatar --prediction_length 54 --plot --test_split 0.1
2026-01-10 11:46:45,241 - INFO - ✅ Inference successful for Qatar
2026-01-10 11:46:45,241 - INFO - 
🚀 Processing Republic of Moldova
2026-01-10 11:46:45,241 - INFO -    ILI cases: 12,607,605
2026-01-10 11:46:45,241 - INFO -    ARI cases: 13,915,929
2026-01-10 11:46:45,241 - INFO -    Data types: ARI, ILI
2026-01-10 11:46:45,241 - INFO - Running extraction: /home/david/miniconda3/bin/python enhanced_extract_country_data.py --country Republic of Moldova --input data/who_flu_data.csv --output_dir data/extracted_data
2026-01-10 11:46:46,602 - INFO - ✅ Extraction successful for Republic of Moldova
2026-01-10 11:46:46,602 - INFO - Running chronos inference: /home/david/miniconda3/bin/python src/scripts/chronos_inference.py --data_file data/extracted_data/Republic_of_Moldova_ili.csv --country_name Republic of Moldova --prediction_length 54 --plot --test_split 0.1
2026-01-10 11:46:51,484 - INFO - ✅ Inference successful for Republic of Moldova
2026-01-10 11:46:51,485 - INFO - 
🚀 Processing Romania
2026-01-10 11:46:51,485 - INFO -    ILI cases: 29,670
2026-01-10 11:46:51,485 - INFO -    ARI cases: 5,292,138
2026-01-10 11:46:51,485 - INFO -    Data types: ARI, ILI
2026-01-10 11:46:51,485 - INFO - Running extraction: /home/david/miniconda3/bin/python enhanced_extract_country_data.py --country Romania --input data/who_flu_data.csv --output_dir data/extracted_data
2026-01-10 11:46:52,841 - INFO - ✅ Extraction successful for Romania
2026-01-10 11:46:52,841 - INFO - Running chronos inference: /home/david/miniconda3/bin/python src/scripts/chronos_inference.py --data_file data/extracted_data/Romania_ili.csv --country_name Romania --prediction_length 54 --plot --test_split 0.1
2026-01-10 11:46:57,757 - INFO - ✅ Inference successful for Romania
2026-01-10 11:46:57,758 - INFO - 
🚀 Processing Russian Federation
2026-01-10 11:46:57,758 - INFO -    ILI cases: 1,645,491
2026-01-10 11:46:57,758 - INFO -    ARI cases: 471,858,357
2026-01-10 11:46:57,758 - INFO -    Data types: ARI, ILI
2026-01-10 11:46:57,758 - INFO - Running extraction: /home/david/miniconda3/bin/python enhanced_extract_country_data.py --country Russian Federation --input data/who_flu_data.csv --output_dir data/extracted_data
2026-01-10 11:46:59,115 - INFO - ✅ Extraction successful for Russian Federation
2026-01-10 11:46:59,116 - INFO - Running chronos inference: /home/david/miniconda3/bin/python src/scripts/chronos_inference.py --data_file data/extracted_data/Russian_Federation_ili.csv --country_name Russian Federation --prediction_length 54 --plot --test_split 0.1
2026-01-10 11:47:04,044 - INFO - ✅ Inference successful for Russian Federation
2026-01-10 11:47:04,044 - INFO - 
🚀 Processing Rwanda
2026-01-10 11:47:04,044 - INFO -    ILI cases: 5,507
2026-01-10 11:47:04,044 - INFO -    ARI cases: 0
2026-01-10 11:47:04,044 - INFO -    Data types: ILI
2026-01-10 11:47:04,044 - INFO - Running extraction: /home/david/miniconda3/bin/python enhanced_extract_country_data.py --country Rwanda --input data/who_flu_data.csv --output_dir data/extracted_data
2026-01-10 11:47:05,404 - INFO - ✅ Extraction successful for Rwanda
2026-01-10 11:47:05,405 - INFO - Running chronos inference: /home/david/miniconda3/bin/python src/scripts/chronos_inference.py --data_file data/extracted_data/Rwanda_ili.csv --country_name Rwanda --prediction_length 54 --plot --test_split 0.1
2026-01-10 11:47:10,279 - INFO - ✅ Inference successful for Rwanda
2026-01-10 11:47:10,279 - INFO - 
📈 PROGRESS UPDATE
2026-01-10 11:47:10,279 - INFO -    Countries processed: 135/186
2026-01-10 11:47:10,279 - INFO -    Successful extractions: 131
2026-01-10 11:47:10,280 - INFO -    Failed extractions: 0
2026-01-10 11:47:10,280 - INFO -    Successful inferences: 131
2026-01-10 11:47:10,280 - INFO -    Failed inferences: 0
2026-01-10 11:47:10,280 - INFO -    Skipped countries: 4
2026-01-10 11:47:10,280 - INFO -    Average processing time: 3.1s per country
2026-01-10 11:47:10,280 - INFO - 
🚀 Processing Saint Kitts and Nevis
2026-01-10 11:47:10,280 - INFO -    ILI cases: 169
2026-01-10 11:47:10,280 - INFO -    ARI cases: 0
2026-01-10 11:47:10,280 - INFO -    Data types: ILI
2026-01-10 11:47:10,280 - INFO - Running extraction: /home/david/miniconda3/bin/python enhanced_extract_country_data.py --country Saint Kitts and Nevis --input data/who_flu_data.csv --output_dir data/extracted_data
2026-01-10 11:47:11,652 - INFO - ✅ Extraction successful for Saint Kitts and Nevis
2026-01-10 11:47:11,652 - INFO - Running chronos inference: /home/david/miniconda3/bin/python src/scripts/chronos_inference.py --data_file data/extracted_data/Saint_Kitts_and_Nevis_ili.csv --country_name Saint Kitts and Nevis --prediction_length 54 --plot --test_split 0.1
2026-01-10 11:47:16,456 - INFO - ✅ Inference successful for Saint Kitts and Nevis
2026-01-10 11:47:16,457 - INFO - 
🚀 Processing Saint Lucia
2026-01-10 11:47:16,457 - INFO -    ILI cases: 2,468
2026-01-10 11:47:16,457 - INFO -    ARI cases: 3,566
2026-01-10 11:47:16,457 - INFO -    Data types: ARI, ILI
2026-01-10 11:47:16,457 - INFO - Running extraction: /home/david/miniconda3/bin/python enhanced_extract_country_data.py --country Saint Lucia --input data/who_flu_data.csv --output_dir data/extracted_data
2026-01-10 11:47:17,831 - INFO - ✅ Extraction successful for Saint Lucia
2026-01-10 11:47:17,831 - INFO - Running chronos inference: /home/david/miniconda3/bin/python src/scripts/chronos_inference.py --data_file data/extracted_data/Saint_Lucia_ili.csv --country_name Saint Lucia --prediction_length 54 --plot --test_split 0.1
2026-01-10 11:47:22,751 - INFO - ✅ Inference successful for Saint Lucia
2026-01-10 11:47:22,752 - INFO - 
🚀 Processing Saint Vincent and the Grenadines
2026-01-10 11:47:22,752 - INFO -    ILI cases: 3,426
2026-01-10 11:47:22,752 - INFO -    ARI cases: 13,941
2026-01-10 11:47:22,752 - INFO -    Data types: ARI, ILI
2026-01-10 11:47:22,752 - INFO - Running extraction: /home/david/miniconda3/bin/python enhanced_extract_country_data.py --country Saint Vincent and the Grenadines --input data/who_flu_data.csv --output_dir data/extracted_data
2026-01-10 11:47:24,119 - INFO - ✅ Extraction successful for Saint Vincent and the Grenadines
2026-01-10 11:47:24,119 - INFO - Running chronos inference: /home/david/miniconda3/bin/python src/scripts/chronos_inference.py --data_file data/extracted_data/Saint_Vincent_and_the_Grenadines_ili.csv --country_name Saint Vincent and the Grenadines --prediction_length 54 --plot --test_split 0.1
2026-01-10 11:47:29,015 - INFO - ✅ Inference successful for Saint Vincent and the Grenadines
2026-01-10 11:47:29,016 - INFO - 
🚀 Processing Samoa
2026-01-10 11:47:29,016 - INFO -    ILI cases: 460,408
2026-01-10 11:47:29,016 - INFO -    ARI cases: 0
2026-01-10 11:47:29,016 - INFO -    Data types: ILI
2026-01-10 11:47:29,016 - INFO - Running extraction: /home/david/miniconda3/bin/python enhanced_extract_country_data.py --country Samoa --input data/who_flu_data.csv --output_dir data/extracted_data
2026-01-10 11:47:30,309 - INFO - ✅ Extraction successful for Samoa
2026-01-10 11:47:30,310 - INFO - Running chronos inference: /home/david/miniconda3/bin/python src/scripts/chronos_inference.py --data_file data/extracted_data/Samoa_ili.csv --country_name Samoa --prediction_length 54 --plot --test_split 0.1
2026-01-10 11:47:35,198 - INFO - ✅ Inference successful for Samoa
2026-01-10 11:47:35,199 - INFO - 
🚀 Processing Saudi Arabia
2026-01-10 11:47:35,199 - INFO -    ILI cases: 203,898
2026-01-10 11:47:35,199 - INFO -    ARI cases: 0
2026-01-10 11:47:35,199 - INFO -    Data types: ILI
2026-01-10 11:47:35,199 - INFO - Running extraction: /home/david/miniconda3/bin/python enhanced_extract_country_data.py --country Saudi Arabia --input data/who_flu_data.csv --output_dir data/extracted_data
2026-01-10 11:47:36,524 - INFO - ✅ Extraction successful for Saudi Arabia
2026-01-10 11:47:36,524 - INFO - Running chronos inference: /home/david/miniconda3/bin/python src/scripts/chronos_inference.py --data_file data/extracted_data/Saudi_Arabia_ili.csv --country_name Saudi Arabia --prediction_length 54 --plot --test_split 0.1
2026-01-10 11:47:41,343 - INFO - ✅ Inference successful for Saudi Arabia
2026-01-10 11:47:41,343 - INFO - 
📈 PROGRESS UPDATE
2026-01-10 11:47:41,344 - INFO -    Countries processed: 140/186
2026-01-10 11:47:41,344 - INFO -    Successful extractions: 136
2026-01-10 11:47:41,344 - INFO -    Failed extractions: 0
2026-01-10 11:47:41,344 - INFO -    Successful inferences: 136
2026-01-10 11:47:41,344 - INFO -    Failed inferences: 0
2026-01-10 11:47:41,344 - INFO -    Skipped countries: 4
2026-01-10 11:47:41,344 - INFO -    Average processing time: 3.1s per country
2026-01-10 11:47:41,344 - INFO - 
🚀 Processing Senegal
2026-01-10 11:47:41,344 - INFO -    ILI cases: 69,240
2026-01-10 11:47:41,344 - INFO -    ARI cases: 0
2026-01-10 11:47:41,344 - INFO -    Data types: ILI
2026-01-10 11:47:41,344 - INFO - Running extraction: /home/david/miniconda3/bin/python enhanced_extract_country_data.py --country Senegal --input data/who_flu_data.csv --output_dir data/extracted_data
2026-01-10 11:47:42,661 - INFO - ✅ Extraction successful for Senegal
2026-01-10 11:47:42,661 - INFO - Running chronos inference: /home/david/miniconda3/bin/python src/scripts/chronos_inference.py --data_file data/extracted_data/Senegal_ili.csv --country_name Senegal --prediction_length 54 --plot --test_split 0.1
2026-01-10 11:47:47,459 - INFO - ✅ Inference successful for Senegal
2026-01-10 11:47:47,459 - INFO - 
🚀 Processing Serbia
2026-01-10 11:47:47,459 - INFO -    ILI cases: 5,998,620
2026-01-10 11:47:47,459 - INFO -    ARI cases: 0
2026-01-10 11:47:47,459 - INFO -    Data types: ARI, ILI
2026-01-10 11:47:47,459 - INFO - Running extraction: /home/david/miniconda3/bin/python enhanced_extract_country_data.py --country Serbia --input data/who_flu_data.csv --output_dir data/extracted_data
2026-01-10 11:47:48,760 - INFO - ✅ Extraction successful for Serbia
2026-01-10 11:47:48,760 - INFO - Running chronos inference: /home/david/miniconda3/bin/python src/scripts/chronos_inference.py --data_file data/extracted_data/Serbia_ili.csv --country_name Serbia --prediction_length 54 --plot --test_split 0.1
2026-01-10 11:47:53,654 - INFO - ✅ Inference successful for Serbia
2026-01-10 11:47:53,654 - INFO - 
🚀 Processing Sierra Leone
2026-01-10 11:47:53,654 - INFO -    ILI cases: 9,816
2026-01-10 11:47:53,654 - INFO -    ARI cases: 0
2026-01-10 11:47:53,654 - INFO -    Data types: ILI
2026-01-10 11:47:53,655 - INFO - Running extraction: /home/david/miniconda3/bin/python enhanced_extract_country_data.py --country Sierra Leone --input data/who_flu_data.csv --output_dir data/extracted_data
2026-01-10 11:47:54,982 - INFO - ✅ Extraction successful for Sierra Leone
2026-01-10 11:47:54,982 - INFO - Running chronos inference: /home/david/miniconda3/bin/python src/scripts/chronos_inference.py --data_file data/extracted_data/Sierra_Leone_ili.csv --country_name Sierra Leone --prediction_length 54 --plot --test_split 0.1
2026-01-10 11:47:59,865 - INFO - ✅ Inference successful for Sierra Leone
2026-01-10 11:47:59,865 - INFO - 
🚀 Processing Singapore
2026-01-10 11:47:59,865 - INFO -    ILI cases: 110,823
2026-01-10 11:47:59,865 - INFO -    ARI cases: 0
2026-01-10 11:47:59,865 - INFO -    Data types: ILI
2026-01-10 11:47:59,865 - INFO - Running extraction: /home/david/miniconda3/bin/python enhanced_extract_country_data.py --country Singapore --input data/who_flu_data.csv --output_dir data/extracted_data
2026-01-10 11:48:01,153 - INFO - ✅ Extraction successful for Singapore
2026-01-10 11:48:01,153 - INFO - Running chronos inference: /home/david/miniconda3/bin/python src/scripts/chronos_inference.py --data_file data/extracted_data/Singapore_ili.csv --country_name Singapore --prediction_length 54 --plot --test_split 0.1
2026-01-10 11:48:06,038 - INFO - ✅ Inference successful for Singapore
2026-01-10 11:48:06,039 - INFO - 
🚀 Processing Sint Maarten (Dutch part)
2026-01-10 11:48:06,039 - INFO -    ILI cases: 685
2026-01-10 11:48:06,039 - INFO -    ARI cases: 0
2026-01-10 11:48:06,039 - INFO -    Data types: ILI
2026-01-10 11:48:06,039 - INFO - Running extraction: /home/david/miniconda3/bin/python enhanced_extract_country_data.py --country Sint Maarten (Dutch part) --input data/who_flu_data.csv --output_dir data/extracted_data
2026-01-10 11:48:07,333 - INFO - ✅ Extraction successful for Sint Maarten (Dutch part)
2026-01-10 11:48:07,333 - INFO - Running chronos inference: /home/david/miniconda3/bin/python src/scripts/chronos_inference.py --data_file data/extracted_data/Sint_Maarten_(Dutch_part)_ili.csv --country_name Sint Maarten (Dutch part) --prediction_length 54 --plot --test_split 0.1
2026-01-10 11:48:12,115 - INFO - ✅ Inference successful for Sint Maarten (Dutch part)
2026-01-10 11:48:12,115 - INFO - 
📈 PROGRESS UPDATE
2026-01-10 11:48:12,115 - INFO -    Countries processed: 145/186
2026-01-10 11:48:12,115 - INFO -    Successful extractions: 141
2026-01-10 11:48:12,115 - INFO -    Failed extractions: 0
2026-01-10 11:48:12,115 - INFO -    Successful inferences: 141
2026-01-10 11:48:12,115 - INFO -    Failed inferences: 0
2026-01-10 11:48:12,115 - INFO -    Skipped countries: 4
2026-01-10 11:48:12,115 - INFO -    Average processing time: 3.1s per country
2026-01-10 11:48:12,116 - INFO - 
🚀 Processing Slovakia
2026-01-10 11:48:12,116 - INFO -    ILI cases: 6,272,156
2026-01-10 11:48:12,116 - INFO -    ARI cases: 60,282,674
2026-01-10 11:48:12,116 - INFO -    Data types: ARI, ILI
2026-01-10 11:48:12,116 - INFO - Running extraction: /home/david/miniconda3/bin/python enhanced_extract_country_data.py --country Slovakia --input data/who_flu_data.csv --output_dir data/extracted_data
2026-01-10 11:48:13,418 - INFO - ✅ Extraction successful for Slovakia
2026-01-10 11:48:13,418 - INFO - Running chronos inference: /home/david/miniconda3/bin/python src/scripts/chronos_inference.py --data_file data/extracted_data/Slovakia_ili.csv --country_name Slovakia --prediction_length 54 --plot --test_split 0.1
2026-01-10 11:48:18,320 - INFO - ✅ Inference successful for Slovakia
2026-01-10 11:48:18,320 - INFO - 
🚀 Processing Slovenia
2026-01-10 11:48:18,321 - INFO -    ILI cases: 20,952
2026-01-10 11:48:18,321 - INFO -    ARI cases: 1,292,439
2026-01-10 11:48:18,321 - INFO -    Data types: ARI, ILI
2026-01-10 11:48:18,321 - INFO - Running extraction: /home/david/miniconda3/bin/python enhanced_extract_country_data.py --country Slovenia --input data/who_flu_data.csv --output_dir data/extracted_data
2026-01-10 11:48:19,620 - INFO - ✅ Extraction successful for Slovenia
2026-01-10 11:48:19,620 - INFO - Running chronos inference: /home/david/miniconda3/bin/python src/scripts/chronos_inference.py --data_file data/extracted_data/Slovenia_ili.csv --country_name Slovenia --prediction_length 54 --plot --test_split 0.1
2026-01-10 11:48:24,480 - INFO - ✅ Inference successful for Slovenia
2026-01-10 11:48:24,480 - INFO - 
🚀 Processing Solomon Islands
2026-01-10 11:48:24,480 - INFO -    ILI cases: 162,281
2026-01-10 11:48:24,480 - INFO -    ARI cases: 0
2026-01-10 11:48:24,480 - INFO -    Data types: ILI
2026-01-10 11:48:24,480 - INFO - Running extraction: /home/david/miniconda3/bin/python enhanced_extract_country_data.py --country Solomon Islands --input data/who_flu_data.csv --output_dir data/extracted_data
2026-01-10 11:48:25,796 - INFO - ✅ Extraction successful for Solomon Islands
2026-01-10 11:48:25,796 - INFO - Running chronos inference: /home/david/miniconda3/bin/python src/scripts/chronos_inference.py --data_file data/extracted_data/Solomon_Islands_ili.csv --country_name Solomon Islands --prediction_length 54 --plot --test_split 0.1
2026-01-10 11:48:30,699 - INFO - ✅ Inference successful for Solomon Islands
2026-01-10 11:48:30,700 - INFO - 
🚀 Processing Somalia
2026-01-10 11:48:30,700 - INFO -    ILI cases: 17,492
2026-01-10 11:48:30,700 - INFO -    ARI cases: 0
2026-01-10 11:48:30,700 - INFO -    Data types: ILI
2026-01-10 11:48:30,700 - INFO - Running extraction: /home/david/miniconda3/bin/python enhanced_extract_country_data.py --country Somalia --input data/who_flu_data.csv --output_dir data/extracted_data
2026-01-10 11:48:32,067 - INFO - ✅ Extraction successful for Somalia
2026-01-10 11:48:32,067 - INFO - Running chronos inference: /home/david/miniconda3/bin/python src/scripts/chronos_inference.py --data_file data/extracted_data/Somalia_ili.csv --country_name Somalia --prediction_length 54 --plot --test_split 0.1
2026-01-10 11:48:36,924 - INFO - ✅ Inference successful for Somalia
2026-01-10 11:48:36,924 - INFO - 
🚀 Processing South Africa
2026-01-10 11:48:36,924 - INFO -    ILI cases: 24,450
2026-01-10 11:48:36,924 - INFO -    ARI cases: 0
2026-01-10 11:48:36,925 - INFO -    Data types: ILI
2026-01-10 11:48:36,925 - INFO - Running extraction: /home/david/miniconda3/bin/python enhanced_extract_country_data.py --country South Africa --input data/who_flu_data.csv --output_dir data/extracted_data
2026-01-10 11:48:38,234 - INFO - ✅ Extraction successful for South Africa
2026-01-10 11:48:38,234 - INFO - Running chronos inference: /home/david/miniconda3/bin/python src/scripts/chronos_inference.py --data_file data/extracted_data/South_Africa_ili.csv --country_name South Africa --prediction_length 54 --plot --test_split 0.1
2026-01-10 11:48:43,069 - INFO - ✅ Inference successful for South Africa
2026-01-10 11:48:43,069 - INFO - 
📈 PROGRESS UPDATE
2026-01-10 11:48:43,070 - INFO -    Countries processed: 150/186
2026-01-10 11:48:43,070 - INFO -    Successful extractions: 146
2026-01-10 11:48:43,070 - INFO -    Failed extractions: 0
2026-01-10 11:48:43,070 - INFO -    Successful inferences: 146
2026-01-10 11:48:43,070 - INFO -    Failed inferences: 0
2026-01-10 11:48:43,070 - INFO -    Skipped countries: 4
2026-01-10 11:48:43,070 - INFO -    Average processing time: 3.1s per country
2026-01-10 11:48:43,070 - INFO - 
🚀 Processing South Sudan
2026-01-10 11:48:43,070 - INFO -    ILI cases: 65,986
2026-01-10 11:48:43,070 - INFO -    ARI cases: 0
2026-01-10 11:48:43,070 - INFO -    Data types: ILI
2026-01-10 11:48:43,070 - INFO - Running extraction: /home/david/miniconda3/bin/python enhanced_extract_country_data.py --country South Sudan --input data/who_flu_data.csv --output_dir data/extracted_data
2026-01-10 11:48:44,391 - INFO - ✅ Extraction successful for South Sudan
2026-01-10 11:48:44,391 - INFO - Running chronos inference: /home/david/miniconda3/bin/python src/scripts/chronos_inference.py --data_file data/extracted_data/South_Sudan_ili.csv --country_name South Sudan --prediction_length 54 --plot --test_split 0.1
2026-01-10 11:48:49,127 - INFO - ✅ Inference successful for South Sudan
2026-01-10 11:48:49,128 - INFO - 
🚀 Processing Spain
2026-01-10 11:48:49,128 - INFO -    ILI cases: 2,794,420
2026-01-10 11:48:49,128 - INFO -    ARI cases: 86,934,751
2026-01-10 11:48:49,128 - INFO -    Data types: ARI, ILI
2026-01-10 11:48:49,128 - INFO - Running extraction: /home/david/miniconda3/bin/python enhanced_extract_country_data.py --country Spain --input data/who_flu_data.csv --output_dir data/extracted_data
2026-01-10 11:48:50,475 - INFO - ✅ Extraction successful for Spain
2026-01-10 11:48:50,475 - INFO - Running chronos inference: /home/david/miniconda3/bin/python src/scripts/chronos_inference.py --data_file data/extracted_data/Spain_ili.csv --country_name Spain --prediction_length 54 --plot --test_split 0.1
2026-01-10 11:48:55,273 - INFO - ✅ Inference successful for Spain
2026-01-10 11:48:55,273 - INFO - 
🚀 Processing Sri Lanka
2026-01-10 11:48:55,273 - INFO -    ILI cases: 1,478,968
2026-01-10 11:48:55,273 - INFO -    ARI cases: 0
2026-01-10 11:48:55,273 - INFO -    Data types: ILI
2026-01-10 11:48:55,273 - INFO - Running extraction: /home/david/miniconda3/bin/python enhanced_extract_country_data.py --country Sri Lanka --input data/who_flu_data.csv --output_dir data/extracted_data
2026-01-10 11:48:56,641 - INFO - ✅ Extraction successful for Sri Lanka
2026-01-10 11:48:56,641 - INFO - Running chronos inference: /home/david/miniconda3/bin/python src/scripts/chronos_inference.py --data_file data/extracted_data/Sri_Lanka_ili.csv --country_name Sri Lanka --prediction_length 54 --plot --test_split 0.1
2026-01-10 11:49:01,390 - INFO - ✅ Inference successful for Sri Lanka
2026-01-10 11:49:01,391 - INFO - 
🚀 Processing Sudan
2026-01-10 11:49:01,391 - INFO -    ILI cases: 114
2026-01-10 11:49:01,391 - INFO -    ARI cases: 0
2026-01-10 11:49:01,391 - INFO -    Data types: ILI
2026-01-10 11:49:01,391 - INFO - Running extraction: /home/david/miniconda3/bin/python enhanced_extract_country_data.py --country Sudan --input data/who_flu_data.csv --output_dir data/extracted_data
2026-01-10 11:49:02,733 - INFO - ✅ Extraction successful for Sudan
2026-01-10 11:49:02,733 - INFO - Running chronos inference: /home/david/miniconda3/bin/python src/scripts/chronos_inference.py --data_file data/extracted_data/Sudan_ili.csv --country_name Sudan --prediction_length 54 --plot --test_split 0.1
2026-01-10 11:49:07,561 - INFO - ✅ Inference successful for Sudan
2026-01-10 11:49:07,561 - INFO - 
🚀 Processing Suriname
2026-01-10 11:49:07,562 - INFO -    ILI cases: 1,348
2026-01-10 11:49:07,562 - INFO -    ARI cases: 44,470
2026-01-10 11:49:07,562 - INFO -    Data types: ARI, ILI
2026-01-10 11:49:07,562 - INFO - Running extraction: /home/david/miniconda3/bin/python enhanced_extract_country_data.py --country Suriname --input data/who_flu_data.csv --output_dir data/extracted_data
2026-01-10 11:49:08,909 - INFO - ✅ Extraction successful for Suriname
2026-01-10 11:49:08,909 - INFO - Running chronos inference: /home/david/miniconda3/bin/python src/scripts/chronos_inference.py --data_file data/extracted_data/Suriname_ili.csv --country_name Suriname --prediction_length 54 --plot --test_split 0.1
2026-01-10 11:49:13,815 - INFO - ✅ Inference successful for Suriname
2026-01-10 11:49:13,816 - INFO - 
📈 PROGRESS UPDATE
2026-01-10 11:49:13,816 - INFO -    Countries processed: 155/186
2026-01-10 11:49:13,816 - INFO -    Successful extractions: 151
2026-01-10 11:49:13,816 - INFO -    Failed extractions: 0
2026-01-10 11:49:13,816 - INFO -    Successful inferences: 151
2026-01-10 11:49:13,816 - INFO -    Failed inferences: 0
2026-01-10 11:49:13,816 - INFO -    Skipped countries: 4
2026-01-10 11:49:13,816 - INFO -    Average processing time: 3.1s per country
2026-01-10 11:49:13,816 - INFO - 
🚀 Processing Sweden
2026-01-10 11:49:13,816 - INFO -    ILI cases: 9,702
2026-01-10 11:49:13,816 - INFO -    ARI cases: 0
2026-01-10 11:49:13,816 - INFO -    Data types: ARI, ILI
2026-01-10 11:49:13,816 - INFO - Running extraction: /home/david/miniconda3/bin/python enhanced_extract_country_data.py --country Sweden --input data/who_flu_data.csv --output_dir data/extracted_data
2026-01-10 11:49:15,145 - INFO - ✅ Extraction successful for Sweden
2026-01-10 11:49:15,146 - INFO - Running chronos inference: /home/david/miniconda3/bin/python src/scripts/chronos_inference.py --data_file data/extracted_data/Sweden_ili.csv --country_name Sweden --prediction_length 54 --plot --test_split 0.1
2026-01-10 11:49:19,999 - INFO - ✅ Inference successful for Sweden
2026-01-10 11:49:19,999 - INFO - 
🚀 Processing Switzerland
2026-01-10 11:49:20,000 - INFO -    ILI cases: 146,858
2026-01-10 11:49:20,000 - INFO -    ARI cases: 0
2026-01-10 11:49:20,000 - INFO -    Data types: ARI, ILI
2026-01-10 11:49:20,000 - INFO - Running extraction: /home/david/miniconda3/bin/python enhanced_extract_country_data.py --country Switzerland --input data/who_flu_data.csv --output_dir data/extracted_data
2026-01-10 11:49:21,360 - INFO - ✅ Extraction successful for Switzerland
2026-01-10 11:49:21,360 - INFO - Running chronos inference: /home/david/miniconda3/bin/python src/scripts/chronos_inference.py --data_file data/extracted_data/Switzerland_ili.csv --country_name Switzerland --prediction_length 54 --plot --test_split 0.1
2026-01-10 11:49:26,221 - INFO - ✅ Inference successful for Switzerland
2026-01-10 11:49:26,221 - INFO - 
🚀 Processing Tajikistan
2026-01-10 11:49:26,221 - INFO -    ILI cases: 41,093
2026-01-10 11:49:26,221 - INFO -    ARI cases: 1,843,652
2026-01-10 11:49:26,221 - INFO -    Data types: ARI, ILI
2026-01-10 11:49:26,221 - INFO - Running extraction: /home/david/miniconda3/bin/python enhanced_extract_country_data.py --country Tajikistan --input data/who_flu_data.csv --output_dir data/extracted_data
2026-01-10 11:49:27,553 - INFO - ✅ Extraction successful for Tajikistan
2026-01-10 11:49:27,554 - INFO - Running chronos inference: /home/david/miniconda3/bin/python src/scripts/chronos_inference.py --data_file data/extracted_data/Tajikistan_ili.csv --country_name Tajikistan --prediction_length 54 --plot --test_split 0.1
2026-01-10 11:49:32,407 - INFO - ✅ Inference successful for Tajikistan
2026-01-10 11:49:32,407 - INFO - 
🚀 Processing Thailand
2026-01-10 11:49:32,407 - INFO -    ILI cases: 37,661,158
2026-01-10 11:49:32,407 - INFO -    ARI cases: 0
2026-01-10 11:49:32,407 - INFO -    Data types: ILI
2026-01-10 11:49:32,407 - INFO - Running extraction: /home/david/miniconda3/bin/python enhanced_extract_country_data.py --country Thailand --input data/who_flu_data.csv --output_dir data/extracted_data
2026-01-10 11:49:33,771 - INFO - ✅ Extraction successful for Thailand
2026-01-10 11:49:33,771 - INFO - Running chronos inference: /home/david/miniconda3/bin/python src/scripts/chronos_inference.py --data_file data/extracted_data/Thailand_ili.csv --country_name Thailand --prediction_length 54 --plot --test_split 0.1
2026-01-10 11:49:38,628 - INFO - ✅ Inference successful for Thailand
2026-01-10 11:49:38,629 - INFO - 
🚀 Processing Timor-Leste
2026-01-10 11:49:38,629 - INFO -    ILI cases: 11,485
2026-01-10 11:49:38,629 - INFO -    ARI cases: 0
2026-01-10 11:49:38,629 - INFO -    Data types: ILI
2026-01-10 11:49:38,629 - INFO - Running extraction: /home/david/miniconda3/bin/python enhanced_extract_country_data.py --country Timor-Leste --input data/who_flu_data.csv --output_dir data/extracted_data
2026-01-10 11:49:39,975 - INFO - ✅ Extraction successful for Timor-Leste
2026-01-10 11:49:39,975 - INFO - Running chronos inference: /home/david/miniconda3/bin/python src/scripts/chronos_inference.py --data_file data/extracted_data/Timor-Leste_ili.csv --country_name Timor-Leste --prediction_length 54 --plot --test_split 0.1
2026-01-10 11:49:44,762 - INFO - ✅ Inference successful for Timor-Leste
2026-01-10 11:49:44,763 - INFO - 
📈 PROGRESS UPDATE
2026-01-10 11:49:44,763 - INFO -    Countries processed: 160/186
2026-01-10 11:49:44,763 - INFO -    Successful extractions: 156
2026-01-10 11:49:44,763 - INFO -    Failed extractions: 0
2026-01-10 11:49:44,763 - INFO -    Successful inferences: 156
2026-01-10 11:49:44,763 - INFO -    Failed inferences: 0
2026-01-10 11:49:44,763 - INFO -    Skipped countries: 4
2026-01-10 11:49:44,763 - INFO -    Average processing time: 3.1s per country
2026-01-10 11:49:44,763 - INFO - 
🚀 Processing Togo
2026-01-10 11:49:44,763 - INFO -    ILI cases: 30,018
2026-01-10 11:49:44,763 - INFO -    ARI cases: 0
2026-01-10 11:49:44,763 - INFO -    Data types: ILI
2026-01-10 11:49:44,763 - INFO - Running extraction: /home/david/miniconda3/bin/python enhanced_extract_country_data.py --country Togo --input data/who_flu_data.csv --output_dir data/extracted_data
2026-01-10 11:49:46,106 - INFO - ✅ Extraction successful for Togo
2026-01-10 11:49:46,107 - INFO - Running chronos inference: /home/david/miniconda3/bin/python src/scripts/chronos_inference.py --data_file data/extracted_data/Togo_ili.csv --country_name Togo --prediction_length 54 --plot --test_split 0.1
2026-01-10 11:49:50,957 - INFO - ✅ Inference successful for Togo
2026-01-10 11:49:50,957 - INFO - 
🚀 Processing Tokelau
2026-01-10 11:49:50,957 - INFO -    ILI cases: 2,844
2026-01-10 11:49:50,957 - INFO -    ARI cases: 0
2026-01-10 11:49:50,957 - INFO -    Data types: ILI
2026-01-10 11:49:50,957 - INFO - Running extraction: /home/david/miniconda3/bin/python enhanced_extract_country_data.py --country Tokelau --input data/who_flu_data.csv --output_dir data/extracted_data
2026-01-10 11:49:52,292 - INFO - ✅ Extraction successful for Tokelau
2026-01-10 11:49:52,293 - INFO - Running chronos inference: /home/david/miniconda3/bin/python src/scripts/chronos_inference.py --data_file data/extracted_data/Tokelau_ili.csv --country_name Tokelau --prediction_length 54 --plot --test_split 0.1
2026-01-10 11:49:57,112 - INFO - ✅ Inference successful for Tokelau
2026-01-10 11:49:57,112 - INFO - 
🚀 Processing Tonga
2026-01-10 11:49:57,113 - INFO -    ILI cases: 67,941
2026-01-10 11:49:57,113 - INFO -    ARI cases: 0
2026-01-10 11:49:57,113 - INFO -    Data types: ILI
2026-01-10 11:49:57,113 - INFO - Running extraction: /home/david/miniconda3/bin/python enhanced_extract_country_data.py --country Tonga --input data/who_flu_data.csv --output_dir data/extracted_data
2026-01-10 11:49:58,430 - INFO - ✅ Extraction successful for Tonga
2026-01-10 11:49:58,430 - INFO - Running chronos inference: /home/david/miniconda3/bin/python src/scripts/chronos_inference.py --data_file data/extracted_data/Tonga_ili.csv --country_name Tonga --prediction_length 54 --plot --test_split 0.1
2026-01-10 11:50:03,558 - INFO - ✅ Inference successful for Tonga
2026-01-10 11:50:03,559 - INFO - 
🚀 Processing Trinidad and Tobago
2026-01-10 11:50:03,559 - INFO -    ILI cases: 30,767
2026-01-10 11:50:03,559 - INFO -    ARI cases: 9,672
2026-01-10 11:50:03,559 - INFO -    Data types: ARI, ILI
2026-01-10 11:50:03,559 - INFO - Running extraction: /home/david/miniconda3/bin/python enhanced_extract_country_data.py --country Trinidad and Tobago --input data/who_flu_data.csv --output_dir data/extracted_data
2026-01-10 11:50:04,888 - INFO - ✅ Extraction successful for Trinidad and Tobago
2026-01-10 11:50:04,888 - INFO - Running chronos inference: /home/david/miniconda3/bin/python src/scripts/chronos_inference.py --data_file data/extracted_data/Trinidad_and_Tobago_ili.csv --country_name Trinidad and Tobago --prediction_length 54 --plot --test_split 0.1
2026-01-10 11:50:09,729 - INFO - ✅ Inference successful for Trinidad and Tobago
2026-01-10 11:50:09,730 - INFO - 
🚀 Processing Turkmenistan
2026-01-10 11:50:09,730 - INFO -    ILI cases: 3,355
2026-01-10 11:50:09,730 - INFO -    ARI cases: 152,676
2026-01-10 11:50:09,730 - INFO -    Data types: ARI, ILI
2026-01-10 11:50:09,730 - INFO - Running extraction: /home/david/miniconda3/bin/python enhanced_extract_country_data.py --country Turkmenistan --input data/who_flu_data.csv --output_dir data/extracted_data
2026-01-10 11:50:11,092 - INFO - ✅ Extraction successful for Turkmenistan
2026-01-10 11:50:11,092 - INFO - Running chronos inference: /home/david/miniconda3/bin/python src/scripts/chronos_inference.py --data_file data/extracted_data/Turkmenistan_ili.csv --country_name Turkmenistan --prediction_length 54 --plot --test_split 0.1
2026-01-10 11:50:15,979 - INFO - ✅ Inference successful for Turkmenistan
2026-01-10 11:50:15,979 - INFO - 
📈 PROGRESS UPDATE
2026-01-10 11:50:15,979 - INFO -    Countries processed: 165/186
2026-01-10 11:50:15,979 - INFO -    Successful extractions: 161
2026-01-10 11:50:15,979 - INFO -    Failed extractions: 0
2026-01-10 11:50:15,979 - INFO -    Successful inferences: 161
2026-01-10 11:50:15,979 - INFO -    Failed inferences: 0
2026-01-10 11:50:15,979 - INFO -    Skipped countries: 4
2026-01-10 11:50:15,979 - INFO -    Average processing time: 3.1s per country
2026-01-10 11:50:15,980 - INFO - 
🚀 Processing Turks and Caicos Islands
2026-01-10 11:50:15,980 - INFO -    ILI cases: 2,450
2026-01-10 11:50:15,980 - INFO -    ARI cases: 0
2026-01-10 11:50:15,980 - INFO -    Data types: ILI
2026-01-10 11:50:15,980 - INFO - Running extraction: /home/david/miniconda3/bin/python enhanced_extract_country_data.py --country Turks and Caicos Islands --input data/who_flu_data.csv --output_dir data/extracted_data
2026-01-10 11:50:17,284 - INFO - ✅ Extraction successful for Turks and Caicos Islands
2026-01-10 11:50:17,284 - INFO - Running chronos inference: /home/david/miniconda3/bin/python src/scripts/chronos_inference.py --data_file data/extracted_data/Turks_and_Caicos_Islands_ili.csv --country_name Turks and Caicos Islands --prediction_length 54 --plot --test_split 0.1
2026-01-10 11:50:22,094 - INFO - ✅ Inference successful for Turks and Caicos Islands
2026-01-10 11:50:22,094 - INFO - 
🚀 Processing Tuvalu
2026-01-10 11:50:22,094 - INFO -    ILI cases: 9,559
2026-01-10 11:50:22,094 - INFO -    ARI cases: 0
2026-01-10 11:50:22,095 - INFO -    Data types: ILI
2026-01-10 11:50:22,095 - INFO - Running extraction: /home/david/miniconda3/bin/python enhanced_extract_country_data.py --country Tuvalu --input data/who_flu_data.csv --output_dir data/extracted_data
2026-01-10 11:50:23,443 - INFO - ✅ Extraction successful for Tuvalu
2026-01-10 11:50:23,444 - INFO - Running chronos inference: /home/david/miniconda3/bin/python src/scripts/chronos_inference.py --data_file data/extracted_data/Tuvalu_ili.csv --country_name Tuvalu --prediction_length 54 --plot --test_split 0.1
2026-01-10 11:50:28,365 - INFO - ✅ Inference successful for Tuvalu
2026-01-10 11:50:28,365 - INFO - 
🚀 Processing Türkiye
2026-01-10 11:50:28,365 - INFO -    ILI cases: 3,161,460
2026-01-10 11:50:28,365 - INFO -    ARI cases: 882
2026-01-10 11:50:28,365 - INFO -    Data types: ARI, ILI
2026-01-10 11:50:28,365 - INFO - Running extraction: /home/david/miniconda3/bin/python enhanced_extract_country_data.py --country Türkiye --input data/who_flu_data.csv --output_dir data/extracted_data
2026-01-10 11:50:29,727 - INFO - ✅ Extraction successful for Türkiye
2026-01-10 11:50:29,727 - INFO - Running chronos inference: /home/david/miniconda3/bin/python src/scripts/chronos_inference.py --data_file data/extracted_data/Türkiye_ili.csv --country_name Türkiye --prediction_length 54 --plot --test_split 0.1
2026-01-10 11:50:34,683 - INFO - ✅ Inference successful for Türkiye
2026-01-10 11:50:34,683 - INFO - 
🚀 Processing Uganda
2026-01-10 11:50:34,683 - INFO -    ILI cases: 3,504
2026-01-10 11:50:34,683 - INFO -    ARI cases: 0
2026-01-10 11:50:34,683 - INFO -    Data types: ILI
2026-01-10 11:50:34,683 - INFO - Running extraction: /home/david/miniconda3/bin/python enhanced_extract_country_data.py --country Uganda --input data/who_flu_data.csv --output_dir data/extracted_data
2026-01-10 11:50:36,036 - INFO - ✅ Extraction successful for Uganda
2026-01-10 11:50:36,036 - INFO - Running chronos inference: /home/david/miniconda3/bin/python src/scripts/chronos_inference.py --data_file data/extracted_data/Uganda_ili.csv --country_name Uganda --prediction_length 54 --plot --test_split 0.1
2026-01-10 11:50:40,823 - INFO - ✅ Inference successful for Uganda
2026-01-10 11:50:40,824 - INFO - 
🚀 Processing Ukraine
2026-01-10 11:50:40,824 - INFO -    ILI cases: 11,340,142
2026-01-10 11:50:40,824 - INFO -    ARI cases: 141,147,177
2026-01-10 11:50:40,824 - INFO -    Data types: ARI, ILI
2026-01-10 11:50:40,824 - INFO - Running extraction: /home/david/miniconda3/bin/python enhanced_extract_country_data.py --country Ukraine --input data/who_flu_data.csv --output_dir data/extracted_data
2026-01-10 11:50:42,144 - INFO - ✅ Extraction successful for Ukraine
2026-01-10 11:50:42,145 - INFO - Running chronos inference: /home/david/miniconda3/bin/python src/scripts/chronos_inference.py --data_file data/extracted_data/Ukraine_ili.csv --country_name Ukraine --prediction_length 54 --plot --test_split 0.1
2026-01-10 11:50:46,998 - INFO - ✅ Inference successful for Ukraine
2026-01-10 11:50:46,998 - INFO - 
📈 PROGRESS UPDATE
2026-01-10 11:50:46,998 - INFO -    Countries processed: 170/186
2026-01-10 11:50:46,998 - INFO -    Successful extractions: 166
2026-01-10 11:50:46,998 - INFO -    Failed extractions: 0
2026-01-10 11:50:46,998 - INFO -    Successful inferences: 166
2026-01-10 11:50:46,998 - INFO -    Failed inferences: 0
2026-01-10 11:50:46,998 - INFO -    Skipped countries: 4
2026-01-10 11:50:46,998 - INFO -    Average processing time: 3.1s per country
2026-01-10 11:50:46,998 - INFO - 
🚀 Processing United Arab Emirates
2026-01-10 11:50:46,998 - INFO -    ILI cases: 502,842
2026-01-10 11:50:46,998 - INFO -    ARI cases: 0
2026-01-10 11:50:46,999 - INFO -    Data types: ILI
2026-01-10 11:50:46,999 - INFO - Running extraction: /home/david/miniconda3/bin/python enhanced_extract_country_data.py --country United Arab Emirates --input data/who_flu_data.csv --output_dir data/extracted_data
2026-01-10 11:50:48,337 - INFO - ✅ Extraction successful for United Arab Emirates
2026-01-10 11:50:48,337 - INFO - Running chronos inference: /home/david/miniconda3/bin/python src/scripts/chronos_inference.py --data_file data/extracted_data/United_Arab_Emirates_ili.csv --country_name United Arab Emirates --prediction_length 54 --plot --test_split 0.1
2026-01-10 11:50:53,211 - INFO - ✅ Inference successful for United Arab Emirates
2026-01-10 11:50:53,211 - INFO - 
🚀 Processing United Kingdom of Great Britain and Northern Ireland
2026-01-10 11:50:53,211 - INFO -    ILI cases: 36,252
2026-01-10 11:50:53,211 - INFO -    ARI cases: 937,786
2026-01-10 11:50:53,211 - INFO -    Data types: ARI, ILI
2026-01-10 11:50:53,211 - INFO - Running extraction: /home/david/miniconda3/bin/python enhanced_extract_country_data.py --country United Kingdom of Great Britain and Northern Ireland --input data/who_flu_data.csv --output_dir data/extracted_data
2026-01-10 11:50:54,531 - INFO - ✅ Extraction successful for United Kingdom of Great Britain and Northern Ireland
2026-01-10 11:50:54,531 - INFO - Running chronos inference: /home/david/miniconda3/bin/python src/scripts/chronos_inference.py --data_file data/extracted_data/United_Kingdom_of_Great_Britain_and_Northern_Ireland_ili.csv --country_name United Kingdom of Great Britain and Northern Ireland --prediction_length 54 --plot --test_split 0.1
2026-01-10 11:50:59,390 - INFO - ✅ Inference successful for United Kingdom of Great Britain and Northern Ireland
2026-01-10 11:50:59,390 - INFO - 
🚀 Processing United Kingdom, England
2026-01-10 11:50:59,390 - INFO -    ILI cases: 232,750
2026-01-10 11:50:59,390 - INFO -    ARI cases: 10,467,240
2026-01-10 11:50:59,390 - INFO -    Data types: ARI, ILI
2026-01-10 11:50:59,390 - INFO - Running extraction: /home/david/miniconda3/bin/python enhanced_extract_country_data.py --country United Kingdom, England --input data/who_flu_data.csv --output_dir data/extracted_data
2026-01-10 11:51:00,717 - INFO - ✅ Extraction successful for United Kingdom, England
2026-01-10 11:51:00,717 - INFO - Running chronos inference: /home/david/miniconda3/bin/python src/scripts/chronos_inference.py --data_file data/extracted_data/United_Kingdom,_England_ili.csv --country_name United Kingdom, England --prediction_length 54 --plot --test_split 0.1
2026-01-10 11:51:05,511 - INFO - ✅ Inference successful for United Kingdom, England
2026-01-10 11:51:05,511 - INFO - 
🚀 Processing United Kingdom, Northern Ireland
2026-01-10 11:51:05,511 - INFO -    ILI cases: 52,518
2026-01-10 11:51:05,511 - INFO -    ARI cases: 1,105,633
2026-01-10 11:51:05,511 - INFO -    Data types: ARI, ILI
2026-01-10 11:51:05,511 - INFO - Running extraction: /home/david/miniconda3/bin/python enhanced_extract_country_data.py --country United Kingdom, Northern Ireland --input data/who_flu_data.csv --output_dir data/extracted_data
2026-01-10 11:51:06,879 - INFO - ✅ Extraction successful for United Kingdom, Northern Ireland
2026-01-10 11:51:06,879 - INFO - Running chronos inference: /home/david/miniconda3/bin/python src/scripts/chronos_inference.py --data_file data/extracted_data/United_Kingdom,_Northern_Ireland_ili.csv --country_name United Kingdom, Northern Ireland --prediction_length 54 --plot --test_split 0.1
2026-01-10 11:51:11,734 - INFO - ✅ Inference successful for United Kingdom, Northern Ireland
2026-01-10 11:51:11,735 - INFO - 
🚀 Processing United Kingdom, Scotland
2026-01-10 11:51:11,735 - INFO -    ILI cases: 151,768
2026-01-10 11:51:11,735 - INFO -    ARI cases: 5,327,760
2026-01-10 11:51:11,735 - INFO -    Data types: ARI, ILI
2026-01-10 11:51:11,735 - INFO - Running extraction: /home/david/miniconda3/bin/python enhanced_extract_country_data.py --country United Kingdom, Scotland --input data/who_flu_data.csv --output_dir data/extracted_data
2026-01-10 11:51:13,041 - INFO - ✅ Extraction successful for United Kingdom, Scotland
2026-01-10 11:51:13,042 - INFO - Running chronos inference: /home/david/miniconda3/bin/python src/scripts/chronos_inference.py --data_file data/extracted_data/United_Kingdom,_Scotland_ili.csv --country_name United Kingdom, Scotland --prediction_length 54 --plot --test_split 0.1
2026-01-10 11:51:17,851 - INFO - ✅ Inference successful for United Kingdom, Scotland
2026-01-10 11:51:17,852 - INFO - 
📈 PROGRESS UPDATE
2026-01-10 11:51:17,852 - INFO -    Countries processed: 175/186
2026-01-10 11:51:17,852 - INFO -    Successful extractions: 171
2026-01-10 11:51:17,852 - INFO -    Failed extractions: 0
2026-01-10 11:51:17,852 - INFO -    Successful inferences: 171
2026-01-10 11:51:17,852 - INFO -    Failed inferences: 0
2026-01-10 11:51:17,852 - INFO -    Skipped countries: 4
2026-01-10 11:51:17,852 - INFO -    Average processing time: 3.1s per country
2026-01-10 11:51:17,852 - INFO - 
🚀 Processing United Kingdom, Wales
2026-01-10 11:51:17,852 - INFO -    ILI cases: 9,333
2026-01-10 11:51:17,852 - INFO -    ARI cases: 291,962
2026-01-10 11:51:17,852 - INFO -    Data types: ARI, ILI
2026-01-10 11:51:17,852 - INFO - Running extraction: /home/david/miniconda3/bin/python enhanced_extract_country_data.py --country United Kingdom, Wales --input data/who_flu_data.csv --output_dir data/extracted_data
2026-01-10 11:51:19,071 - INFO - Loaded country summary with 186 countries
2026-01-10 11:51:19,071 - INFO - 🧪 Running test with 3 sample countries...
2026-01-10 11:51:19,071 - INFO - 🌍 Starting batch processing of countries...
2026-01-10 11:51:19,071 - INFO - 📊 Total countries to process: 3
2026-01-10 11:51:19,071 - INFO - 
🚀 Processing Afghanistan
2026-01-10 11:51:19,071 - INFO -    ILI cases: 1,517,440
2026-01-10 11:51:19,071 - INFO -    ARI cases: 0
2026-01-10 11:51:19,071 - INFO -    Data types: ILI
2026-01-10 11:51:19,071 - INFO - Running extraction: /home/david/miniconda3/bin/python enhanced_extract_country_data.py --country Afghanistan --input data/who_flu_data.csv --output_dir data/extracted_data
2026-01-10 11:51:19,247 - INFO - ✅ Extraction successful for United Kingdom, Wales
2026-01-10 11:51:19,248 - INFO - Running chronos inference: /home/david/miniconda3/bin/python src/scripts/chronos_inference.py --data_file data/extracted_data/United_Kingdom,_Wales_ili.csv --country_name United Kingdom, Wales --prediction_length 54 --plot --test_split 0.1
2026-01-10 11:51:20,482 - INFO - ✅ Extraction successful for Afghanistan
2026-01-10 11:51:20,482 - INFO - Running chronos inference: /home/david/miniconda3/bin/python src/scripts/chronos_inference.py --data_file data/extracted_data/Afghanistan_ili.csv --country_name Afghanistan --prediction_length 54 --plot --test_split 0.1
2026-01-10 11:51:20,482 - INFO -    Weather usage: ❌ DISABLED
2026-01-10 11:51:24,169 - INFO - ✅ Inference successful for United Kingdom, Wales
2026-01-10 11:51:24,169 - INFO - 
🚀 Processing United Republic of Tanzania
2026-01-10 11:51:24,169 - INFO -    ILI cases: 3,921
2026-01-10 11:51:24,170 - INFO -    ARI cases: 0
2026-01-10 11:51:24,170 - INFO -    Data types: ILI
2026-01-10 11:51:24,170 - INFO - Running extraction: /home/david/miniconda3/bin/python enhanced_extract_country_data.py --country United Republic of Tanzania --input data/who_flu_data.csv --output_dir data/extracted_data
2026-01-10 11:51:25,356 - INFO - ✅ Inference successful for Afghanistan
2026-01-10 11:51:25,356 - INFO - 
🚀 Processing Albania
2026-01-10 11:51:25,356 - INFO -    ILI cases: 10,008
2026-01-10 11:51:25,356 - INFO -    ARI cases: 16,503,801
2026-01-10 11:51:25,356 - INFO -    Data types: ARI, ILI
2026-01-10 11:51:25,356 - INFO - Running extraction: /home/david/miniconda3/bin/python enhanced_extract_country_data.py --country Albania --input data/who_flu_data.csv --output_dir data/extracted_data
2026-01-10 11:51:25,598 - INFO - ✅ Extraction successful for United Republic of Tanzania
2026-01-10 11:51:25,598 - INFO - Running chronos inference: /home/david/miniconda3/bin/python src/scripts/chronos_inference.py --data_file data/extracted_data/United_Republic_of_Tanzania_ili.csv --country_name United Republic of Tanzania --prediction_length 54 --plot --test_split 0.1
2026-01-10 11:51:26,797 - INFO - ✅ Extraction successful for Albania
2026-01-10 11:51:26,797 - INFO - Running chronos inference: /home/david/miniconda3/bin/python src/scripts/chronos_inference.py --data_file data/extracted_data/Albania_ili.csv --country_name Albania --prediction_length 54 --plot --test_split 0.1
2026-01-10 11:51:26,797 - INFO -    Weather usage: ❌ DISABLED
2026-01-10 11:51:30,541 - INFO - ✅ Inference successful for United Republic of Tanzania
2026-01-10 11:51:30,541 - INFO - 
🚀 Processing United States of America
2026-01-10 11:51:30,541 - INFO -    ILI cases: 50,849,436
2026-01-10 11:51:30,541 - INFO -    ARI cases: 0
2026-01-10 11:51:30,542 - INFO -    Data types: ILI
2026-01-10 11:51:30,542 - INFO - Running extraction: /home/david/miniconda3/bin/python enhanced_extract_country_data.py --country United States of America --input data/who_flu_data.csv --output_dir data/extracted_data
2026-01-10 11:51:31,760 - INFO - ✅ Inference successful for Albania
2026-01-10 11:51:31,760 - INFO - 
🚀 Processing Algeria
2026-01-10 11:51:31,760 - INFO -    ILI cases: 72,349
2026-01-10 11:51:31,760 - INFO -    ARI cases: 0
2026-01-10 11:51:31,760 - INFO -    Data types: ILI
2026-01-10 11:51:31,760 - INFO - Running extraction: /home/david/miniconda3/bin/python enhanced_extract_country_data.py --country Algeria --input data/who_flu_data.csv --output_dir data/extracted_data
2026-01-10 11:51:31,976 - INFO - ✅ Extraction successful for United States of America
2026-01-10 11:51:31,976 - INFO - Running chronos inference: /home/david/miniconda3/bin/python src/scripts/chronos_inference.py --data_file data/extracted_data/United_States_of_America_ili.csv --country_name United States of America --prediction_length 54 --plot --test_split 0.1
2026-01-10 11:51:33,179 - INFO - ✅ Extraction successful for Algeria
2026-01-10 11:51:33,179 - INFO - Running chronos inference: /home/david/miniconda3/bin/python src/scripts/chronos_inference.py --data_file data/extracted_data/Algeria_ili.csv --country_name Algeria --prediction_length 54 --plot --test_split 0.1
2026-01-10 11:51:33,179 - INFO -    Weather usage: ❌ DISABLED
2026-01-10 11:51:37,046 - INFO - ✅ Inference successful for United States of America
2026-01-10 11:51:37,046 - INFO - 
🚀 Processing Uruguay
2026-01-10 11:51:37,046 - INFO -    ILI cases: 698
2026-01-10 11:51:37,046 - INFO -    ARI cases: 0
2026-01-10 11:51:37,046 - INFO -    Data types: ILI
2026-01-10 11:51:37,046 - INFO - Running extraction: /home/david/miniconda3/bin/python enhanced_extract_country_data.py --country Uruguay --input data/who_flu_data.csv --output_dir data/extracted_data
2026-01-10 11:51:38,047 - INFO - ✅ Inference successful for Algeria
2026-01-10 11:51:38,048 - INFO - 
🎉 BATCH PROCESSING COMPLETE
2026-01-10 11:51:38,048 - INFO - ============================================================
2026-01-10 11:51:38,048 - INFO - 📊 SUMMARY STATISTICS:
2026-01-10 11:51:38,048 - INFO -    Total countries in dataset: 186
2026-01-10 11:51:38,048 - INFO -    Countries processed: 3
2026-01-10 11:51:38,048 - INFO -    Countries skipped (no data): 0
2026-01-10 11:51:38,048 - INFO -    Successful extractions: 3
2026-01-10 11:51:38,048 - INFO -    Failed extractions: 0
2026-01-10 11:51:38,048 - INFO -    Successful inferences: 3
2026-01-10 11:51:38,048 - INFO -    Failed inferences: 0
2026-01-10 11:51:38,048 - INFO -    Overall success rate: 1.6%
2026-01-10 11:51:38,048 - INFO - 
🌦️ WEATHER USAGE SUMMARY:
2026-01-10 11:51:38,048 - INFO -    Countries with weather: 0 (0.0%)
2026-01-10 11:51:38,048 - INFO -    Countries without weather: 3 (100.0%)
2026-01-10 11:51:38,048 - INFO - 
📋 COUNTRIES WITHOUT WEATHER DATA:
2026-01-10 11:51:38,048 - INFO -    ❌ Afghanistan
2026-01-10 11:51:38,048 - INFO -    ❌ Albania
2026-01-10 11:51:38,048 - INFO -    ❌ Algeria
2026-01-10 11:51:38,048 - INFO -    Total processing time: 19.0 seconds (0.01 hours)
2026-01-10 11:51:38,049 - INFO -    Average time per country: 3.2 seconds
2026-01-10 11:51:38,049 - INFO -    Estimated time for remaining countries: 9.6 minutes
2026-01-10 11:51:38,049 - INFO - ============================================================
2026-01-10 11:51:38,049 - INFO - 📁 RESULTS SAVED TO: results/country_predictions
2026-01-10 11:51:38,049 - INFO - 📁 EXTRACTED DATA IN: data/extracted_data
2026-01-10 11:51:38,049 - INFO - 📄 DETAILED LOG: country_inference_batch.log
2026-01-10 11:51:38,456 - INFO - ✅ Extraction successful for Uruguay
2026-01-10 11:51:38,456 - INFO - Running chronos inference: /home/david/miniconda3/bin/python src/scripts/chronos_inference.py --data_file data/extracted_data/Uruguay_ili.csv --country_name Uruguay --prediction_length 54 --plot --test_split 0.1
2026-01-10 11:51:42,312 - INFO - Loaded country summary with 186 countries
2026-01-10 11:51:42,312 - INFO - 🧪 Running test with 3 sample countries...
2026-01-10 11:51:42,312 - INFO - 🌍 Starting batch processing of countries...
2026-01-10 11:51:42,312 - INFO - 📊 Total countries to process: 3
2026-01-10 11:51:42,313 - INFO - 
🚀 Processing Afghanistan
2026-01-10 11:51:42,313 - INFO -    ILI cases: 1,517,440
2026-01-10 11:51:42,313 - INFO -    ARI cases: 0
2026-01-10 11:51:42,313 - INFO -    Data types: ILI
2026-01-10 11:51:42,313 - INFO - Running extraction: /home/david/miniconda3/bin/python enhanced_extract_country_data.py --country Afghanistan --input data/who_flu_data.csv --output_dir data/extracted_data
2026-01-10 11:51:43,562 - INFO - ✅ Inference successful for Uruguay
2026-01-10 11:51:43,563 - INFO - 
🚀 Processing Uzbekistan
2026-01-10 11:51:43,563 - INFO -    ILI cases: 109,570
2026-01-10 11:51:43,563 - INFO -    ARI cases: 2,002,227
2026-01-10 11:51:43,563 - INFO -    Data types: ARI, ILI
2026-01-10 11:51:43,563 - INFO - Running extraction: /home/david/miniconda3/bin/python enhanced_extract_country_data.py --country Uzbekistan --input data/who_flu_data.csv --output_dir data/extracted_data
2026-01-10 11:51:43,725 - INFO - ✅ Extraction successful for Afghanistan
2026-01-10 11:51:43,725 - INFO - Running chronos inference: /home/david/miniconda3/bin/python src/scripts/chronos_inference.py --data_file data/extracted_data/Afghanistan_ili.csv --country_name Afghanistan --prediction_length 54 --plot --test_split 0.1 --use_weather --use_future_weather
2026-01-10 11:51:43,725 - INFO -    Weather usage: ✅ ENABLED
2026-01-10 11:51:45,004 - INFO - ✅ Extraction successful for Uzbekistan
2026-01-10 11:51:45,004 - INFO - Running chronos inference: /home/david/miniconda3/bin/python src/scripts/chronos_inference.py --data_file data/extracted_data/Uzbekistan_ili.csv --country_name Uzbekistan --prediction_length 54 --plot --test_split 0.1
2026-01-10 11:51:49,145 - INFO - ✅ Inference successful for Afghanistan
2026-01-10 11:51:49,145 - INFO - 
🚀 Processing Albania
2026-01-10 11:51:49,145 - INFO -    ILI cases: 10,008
2026-01-10 11:51:49,145 - INFO -    ARI cases: 16,503,801
2026-01-10 11:51:49,145 - INFO -    Data types: ARI, ILI
2026-01-10 11:51:49,146 - INFO - Running extraction: /home/david/miniconda3/bin/python enhanced_extract_country_data.py --country Albania --input data/who_flu_data.csv --output_dir data/extracted_data
2026-01-10 11:51:50,028 - INFO - ✅ Inference successful for Uzbekistan
2026-01-10 11:51:50,028 - INFO - 
📈 PROGRESS UPDATE
2026-01-10 11:51:50,028 - INFO -    Countries processed: 180/186
2026-01-10 11:51:50,028 - INFO -    Successful extractions: 176
2026-01-10 11:51:50,028 - INFO -    Failed extractions: 0
2026-01-10 11:51:50,028 - INFO -    Successful inferences: 176
2026-01-10 11:51:50,028 - INFO -    Failed inferences: 0
2026-01-10 11:51:50,028 - INFO -    Skipped countries: 4
2026-01-10 11:51:50,028 - INFO -    Average processing time: 3.1s per country
2026-01-10 11:51:50,028 - INFO - 
🚀 Processing Vanuatu
2026-01-10 11:51:50,028 - INFO -    ILI cases: 144,369
2026-01-10 11:51:50,028 - INFO -    ARI cases: 0
2026-01-10 11:51:50,028 - INFO -    Data types: ILI
2026-01-10 11:51:50,028 - INFO - Running extraction: /home/david/miniconda3/bin/python enhanced_extract_country_data.py --country Vanuatu --input data/who_flu_data.csv --output_dir data/extracted_data
2026-01-10 11:51:50,516 - INFO - ✅ Extraction successful for Albania
2026-01-10 11:51:50,516 - INFO - Running chronos inference: /home/david/miniconda3/bin/python src/scripts/chronos_inference.py --data_file data/extracted_data/Albania_ili.csv --country_name Albania --prediction_length 54 --plot --test_split 0.1 --use_weather --use_future_weather
2026-01-10 11:51:50,516 - INFO -    Weather usage: ✅ ENABLED
2026-01-10 11:51:51,475 - INFO - ✅ Extraction successful for Vanuatu
2026-01-10 11:51:51,475 - INFO - Running chronos inference: /home/david/miniconda3/bin/python src/scripts/chronos_inference.py --data_file data/extracted_data/Vanuatu_ili.csv --country_name Vanuatu --prediction_length 54 --plot --test_split 0.1
2026-01-10 11:51:56,161 - INFO - ✅ Inference successful for Albania
2026-01-10 11:51:56,162 - INFO - 
🚀 Processing Algeria
2026-01-10 11:51:56,162 - INFO -    ILI cases: 72,349
2026-01-10 11:51:56,162 - INFO -    ARI cases: 0
2026-01-10 11:51:56,162 - INFO -    Data types: ILI
2026-01-10 11:51:56,162 - INFO - Running extraction: /home/david/miniconda3/bin/python enhanced_extract_country_data.py --country Algeria --input data/who_flu_data.csv --output_dir data/extracted_data
2026-01-10 11:51:56,350 - INFO - ✅ Inference successful for Vanuatu
2026-01-10 11:51:56,350 - INFO - 
🚀 Processing Viet Nam
2026-01-10 11:51:56,350 - INFO -    ILI cases: 59,088
2026-01-10 11:51:56,350 - INFO -    ARI cases: 0
2026-01-10 11:51:56,350 - INFO -    Data types: ILI
2026-01-10 11:51:56,350 - INFO - Running extraction: /home/david/miniconda3/bin/python enhanced_extract_country_data.py --country Viet Nam --input data/who_flu_data.csv --output_dir data/extracted_data
2026-01-10 11:51:57,697 - INFO - ✅ Extraction successful for Algeria
2026-01-10 11:51:57,697 - INFO - Running chronos inference: /home/david/miniconda3/bin/python src/scripts/chronos_inference.py --data_file data/extracted_data/Algeria_ili.csv --country_name Algeria --prediction_length 54 --plot --test_split 0.1 --use_weather --use_future_weather
2026-01-10 11:51:57,697 - INFO -    Weather usage: ✅ ENABLED
2026-01-10 11:51:57,843 - INFO - ✅ Extraction successful for Viet Nam
2026-01-10 11:51:57,843 - INFO - Running chronos inference: /home/david/miniconda3/bin/python src/scripts/chronos_inference.py --data_file data/extracted_data/Viet_Nam_ili.csv --country_name Viet Nam --prediction_length 54 --plot --test_split 0.1
2026-01-10 11:52:02,779 - INFO - ✅ Inference successful for Algeria
2026-01-10 11:52:02,780 - INFO - 
🎉 BATCH PROCESSING COMPLETE
2026-01-10 11:52:02,780 - INFO - ============================================================
2026-01-10 11:52:02,780 - INFO - 📊 SUMMARY STATISTICS:
2026-01-10 11:52:02,780 - INFO -    Total countries in dataset: 186
2026-01-10 11:52:02,780 - INFO -    Countries processed: 3
2026-01-10 11:52:02,780 - INFO -    Countries skipped (no data): 0
2026-01-10 11:52:02,780 - INFO -    Successful extractions: 3
2026-01-10 11:52:02,780 - INFO -    Failed extractions: 0
2026-01-10 11:52:02,780 - INFO -    Successful inferences: 3
2026-01-10 11:52:02,780 - INFO -    Failed inferences: 0
2026-01-10 11:52:02,780 - INFO -    Overall success rate: 1.6%
2026-01-10 11:52:02,780 - INFO - 
🌦️ WEATHER USAGE SUMMARY:
2026-01-10 11:52:02,780 - INFO -    Countries with weather: 3 (100.0%)
2026-01-10 11:52:02,780 - INFO -    Countries without weather: 0 (0.0%)
2026-01-10 11:52:02,780 - INFO -    Total processing time: 20.5 seconds (0.01 hours)
2026-01-10 11:52:02,780 - INFO -    Average time per country: 3.4 seconds
2026-01-10 11:52:02,780 - INFO -    Estimated time for remaining countries: 10.4 minutes
2026-01-10 11:52:02,780 - INFO - ============================================================
2026-01-10 11:52:02,780 - INFO - 📁 RESULTS SAVED TO: results/country_predictions
2026-01-10 11:52:02,780 - INFO - 📁 EXTRACTED DATA IN: data/extracted_data
2026-01-10 11:52:02,780 - INFO - 📄 DETAILED LOG: country_inference_batch.log
2026-01-10 11:52:02,864 - INFO - ✅ Inference successful for Viet Nam
2026-01-10 11:52:02,865 - INFO - 
🚀 Processing Wallis and Futuna
2026-01-10 11:52:02,865 - INFO -    ILI cases: 23,000
2026-01-10 11:52:02,865 - INFO -    ARI cases: 0
2026-01-10 11:52:02,865 - INFO -    Data types: ILI
2026-01-10 11:52:02,865 - INFO - Running extraction: /home/david/miniconda3/bin/python enhanced_extract_country_data.py --country Wallis and Futuna --input data/who_flu_data.csv --output_dir data/extracted_data
2026-01-10 11:52:04,238 - INFO - ✅ Extraction successful for Wallis and Futuna
2026-01-10 11:52:04,238 - INFO - Running chronos inference: /home/david/miniconda3/bin/python src/scripts/chronos_inference.py --data_file data/extracted_data/Wallis_and_Futuna_ili.csv --country_name Wallis and Futuna --prediction_length 54 --plot --test_split 0.1
2026-01-10 11:52:09,181 - INFO - ✅ Inference successful for Wallis and Futuna
2026-01-10 11:52:09,181 - INFO - 
🚀 Processing Yemen
2026-01-10 11:52:09,181 - INFO -    ILI cases: 2,930
2026-01-10 11:52:09,181 - INFO -    ARI cases: 0
2026-01-10 11:52:09,181 - INFO -    Data types: ILI
2026-01-10 11:52:09,182 - INFO - Running extraction: /home/david/miniconda3/bin/python enhanced_extract_country_data.py --country Yemen --input data/who_flu_data.csv --output_dir data/extracted_data
2026-01-10 11:52:10,541 - INFO - ✅ Extraction successful for Yemen
2026-01-10 11:52:10,542 - INFO - Running chronos inference: /home/david/miniconda3/bin/python src/scripts/chronos_inference.py --data_file data/extracted_data/Yemen_ili.csv --country_name Yemen --prediction_length 54 --plot --test_split 0.1
2026-01-10 11:52:15,392 - INFO - ✅ Inference successful for Yemen
2026-01-10 11:52:15,392 - INFO - 
🚀 Processing Zambia
2026-01-10 11:52:15,393 - INFO -    ILI cases: 695,114
2026-01-10 11:52:15,393 - INFO -    ARI cases: 0
2026-01-10 11:52:15,393 - INFO -    Data types: ILI
2026-01-10 11:52:15,393 - INFO - Running extraction: /home/david/miniconda3/bin/python enhanced_extract_country_data.py --country Zambia --input data/who_flu_data.csv --output_dir data/extracted_data
2026-01-10 11:52:16,732 - INFO - ✅ Extraction successful for Zambia
2026-01-10 11:52:16,732 - INFO - Running chronos inference: /home/david/miniconda3/bin/python src/scripts/chronos_inference.py --data_file data/extracted_data/Zambia_ili.csv --country_name Zambia --prediction_length 54 --plot --test_split 0.1
2026-01-10 11:52:21,562 - INFO - ✅ Inference successful for Zambia
2026-01-10 11:52:21,562 - INFO - 
📈 PROGRESS UPDATE
2026-01-10 11:52:21,562 - INFO -    Countries processed: 185/186
2026-01-10 11:52:21,562 - INFO -    Successful extractions: 181
2026-01-10 11:52:21,562 - INFO -    Failed extractions: 0
2026-01-10 11:52:21,562 - INFO -    Successful inferences: 181
2026-01-10 11:52:21,562 - INFO -    Failed inferences: 0
2026-01-10 11:52:21,562 - INFO -    Skipped countries: 4
2026-01-10 11:52:21,562 - INFO -    Average processing time: 3.1s per country
2026-01-10 11:52:21,563 - INFO - 
🚀 Processing occupied Palestinian territory, including east Jerusalem
2026-01-10 11:52:21,563 - INFO -    ILI cases: 744
2026-01-10 11:52:21,563 - INFO -    ARI cases: 0
2026-01-10 11:52:21,563 - INFO -    Data types: ILI
2026-01-10 11:52:21,563 - INFO - Running extraction: /home/david/miniconda3/bin/python enhanced_extract_country_data.py --country occupied Palestinian territory, including east Jerusalem --input data/who_flu_data.csv --output_dir data/extracted_data
2026-01-10 11:52:22,888 - INFO - ✅ Extraction successful for occupied Palestinian territory, including east Jerusalem
2026-01-10 11:52:22,888 - INFO - Running chronos inference: /home/david/miniconda3/bin/python src/scripts/chronos_inference.py --data_file data/extracted_data/occupied_Palestinian_territory,_including_east_Jerusalem_ili.csv --country_name occupied Palestinian territory, including east Jerusalem --prediction_length 54 --plot --test_split 0.1
2026-01-10 11:52:27,735 - INFO - ✅ Inference successful for occupied Palestinian territory, including east Jerusalem
2026-01-10 11:52:27,735 - INFO - 
🎉 BATCH PROCESSING COMPLETE
2026-01-10 11:52:27,735 - INFO - ============================================================
2026-01-10 11:52:27,735 - INFO - 📊 SUMMARY STATISTICS:
2026-01-10 11:52:27,735 - INFO -    Total countries in dataset: 186
2026-01-10 11:52:27,735 - INFO -    Countries processed: 182
2026-01-10 11:52:27,735 - INFO -    Countries skipped (no data): 4
2026-01-10 11:52:27,735 - INFO -    Successful extractions: 182
2026-01-10 11:52:27,735 - INFO -    Failed extractions: 0
2026-01-10 11:52:27,735 - INFO -    Successful inferences: 182
2026-01-10 11:52:27,735 - INFO -    Failed inferences: 0
2026-01-10 11:52:27,735 - INFO -    Overall success rate: 100.0%
2026-01-10 11:52:27,735 - INFO -    Total processing time: 1121.3 seconds (0.31 hours)
2026-01-10 11:52:27,735 - INFO -    Average time per country: 3.1 seconds
2026-01-10 11:52:27,735 - INFO - ============================================================
2026-01-10 11:52:27,735 - INFO - 📁 RESULTS SAVED TO: results/country_predictions
2026-01-10 11:52:27,735 - INFO - 📁 EXTRACTED DATA IN: data/extracted_data
2026-01-10 11:52:27,736 - INFO - 📄 DETAILED LOG: country_inference_batch.log
2026-01-10 11:53:52,449 - INFO - Loaded country summary with 186 countries
2026-01-10 11:53:52,449 - INFO - 🧪 Running test with 3 sample countries...
2026-01-10 11:53:52,450 - INFO - 🌍 Starting batch processing of countries...
2026-01-10 11:53:52,450 - INFO - 📊 Total countries to process: 3
2026-01-10 11:53:52,450 - INFO - 
🚀 Processing Afghanistan
2026-01-10 11:53:52,450 - INFO -    ILI cases: 1,517,440
2026-01-10 11:53:52,450 - INFO -    ARI cases: 0
2026-01-10 11:53:52,450 - INFO -    Data types: ILI
2026-01-10 11:53:52,450 - INFO - Running extraction: /home/david/miniconda3/bin/python enhanced_extract_country_data.py --country Afghanistan --input data/who_flu_data.csv --output_dir data/extracted_data
2026-01-10 11:53:53,782 - INFO - ✅ Extraction successful for Afghanistan
2026-01-10 11:53:53,782 - INFO - Running chronos inference: /home/david/miniconda3/bin/python src/scripts/chronos_inference.py --data_file data/extracted_data/Afghanistan_ili.csv --country_name Afghanistan --prediction_length 54 --plot --test_split 0.1
2026-01-10 11:53:53,782 - INFO -    Weather usage: ❌ DISABLED
2026-01-10 11:53:58,625 - INFO - ✅ Inference successful for Afghanistan
2026-01-10 11:53:58,625 - INFO - 
🚀 Processing Albania
2026-01-10 11:53:58,625 - INFO -    ILI cases: 10,008
2026-01-10 11:53:58,625 - INFO -    ARI cases: 16,503,801
2026-01-10 11:53:58,625 - INFO -    Data types: ARI, ILI
2026-01-10 11:53:58,625 - INFO - Running extraction: /home/david/miniconda3/bin/python enhanced_extract_country_data.py --country Albania --input data/who_flu_data.csv --output_dir data/extracted_data
2026-01-10 11:53:59,956 - INFO - ✅ Extraction successful for Albania
2026-01-10 11:53:59,956 - INFO - Running chronos inference: /home/david/miniconda3/bin/python src/scripts/chronos_inference.py --data_file data/extracted_data/Albania_ili.csv --country_name Albania --prediction_length 54 --plot --test_split 0.1
2026-01-10 11:53:59,956 - INFO -    Weather usage: ❌ DISABLED
2026-01-10 11:54:04,808 - INFO - ✅ Inference successful for Albania
2026-01-10 11:54:04,809 - INFO - 
🚀 Processing Algeria
2026-01-10 11:54:04,809 - INFO -    ILI cases: 72,349
2026-01-10 11:54:04,809 - INFO -    ARI cases: 0
2026-01-10 11:54:04,809 - INFO -    Data types: ILI
2026-01-10 11:54:04,809 - INFO - Running extraction: /home/david/miniconda3/bin/python enhanced_extract_country_data.py --country Algeria --input data/who_flu_data.csv --output_dir data/extracted_data
2026-01-10 11:54:06,140 - INFO - ✅ Extraction successful for Algeria
2026-01-10 11:54:06,140 - INFO - Running chronos inference: /home/david/miniconda3/bin/python src/scripts/chronos_inference.py --data_file data/extracted_data/Algeria_ili.csv --country_name Algeria --prediction_length 54 --plot --test_split 0.1
2026-01-10 11:54:06,140 - INFO -    Weather usage: ❌ DISABLED
2026-01-10 11:54:10,859 - INFO - ✅ Inference successful for Algeria
2026-01-10 11:54:10,859 - INFO - 
🎉 BATCH PROCESSING COMPLETE
2026-01-10 11:54:10,859 - INFO - ============================================================
2026-01-10 11:54:10,859 - INFO - 📊 SUMMARY STATISTICS:
2026-01-10 11:54:10,859 - INFO -    Total countries in dataset: 186
2026-01-10 11:54:10,859 - INFO -    Countries processed: 3
2026-01-10 11:54:10,859 - INFO -    Countries skipped (no data): 0
2026-01-10 11:54:10,859 - INFO -    Successful extractions: 3
2026-01-10 11:54:10,859 - INFO -    Failed extractions: 0
2026-01-10 11:54:10,859 - INFO -    Successful inferences: 3
2026-01-10 11:54:10,859 - INFO -    Failed inferences: 0
2026-01-10 11:54:10,859 - INFO -    Overall success rate: 1.6%
2026-01-10 11:54:10,860 - INFO - 
🌦️ WEATHER USAGE SUMMARY:
2026-01-10 11:54:10,860 - INFO -    Countries with weather: 0 (0.0%)
2026-01-10 11:54:10,860 - INFO -    Countries without weather: 3 (100.0%)
2026-01-10 11:54:10,860 - INFO - 
📋 COUNTRIES WITHOUT WEATHER DATA:
2026-01-10 11:54:10,860 - INFO -    ❌ Afghanistan
2026-01-10 11:54:10,860 - INFO -    ❌ Albania
2026-01-10 11:54:10,860 - INFO -    ❌ Algeria
2026-01-10 11:54:10,860 - INFO -    Total processing time: 18.4 seconds (0.01 hours)
2026-01-10 11:54:10,860 - INFO -    Average time per country: 3.1 seconds
2026-01-10 11:54:10,860 - INFO -    Estimated time for remaining countries: 9.4 minutes
2026-01-10 11:54:10,860 - INFO - 📊 Saved weather usage report with 3 countries
2026-01-10 11:54:10,860 - INFO - ============================================================
2026-01-10 11:54:10,860 - INFO - 📁 RESULTS SAVED TO: results/country_predictions
2026-01-10 11:54:10,860 - INFO - 📁 EXTRACTED DATA IN: data/extracted_data
2026-01-10 11:54:10,860 - INFO - 📄 DETAILED LOG: country_inference_batch.log
2026-01-10 11:54:10,860 - INFO - 📊 WEATHER REPORT: weather_usage_report.csv
2026-01-10 11:54:23,670 - INFO - Loaded country summary with 186 countries
2026-01-10 11:54:23,670 - INFO - 🧪 Running test with 3 sample countries...
2026-01-10 11:54:23,670 - INFO - 🌍 Starting batch processing of countries...
2026-01-10 11:54:23,670 - INFO - 📊 Total countries to process: 3
2026-01-10 11:54:23,670 - INFO - 
🚀 Processing Afghanistan
2026-01-10 11:54:23,671 - INFO -    ILI cases: 1,517,440
2026-01-10 11:54:23,671 - INFO -    ARI cases: 0
2026-01-10 11:54:23,671 - INFO -    Data types: ILI
2026-01-10 11:54:23,671 - INFO - Running extraction: /home/david/miniconda3/bin/python enhanced_extract_country_data.py --country Afghanistan --input data/who_flu_data.csv --output_dir data/extracted_data
2026-01-10 11:54:25,015 - INFO - ✅ Extraction successful for Afghanistan
2026-01-10 11:54:25,015 - INFO - Running chronos inference: /home/david/miniconda3/bin/python src/scripts/chronos_inference.py --data_file data/extracted_data/Afghanistan_ili.csv --country_name Afghanistan --prediction_length 54 --plot --test_split 0.1 --use_weather --use_future_weather
2026-01-10 11:54:25,015 - INFO -    Weather usage: ✅ ENABLED
2026-01-10 11:54:30,135 - INFO - ✅ Inference successful for Afghanistan
2026-01-10 11:54:30,136 - INFO - 
🚀 Processing Albania
2026-01-10 11:54:30,136 - INFO -    ILI cases: 10,008
2026-01-10 11:54:30,136 - INFO -    ARI cases: 16,503,801
2026-01-10 11:54:30,136 - INFO -    Data types: ARI, ILI
2026-01-10 11:54:30,136 - INFO - Running extraction: /home/david/miniconda3/bin/python enhanced_extract_country_data.py --country Albania --input data/who_flu_data.csv --output_dir data/extracted_data
2026-01-10 11:54:31,499 - INFO - ✅ Extraction successful for Albania
2026-01-10 11:54:31,499 - INFO - Running chronos inference: /home/david/miniconda3/bin/python src/scripts/chronos_inference.py --data_file data/extracted_data/Albania_ili.csv --country_name Albania --prediction_length 54 --plot --test_split 0.1 --use_weather --use_future_weather
2026-01-10 11:54:31,499 - INFO -    Weather usage: ✅ ENABLED
2026-01-10 11:54:36,792 - INFO - ✅ Inference successful for Albania
2026-01-10 11:54:36,792 - INFO - 
🚀 Processing Algeria
2026-01-10 11:54:36,792 - INFO -    ILI cases: 72,349
2026-01-10 11:54:36,792 - INFO -    ARI cases: 0
2026-01-10 11:54:36,792 - INFO -    Data types: ILI
2026-01-10 11:54:36,792 - INFO - Running extraction: /home/david/miniconda3/bin/python enhanced_extract_country_data.py --country Algeria --input data/who_flu_data.csv --output_dir data/extracted_data
2026-01-10 11:54:38,123 - INFO - ✅ Extraction successful for Algeria
2026-01-10 11:54:38,123 - INFO - Running chronos inference: /home/david/miniconda3/bin/python src/scripts/chronos_inference.py --data_file data/extracted_data/Algeria_ili.csv --country_name Algeria --prediction_length 54 --plot --test_split 0.1 --use_weather --use_future_weather
2026-01-10 11:54:38,124 - INFO -    Weather usage: ✅ ENABLED
2026-01-10 11:54:42,990 - INFO - ✅ Inference successful for Algeria
2026-01-10 11:54:42,991 - INFO - 
🎉 BATCH PROCESSING COMPLETE
2026-01-10 11:54:42,991 - INFO - ============================================================
2026-01-10 11:54:42,991 - INFO - 📊 SUMMARY STATISTICS:
2026-01-10 11:54:42,991 - INFO -    Total countries in dataset: 186
2026-01-10 11:54:42,991 - INFO -    Countries processed: 3
2026-01-10 11:54:42,991 - INFO -    Countries skipped (no data): 0
2026-01-10 11:54:42,991 - INFO -    Successful extractions: 3
2026-01-10 11:54:42,991 - INFO -    Failed extractions: 0
2026-01-10 11:54:42,991 - INFO -    Successful inferences: 3
2026-01-10 11:54:42,991 - INFO -    Failed inferences: 0
2026-01-10 11:54:42,991 - INFO -    Overall success rate: 1.6%
2026-01-10 11:54:42,991 - INFO - 
🌦️ WEATHER USAGE SUMMARY:
2026-01-10 11:54:42,991 - INFO -    Countries with weather: 3 (100.0%)
2026-01-10 11:54:42,991 - INFO -    Countries without weather: 0 (0.0%)
2026-01-10 11:54:42,991 - INFO -    Total processing time: 19.3 seconds (0.01 hours)
2026-01-10 11:54:42,991 - INFO -    Average time per country: 3.2 seconds
2026-01-10 11:54:42,991 - INFO -    Estimated time for remaining countries: 9.8 minutes
2026-01-10 11:54:42,991 - INFO - 📊 Saved weather usage report with 3 countries
2026-01-10 11:54:42,991 - INFO - ============================================================
2026-01-10 11:54:42,991 - INFO - 📁 RESULTS SAVED TO: results/country_predictions
2026-01-10 11:54:42,991 - INFO - 📁 EXTRACTED DATA IN: data/extracted_data
2026-01-10 11:54:42,991 - INFO - 📄 DETAILED LOG: country_inference_batch.log
2026-01-10 11:54:42,991 - INFO - 📊 WEATHER REPORT: weather_usage_report.csv
2026-01-10 11:57:55,638 - INFO - Loaded country summary with 186 countries
2026-01-10 11:57:55,639 - INFO - 🌍 Starting batch processing of countries...
2026-01-10 11:57:55,639 - INFO - 📊 Total countries to process: 186
2026-01-10 11:57:55,639 - INFO - 
🚀 Processing Afghanistan
2026-01-10 11:57:55,639 - INFO -    ILI cases: 1,517,440
2026-01-10 11:57:55,639 - INFO -    ARI cases: 0
2026-01-10 11:57:55,639 - INFO -    Data types: ILI
2026-01-10 11:57:55,639 - INFO - Running extraction: /home/david/miniconda3/bin/python enhanced_extract_country_data.py --country Afghanistan --input data/who_flu_data.csv --output_dir data/extracted_data
2026-01-10 11:57:56,950 - INFO - ✅ Extraction successful for Afghanistan
2026-01-10 11:57:56,950 - INFO - Running chronos inference: /home/david/miniconda3/bin/python src/scripts/chronos_inference.py --data_file data/extracted_data/Afghanistan_ili.csv --country_name Afghanistan --prediction_length 54 --plot --test_split 0.1
2026-01-10 11:57:56,950 - INFO -    Weather usage: ❌ DISABLED
2026-01-10 11:58:01,825 - INFO - ✅ Inference successful for Afghanistan
2026-01-10 11:58:01,825 - INFO - 
🚀 Processing Albania
2026-01-10 11:58:01,825 - INFO -    ILI cases: 10,008
2026-01-10 11:58:01,826 - INFO -    ARI cases: 16,503,801
2026-01-10 11:58:01,826 - INFO -    Data types: ARI, ILI
2026-01-10 11:58:01,826 - INFO - Running extraction: /home/david/miniconda3/bin/python enhanced_extract_country_data.py --country Albania --input data/who_flu_data.csv --output_dir data/extracted_data
2026-01-10 11:58:03,123 - INFO - ✅ Extraction successful for Albania
2026-01-10 11:58:03,123 - INFO - Running chronos inference: /home/david/miniconda3/bin/python src/scripts/chronos_inference.py --data_file data/extracted_data/Albania_ili.csv --country_name Albania --prediction_length 54 --plot --test_split 0.1
2026-01-10 11:58:03,123 - INFO -    Weather usage: ❌ DISABLED
2026-01-10 11:58:07,974 - INFO - ✅ Inference successful for Albania
2026-01-10 11:58:07,974 - INFO - 
🚀 Processing Algeria
2026-01-10 11:58:07,974 - INFO -    ILI cases: 72,349
2026-01-10 11:58:07,974 - INFO -    ARI cases: 0
2026-01-10 11:58:07,975 - INFO -    Data types: ILI
2026-01-10 11:58:07,975 - INFO - Running extraction: /home/david/miniconda3/bin/python enhanced_extract_country_data.py --country Algeria --input data/who_flu_data.csv --output_dir data/extracted_data
2026-01-10 11:58:09,304 - INFO - ✅ Extraction successful for Algeria
2026-01-10 11:58:09,304 - INFO - Running chronos inference: /home/david/miniconda3/bin/python src/scripts/chronos_inference.py --data_file data/extracted_data/Algeria_ili.csv --country_name Algeria --prediction_length 54 --plot --test_split 0.1
2026-01-10 11:58:09,305 - INFO -    Weather usage: ❌ DISABLED
2026-01-10 11:58:10,375 - WARNING - 🛑 Processing interrupted by user
2026-01-10 11:58:10,376 - INFO - 
🎉 BATCH PROCESSING COMPLETE
2026-01-10 11:58:10,376 - INFO - ============================================================
2026-01-10 11:58:10,376 - INFO - 📊 SUMMARY STATISTICS:
2026-01-10 11:58:10,376 - INFO -    Total countries in dataset: 186
2026-01-10 11:58:10,376 - INFO -    Countries processed: 3
2026-01-10 11:58:10,376 - INFO -    Countries skipped (no data): 0
2026-01-10 11:58:10,376 - INFO -    Successful extractions: 3
2026-01-10 11:58:10,376 - INFO -    Failed extractions: 0
2026-01-10 11:58:10,376 - INFO -    Successful inferences: 2
2026-01-10 11:58:10,376 - INFO -    Failed inferences: 0
2026-01-10 11:58:10,376 - INFO -    Overall success rate: 1.1%
2026-01-10 11:58:10,376 - INFO - 
🌦️ WEATHER USAGE SUMMARY:
2026-01-10 11:58:10,376 - INFO -    Countries with weather: 0 (0.0%)
2026-01-10 11:58:10,376 - INFO -    Countries without weather: 2 (100.0%)
2026-01-10 11:58:10,376 - INFO - 
📋 COUNTRIES WITHOUT WEATHER DATA:
2026-01-10 11:58:10,376 - INFO -    ❌ Afghanistan
2026-01-10 11:58:10,376 - INFO -    ❌ Albania
2026-01-10 11:58:10,376 - INFO -    Total processing time: 14.7 seconds (0.00 hours)
2026-01-10 11:58:10,376 - INFO -    Average time per country: 2.7 seconds
2026-01-10 11:58:10,376 - INFO -    Estimated time for remaining countries: 8.3 minutes
2026-01-10 11:58:10,377 - INFO - 📊 Saved weather usage report with 2 countries
2026-01-10 11:58:10,377 - INFO - ============================================================
2026-01-10 11:58:10,377 - INFO - 📁 RESULTS SAVED TO: results/country_predictions
2026-01-10 11:58:10,377 - INFO - 📁 EXTRACTED DATA IN: data/extracted_data
2026-01-10 11:58:10,377 - INFO - 📄 DETAILED LOG: country_inference_batch.log
2026-01-10 11:58:10,377 - INFO - 📊 WEATHER REPORT: weather_usage_report.csv
2026-01-10 11:59:08,531 - INFO - Loaded country summary with 186 countries
2026-01-10 11:59:08,531 - INFO - 🧪 Running test with 3 sample countries...
2026-01-10 11:59:08,531 - INFO - 🌍 Starting batch processing of countries...
2026-01-10 11:59:08,531 - INFO - 📊 Total countries to process: 3
2026-01-10 11:59:08,531 - INFO - 
🚀 Processing Afghanistan
2026-01-10 11:59:08,531 - INFO -    ILI cases: 1,517,440
2026-01-10 11:59:08,531 - INFO -    ARI cases: 0
2026-01-10 11:59:08,531 - INFO -    Data types: ILI
2026-01-10 11:59:08,531 - INFO - Running extraction: /home/david/miniconda3/bin/python enhanced_extract_country_data.py --country Afghanistan --input data/who_flu_data.csv --output_dir data/extracted_data
2026-01-10 11:59:09,859 - INFO - ✅ Extraction successful for Afghanistan
2026-01-10 11:59:09,859 - INFO - Running chronos inference: /home/david/miniconda3/bin/python src/scripts/chronos_inference.py --data_file data/extracted_data/Afghanistan_ili.csv --country_name Afghanistan --prediction_length 54 --plot --test_split 0.1 --use_weather --use_future_weather
2026-01-10 11:59:09,859 - INFO -    Weather usage: ✅ ENABLED
2026-01-10 11:59:15,055 - INFO - ✅ Inference successful for Afghanistan
2026-01-10 11:59:15,056 - INFO - 
🚀 Processing Albania
2026-01-10 11:59:15,056 - INFO -    ILI cases: 10,008
2026-01-10 11:59:15,056 - INFO -    ARI cases: 16,503,801
2026-01-10 11:59:15,056 - INFO -    Data types: ARI, ILI
2026-01-10 11:59:15,056 - INFO - Running extraction: /home/david/miniconda3/bin/python enhanced_extract_country_data.py --country Albania --input data/who_flu_data.csv --output_dir data/extracted_data
2026-01-10 11:59:16,399 - INFO - ✅ Extraction successful for Albania
2026-01-10 11:59:16,399 - INFO - Running chronos inference: /home/david/miniconda3/bin/python src/scripts/chronos_inference.py --data_file data/extracted_data/Albania_ili.csv --country_name Albania --prediction_length 54 --plot --test_split 0.1 --use_weather --use_future_weather
2026-01-10 11:59:16,399 - INFO -    Weather usage: ✅ ENABLED
2026-01-10 11:59:21,761 - INFO - ✅ Inference successful for Albania
2026-01-10 11:59:21,761 - INFO - 
🚀 Processing Algeria
2026-01-10 11:59:21,761 - INFO -    ILI cases: 72,349
2026-01-10 11:59:21,761 - INFO -    ARI cases: 0
2026-01-10 11:59:21,761 - INFO -    Data types: ILI
2026-01-10 11:59:21,761 - INFO - Running extraction: /home/david/miniconda3/bin/python enhanced_extract_country_data.py --country Algeria --input data/who_flu_data.csv --output_dir data/extracted_data
2026-01-10 11:59:23,090 - INFO - ✅ Extraction successful for Algeria
2026-01-10 11:59:23,091 - INFO - Running chronos inference: /home/david/miniconda3/bin/python src/scripts/chronos_inference.py --data_file data/extracted_data/Algeria_ili.csv --country_name Algeria --prediction_length 54 --plot --test_split 0.1 --use_weather --use_future_weather
2026-01-10 11:59:23,091 - INFO -    Weather usage: ✅ ENABLED
2026-01-10 11:59:28,043 - INFO - ✅ Inference successful for Algeria
2026-01-10 11:59:28,044 - INFO - 
🎉 BATCH PROCESSING COMPLETE
2026-01-10 11:59:28,044 - INFO - ============================================================
2026-01-10 11:59:28,044 - INFO - 📊 SUMMARY STATISTICS:
2026-01-10 11:59:28,044 - INFO -    Total countries in dataset: 186
2026-01-10 11:59:28,044 - INFO -    Countries processed: 3
2026-01-10 11:59:28,044 - INFO -    Countries skipped (no data): 0
2026-01-10 11:59:28,044 - INFO -    Successful extractions: 3
2026-01-10 11:59:28,044 - INFO -    Failed extractions: 0
2026-01-10 11:59:28,044 - INFO -    Successful inferences: 3
2026-01-10 11:59:28,044 - INFO -    Failed inferences: 0
2026-01-10 11:59:28,044 - INFO -    Overall success rate: 1.6%
2026-01-10 11:59:28,044 - INFO - 
🌦️ WEATHER USAGE SUMMARY:
2026-01-10 11:59:28,044 - INFO -    Countries with weather: 3 (100.0%)
2026-01-10 11:59:28,044 - INFO -    Countries without weather: 0 (0.0%)
2026-01-10 11:59:28,044 - INFO -    Total processing time: 19.5 seconds (0.01 hours)
2026-01-10 11:59:28,044 - INFO -    Average time per country: 3.3 seconds
2026-01-10 11:59:28,044 - INFO -    Estimated time for remaining countries: 9.9 minutes
2026-01-10 11:59:28,044 - INFO - 📊 Saved weather usage report with 3 countries
2026-01-10 11:59:28,045 - INFO - ============================================================
2026-01-10 11:59:28,045 - INFO - 📁 RESULTS SAVED TO: results/country_predictions
2026-01-10 11:59:28,045 - INFO - 📁 EXTRACTED DATA IN: data/extracted_data
2026-01-10 11:59:28,045 - INFO - 📄 DETAILED LOG: country_inference_batch.log
2026-01-10 11:59:28,045 - INFO - 📊 WEATHER REPORT: weather_usage_report.csv
2026-01-10 12:07:49,227 - INFO - Loaded country summary with 186 countries
2026-01-10 12:07:49,227 - INFO - 🌍 Starting batch processing of countries...
2026-01-10 12:07:49,227 - INFO - 📊 Total countries to process: 186
2026-01-10 12:07:49,227 - INFO - 
🚀 Processing Afghanistan
2026-01-10 12:07:49,227 - INFO -    ILI cases: 1,517,440
2026-01-10 12:07:49,227 - INFO -    ARI cases: 0
2026-01-10 12:07:49,227 - INFO -    Data types: ILI
2026-01-10 12:07:49,227 - INFO - Running extraction: /home/david/miniconda3/bin/python enhanced_extract_country_data.py --country Afghanistan --input data/who_flu_data.csv --output_dir data/extracted_data
2026-01-10 12:07:50,503 - INFO - ✅ Extraction successful for Afghanistan
2026-01-10 12:07:50,504 - INFO - 🌦️  Attempting chronos inference with weather for Afghanistan...
2026-01-10 12:07:55,690 - INFO - ✅ Inference successful for Afghanistan with weather
2026-01-10 12:07:55,691 - INFO - 
🚀 Processing Albania
2026-01-10 12:07:55,691 - INFO -    ILI cases: 10,008
2026-01-10 12:07:55,691 - INFO -    ARI cases: 16,503,801
2026-01-10 12:07:55,691 - INFO -    Data types: ARI, ILI
2026-01-10 12:07:55,691 - INFO - Running extraction: /home/david/miniconda3/bin/python enhanced_extract_country_data.py --country Albania --input data/who_flu_data.csv --output_dir data/extracted_data
2026-01-10 12:07:56,982 - INFO - ✅ Extraction successful for Albania
2026-01-10 12:07:56,982 - INFO - 🌦️  Attempting chronos inference with weather for Albania...
2026-01-10 12:08:02,240 - INFO - ✅ Inference successful for Albania with weather
2026-01-10 12:08:02,240 - INFO - 
🚀 Processing Algeria
2026-01-10 12:08:02,240 - INFO -    ILI cases: 72,349
2026-01-10 12:08:02,240 - INFO -    ARI cases: 0
2026-01-10 12:08:02,240 - INFO -    Data types: ILI
2026-01-10 12:08:02,241 - INFO - Running extraction: /home/david/miniconda3/bin/python enhanced_extract_country_data.py --country Algeria --input data/who_flu_data.csv --output_dir data/extracted_data
2026-01-10 12:08:03,549 - INFO - ✅ Extraction successful for Algeria
2026-01-10 12:08:03,549 - INFO - 🌦️  Attempting chronos inference with weather for Algeria...
2026-01-10 12:08:08,424 - INFO - ✅ Inference successful for Algeria with weather
2026-01-10 12:08:08,424 - INFO - 
🚀 Processing American Samoa
2026-01-10 12:08:08,424 - INFO -    ILI cases: 23,645
2026-01-10 12:08:08,424 - INFO -    ARI cases: 0
2026-01-10 12:08:08,424 - INFO -    Data types: ILI
2026-01-10 12:08:08,424 - INFO - Running extraction: /home/david/miniconda3/bin/python enhanced_extract_country_data.py --country American Samoa --input data/who_flu_data.csv --output_dir data/extracted_data
2026-01-10 12:08:09,710 - INFO - ✅ Extraction successful for American Samoa
2026-01-10 12:08:09,710 - INFO - 🌦️  Attempting chronos inference with weather for American Samoa...
2026-01-10 12:08:15,104 - INFO - ✅ Inference successful for American Samoa with weather
2026-01-10 12:08:15,104 - INFO - 
🚀 Processing Anguilla
2026-01-10 12:08:15,104 - INFO -    ILI cases: 815
2026-01-10 12:08:15,104 - INFO -    ARI cases: 0
2026-01-10 12:08:15,104 - INFO -    Data types: ILI
2026-01-10 12:08:15,104 - INFO - Running extraction: /home/david/miniconda3/bin/python enhanced_extract_country_data.py --country Anguilla --input data/who_flu_data.csv --output_dir data/extracted_data
2026-01-10 12:08:16,386 - INFO - ✅ Extraction successful for Anguilla
2026-01-10 12:08:16,386 - INFO - 🌦️  Attempting chronos inference with weather for Anguilla...
2026-01-10 12:08:21,400 - INFO - ✅ Inference successful for Anguilla with weather
2026-01-10 12:08:21,400 - INFO - 
📈 PROGRESS UPDATE
2026-01-10 12:08:21,400 - INFO -    Countries processed: 5/186
2026-01-10 12:08:21,400 - INFO -    Successful extractions: 5
2026-01-10 12:08:21,400 - INFO -    Failed extractions: 0
2026-01-10 12:08:21,400 - INFO -    Successful inferences: 5
2026-01-10 12:08:21,400 - INFO -    Failed inferences: 0
2026-01-10 12:08:21,400 - INFO -    Skipped countries: 0
2026-01-10 12:08:21,400 - INFO -    Average processing time: 3.2s per country
2026-01-10 12:08:21,400 - INFO - 
🚀 Processing Antigua and Barbuda
2026-01-10 12:08:21,400 - INFO -    ILI cases: 4,093
2026-01-10 12:08:21,400 - INFO -    ARI cases: 0
2026-01-10 12:08:21,400 - INFO -    Data types: ILI
2026-01-10 12:08:21,400 - INFO - Running extraction: /home/david/miniconda3/bin/python enhanced_extract_country_data.py --country Antigua and Barbuda --input data/who_flu_data.csv --output_dir data/extracted_data
2026-01-10 12:08:22,695 - INFO - ✅ Extraction successful for Antigua and Barbuda
2026-01-10 12:08:22,695 - INFO - 🌦️  Attempting chronos inference with weather for Antigua and Barbuda...
2026-01-10 12:08:27,809 - INFO - ✅ Inference successful for Antigua and Barbuda with weather
2026-01-10 12:08:27,809 - INFO - 
🚀 Processing Argentina
2026-01-10 12:08:27,809 - INFO -    ILI cases: 19,019,429
2026-01-10 12:08:27,809 - INFO -    ARI cases: 2,789,474
2026-01-10 12:08:27,810 - INFO -    Data types: ARI, ILI
2026-01-10 12:08:27,810 - INFO - Running extraction: /home/david/miniconda3/bin/python enhanced_extract_country_data.py --country Argentina --input data/who_flu_data.csv --output_dir data/extracted_data
2026-01-10 12:08:29,108 - INFO - ✅ Extraction successful for Argentina
2026-01-10 12:08:29,109 - INFO - 🌦️  Attempting chronos inference with weather for Argentina...
2026-01-10 12:08:34,313 - INFO - ✅ Inference successful for Argentina with weather
2026-01-10 12:08:34,313 - INFO - 
🚀 Processing Armenia
2026-01-10 12:08:34,313 - INFO -    ILI cases: 14,492
2026-01-10 12:08:34,313 - INFO -    ARI cases: 5,287,920
2026-01-10 12:08:34,313 - INFO -    Data types: ARI, ILI
2026-01-10 12:08:34,314 - INFO - Running extraction: /home/david/miniconda3/bin/python enhanced_extract_country_data.py --country Armenia --input data/who_flu_data.csv --output_dir data/extracted_data
2026-01-10 12:08:35,600 - INFO - ✅ Extraction successful for Armenia
2026-01-10 12:08:35,600 - INFO - 🌦️  Attempting chronos inference with weather for Armenia...
2026-01-10 12:08:40,871 - INFO - ✅ Inference successful for Armenia with weather
2026-01-10 12:08:40,872 - INFO - 🔮 Skipping Aruba - no ILI or ARI data available
2026-01-10 12:08:40,872 - INFO - 
🚀 Processing Australia
2026-01-10 12:08:40,872 - INFO -    ILI cases: 81,414
2026-01-10 12:08:40,872 - INFO -    ARI cases: 0
2026-01-10 12:08:40,872 - INFO -    Data types: ILI
2026-01-10 12:08:40,872 - INFO - Running extraction: /home/david/miniconda3/bin/python enhanced_extract_country_data.py --country Australia --input data/who_flu_data.csv --output_dir data/extracted_data
2026-01-10 12:08:42,162 - INFO - ✅ Extraction successful for Australia
2026-01-10 12:08:42,162 - INFO - 🌦️  Attempting chronos inference with weather for Australia...
2026-01-10 12:08:47,434 - INFO - ✅ Inference successful for Australia with weather
2026-01-10 12:08:47,434 - INFO - 
📈 PROGRESS UPDATE
2026-01-10 12:08:47,434 - INFO -    Countries processed: 10/186
2026-01-10 12:08:47,434 - INFO -    Successful extractions: 9
2026-01-10 12:08:47,434 - INFO -    Failed extractions: 0
2026-01-10 12:08:47,434 - INFO -    Successful inferences: 9
2026-01-10 12:08:47,435 - INFO -    Failed inferences: 0
2026-01-10 12:08:47,435 - INFO -    Skipped countries: 1
2026-01-10 12:08:47,435 - INFO -    Average processing time: 3.2s per country
2026-01-10 12:08:47,435 - INFO - 
🚀 Processing Austria
2026-01-10 12:08:47,435 - INFO -    ILI cases: 371,646
2026-01-10 12:08:47,435 - INFO -    ARI cases: 0
2026-01-10 12:08:47,435 - INFO -    Data types: ARI, ILI
2026-01-10 12:08:47,435 - INFO - Running extraction: /home/david/miniconda3/bin/python enhanced_extract_country_data.py --country Austria --input data/who_flu_data.csv --output_dir data/extracted_data
2026-01-10 12:08:48,742 - INFO - ✅ Extraction successful for Austria
2026-01-10 12:08:48,742 - INFO - 🌦️  Attempting chronos inference with weather for Austria...
2026-01-10 12:08:54,113 - INFO - ✅ Inference successful for Austria with weather
2026-01-10 12:08:54,114 - INFO - 
🚀 Processing Azerbaijan
2026-01-10 12:08:54,114 - INFO -    ILI cases: 937,386
2026-01-10 12:08:54,114 - INFO -    ARI cases: 176,742
2026-01-10 12:08:54,114 - INFO -    Data types: ARI, ILI
2026-01-10 12:08:54,114 - INFO - Running extraction: /home/david/miniconda3/bin/python enhanced_extract_country_data.py --country Azerbaijan --input data/who_flu_data.csv --output_dir data/extracted_data
2026-01-10 12:08:55,401 - INFO - ✅ Extraction successful for Azerbaijan
2026-01-10 12:08:55,402 - INFO - 🌦️  Attempting chronos inference with weather for Azerbaijan...
2026-01-10 12:09:00,813 - INFO - ✅ Inference successful for Azerbaijan with weather
2026-01-10 12:09:00,813 - INFO - 
🚀 Processing Bahamas
2026-01-10 12:09:00,813 - INFO -    ILI cases: 5,803
2026-01-10 12:09:00,813 - INFO -    ARI cases: 1,413
2026-01-10 12:09:00,813 - INFO -    Data types: ARI, ILI
2026-01-10 12:09:00,813 - INFO - Running extraction: /home/david/miniconda3/bin/python enhanced_extract_country_data.py --country Bahamas --input data/who_flu_data.csv --output_dir data/extracted_data
2026-01-10 12:09:02,098 - INFO - ✅ Extraction successful for Bahamas
2026-01-10 12:09:02,098 - INFO - 🌦️  Attempting chronos inference with weather for Bahamas...
2026-01-10 12:09:07,174 - INFO - ✅ Inference successful for Bahamas with weather
2026-01-10 12:09:07,174 - INFO - 
🚀 Processing Bahrain
2026-01-10 12:09:07,174 - INFO -    ILI cases: 516,296
2026-01-10 12:09:07,174 - INFO -    ARI cases: 0
2026-01-10 12:09:07,174 - INFO -    Data types: ILI
2026-01-10 12:09:07,174 - INFO - Running extraction: /home/david/miniconda3/bin/python enhanced_extract_country_data.py --country Bahrain --input data/who_flu_data.csv --output_dir data/extracted_data
2026-01-10 12:09:08,473 - INFO - ✅ Extraction successful for Bahrain
2026-01-10 12:09:08,473 - INFO - 🌦️  Attempting chronos inference with weather for Bahrain...
2026-01-10 12:09:14,325 - INFO - ✅ Inference successful for Bahrain with weather
2026-01-10 12:09:14,325 - INFO - 
🚀 Processing Bangladesh
2026-01-10 12:09:14,325 - INFO -    ILI cases: 74,045
2026-01-10 12:09:14,325 - INFO -    ARI cases: 0
2026-01-10 12:09:14,326 - INFO -    Data types: ILI
2026-01-10 12:09:14,326 - INFO - Running extraction: /home/david/miniconda3/bin/python enhanced_extract_country_data.py --country Bangladesh --input data/who_flu_data.csv --output_dir data/extracted_data
2026-01-10 12:09:15,600 - INFO - ✅ Extraction successful for Bangladesh
2026-01-10 12:09:15,600 - INFO - 🌦️  Attempting chronos inference with weather for Bangladesh...
2026-01-10 12:09:20,751 - INFO - ✅ Inference successful for Bangladesh with weather
2026-01-10 12:09:20,751 - INFO - 
📈 PROGRESS UPDATE
2026-01-10 12:09:20,751 - INFO -    Countries processed: 15/186
2026-01-10 12:09:20,751 - INFO -    Successful extractions: 14
2026-01-10 12:09:20,751 - INFO -    Failed extractions: 0
2026-01-10 12:09:20,751 - INFO -    Successful inferences: 14
2026-01-10 12:09:20,751 - INFO -    Failed inferences: 0
2026-01-10 12:09:20,751 - INFO -    Skipped countries: 1
2026-01-10 12:09:20,751 - INFO -    Average processing time: 3.3s per country
2026-01-10 12:09:20,751 - INFO - 
🚀 Processing Barbados
2026-01-10 12:09:20,751 - INFO -    ILI cases: 8,328
2026-01-10 12:09:20,751 - INFO -    ARI cases: 9,207
2026-01-10 12:09:20,751 - INFO -    Data types: ARI, ILI
2026-01-10 12:09:20,751 - INFO - Running extraction: /home/david/miniconda3/bin/python enhanced_extract_country_data.py --country Barbados --input data/who_flu_data.csv --output_dir data/extracted_data
2026-01-10 12:09:22,060 - INFO - ✅ Extraction successful for Barbados
2026-01-10 12:09:22,060 - INFO - 🌦️  Attempting chronos inference with weather for Barbados...
2026-01-10 12:09:28,184 - INFO - ✅ Inference successful for Barbados with weather
2026-01-10 12:09:28,184 - INFO - 
🚀 Processing Belarus
2026-01-10 12:09:28,184 - INFO -    ILI cases: 45,330
2026-01-10 12:09:28,184 - INFO -    ARI cases: 69,991,357
2026-01-10 12:09:28,184 - INFO -    Data types: ARI, ILI
2026-01-10 12:09:28,184 - INFO - Running extraction: /home/david/miniconda3/bin/python enhanced_extract_country_data.py --country Belarus --input data/who_flu_data.csv --output_dir data/extracted_data
2026-01-10 12:09:29,508 - INFO - ✅ Extraction successful for Belarus
2026-01-10 12:09:29,508 - INFO - 🌦️  Attempting chronos inference with weather for Belarus...
2026-01-10 12:09:35,417 - INFO - ✅ Inference successful for Belarus with weather
2026-01-10 12:09:35,417 - INFO - 
🚀 Processing Belgium
2026-01-10 12:09:35,417 - INFO -    ILI cases: 221,398
2026-01-10 12:09:35,417 - INFO -    ARI cases: 2,111,161
2026-01-10 12:09:35,417 - INFO -    Data types: ARI, ILI
2026-01-10 12:09:35,418 - INFO - Running extraction: /home/david/miniconda3/bin/python enhanced_extract_country_data.py --country Belgium --input data/who_flu_data.csv --output_dir data/extracted_data
2026-01-10 12:09:36,737 - INFO - ✅ Extraction successful for Belgium
2026-01-10 12:09:36,737 - INFO - 🌦️  Attempting chronos inference with weather for Belgium...
2026-01-10 12:09:42,589 - INFO - ✅ Inference successful for Belgium with weather
2026-01-10 12:09:42,589 - INFO - 
🚀 Processing Belize
2026-01-10 12:09:42,589 - INFO -    ILI cases: 61,475
2026-01-10 12:09:42,589 - INFO -    ARI cases: 0
2026-01-10 12:09:42,589 - INFO -    Data types: ILI
2026-01-10 12:09:42,589 - INFO - Running extraction: /home/david/miniconda3/bin/python enhanced_extract_country_data.py --country Belize --input data/who_flu_data.csv --output_dir data/extracted_data
2026-01-10 12:09:43,888 - INFO - ✅ Extraction successful for Belize
2026-01-10 12:09:43,889 - INFO - 🌦️  Attempting chronos inference with weather for Belize...
2026-01-10 12:09:47,877 - WARNING - ⚠️  Weather failed for Belize, trying without weather...
2026-01-10 12:09:52,638 - INFO - ✅ Inference successful for Belize without weather
2026-01-10 12:09:52,639 - INFO - 
🚀 Processing Bermuda
2026-01-10 12:09:52,639 - INFO -    ILI cases: 1,786
2026-01-10 12:09:52,639 - INFO -    ARI cases: 0
2026-01-10 12:09:52,639 - INFO -    Data types: ILI
2026-01-10 12:09:52,639 - INFO - Running extraction: /home/david/miniconda3/bin/python enhanced_extract_country_data.py --country Bermuda --input data/who_flu_data.csv --output_dir data/extracted_data
2026-01-10 12:09:53,930 - INFO - ✅ Extraction successful for Bermuda
2026-01-10 12:09:53,930 - INFO - 🌦️  Attempting chronos inference with weather for Bermuda...
2026-01-10 12:09:57,906 - WARNING - ⚠️  Weather failed for Bermuda, trying without weather...
2026-01-10 12:10:02,669 - INFO - ✅ Inference successful for Bermuda without weather
2026-01-10 12:10:02,669 - INFO - 
📈 PROGRESS UPDATE
2026-01-10 12:10:02,669 - INFO -    Countries processed: 20/186
2026-01-10 12:10:02,669 - INFO -    Successful extractions: 19
2026-01-10 12:10:02,669 - INFO -    Failed extractions: 0
2026-01-10 12:10:02,669 - INFO -    Successful inferences: 19
2026-01-10 12:10:02,669 - INFO -    Failed inferences: 0
2026-01-10 12:10:02,669 - INFO -    Skipped countries: 1
2026-01-10 12:10:02,669 - INFO -    Average processing time: 3.3s per country
2026-01-10 12:10:02,670 - INFO - 
🚀 Processing Bhutan
2026-01-10 12:10:02,670 - INFO -    ILI cases: 244,930
2026-01-10 12:10:02,670 - INFO -    ARI cases: 0
2026-01-10 12:10:02,670 - INFO -    Data types: ILI
2026-01-10 12:10:02,670 - INFO - Running extraction: /home/david/miniconda3/bin/python enhanced_extract_country_data.py --country Bhutan --input data/who_flu_data.csv --output_dir data/extracted_data
2026-01-10 12:10:03,995 - INFO - ✅ Extraction successful for Bhutan
2026-01-10 12:10:03,996 - INFO - 🌦️  Attempting chronos inference with weather for Bhutan...
2026-01-10 12:10:09,261 - INFO - ✅ Inference successful for Bhutan with weather
2026-01-10 12:10:09,261 - INFO - 
🚀 Processing Bolivia (Plurinational State of)
2026-01-10 12:10:09,261 - INFO -    ILI cases: 7,358
2026-01-10 12:10:09,261 - INFO -    ARI cases: 5,811,234
2026-01-10 12:10:09,261 - INFO -    Data types: ARI, ILI
2026-01-10 12:10:09,261 - INFO - Running extraction: /home/david/miniconda3/bin/python enhanced_extract_country_data.py --country Bolivia (Plurinational State of) --input data/who_flu_data.csv --output_dir data/extracted_data
2026-01-10 12:10:10,564 - INFO - ✅ Extraction successful for Bolivia (Plurinational State of)
2026-01-10 12:10:10,565 - INFO - 🌦️  Attempting chronos inference with weather for Bolivia (Plurinational State of)...
2026-01-10 12:10:14,413 - WARNING - ⚠️  Weather failed for Bolivia (Plurinational State of), trying without weather...
2026-01-10 12:10:19,233 - INFO - ✅ Inference successful for Bolivia (Plurinational State of) without weather
2026-01-10 12:10:19,234 - INFO - 
🚀 Processing Bonaire, Sint Eustatius and Saba
2026-01-10 12:10:19,234 - INFO -    ILI cases: 2,096
2026-01-10 12:10:19,234 - INFO -    ARI cases: 0
2026-01-10 12:10:19,234 - INFO -    Data types: ILI
2026-01-10 12:10:19,234 - INFO - Running extraction: /home/david/miniconda3/bin/python enhanced_extract_country_data.py --country Bonaire, Sint Eustatius and Saba --input data/who_flu_data.csv --output_dir data/extracted_data
2026-01-10 12:10:20,525 - INFO - ✅ Extraction successful for Bonaire, Sint Eustatius and Saba
2026-01-10 12:10:20,525 - INFO - 🌦️  Attempting chronos inference with weather for Bonaire, Sint Eustatius and Saba...
2026-01-10 12:10:26,047 - INFO - ✅ Inference successful for Bonaire, Sint Eustatius and Saba with weather
2026-01-10 12:10:26,048 - INFO - 
🚀 Processing Bosnia and Herzegovina
2026-01-10 12:10:26,048 - INFO -    ILI cases: 44,138
2026-01-10 12:10:26,048 - INFO -    ARI cases: 119,458
2026-01-10 12:10:26,048 - INFO -    Data types: ARI, ILI
2026-01-10 12:10:26,048 - INFO - Running extraction: /home/david/miniconda3/bin/python enhanced_extract_country_data.py --country Bosnia and Herzegovina --input data/who_flu_data.csv --output_dir data/extracted_data
2026-01-10 12:10:27,366 - INFO - ✅ Extraction successful for Bosnia and Herzegovina
2026-01-10 12:10:27,367 - INFO - 🌦️  Attempting chronos inference with weather for Bosnia and Herzegovina...
2026-01-10 12:10:32,609 - INFO - ✅ Inference successful for Bosnia and Herzegovina with weather
2026-01-10 12:10:32,610 - INFO - 
🚀 Processing Brazil
2026-01-10 12:10:32,610 - INFO -    ILI cases: 20,828,951
2026-01-10 12:10:32,610 - INFO -    ARI cases: 0
2026-01-10 12:10:32,610 - INFO -    Data types: ILI
2026-01-10 12:10:32,610 - INFO - Running extraction: /home/david/miniconda3/bin/python enhanced_extract_country_data.py --country Brazil --input data/who_flu_data.csv --output_dir data/extracted_data
2026-01-10 12:10:33,896 - INFO - ✅ Extraction successful for Brazil
2026-01-10 12:10:33,896 - INFO - 🌦️  Attempting chronos inference with weather for Brazil...
2026-01-10 12:10:39,069 - INFO - ✅ Inference successful for Brazil with weather
2026-01-10 12:10:39,069 - INFO - 
📈 PROGRESS UPDATE
2026-01-10 12:10:39,070 - INFO -    Countries processed: 25/186
2026-01-10 12:10:39,070 - INFO -    Successful extractions: 24
2026-01-10 12:10:39,070 - INFO -    Failed extractions: 0
2026-01-10 12:10:39,070 - INFO -    Successful inferences: 24
2026-01-10 12:10:39,070 - INFO -    Failed inferences: 0
2026-01-10 12:10:39,070 - INFO -    Skipped countries: 1
2026-01-10 12:10:39,070 - INFO -    Average processing time: 3.2s per country
2026-01-10 12:10:39,070 - INFO - 
🚀 Processing British Virgin Islands
2026-01-10 12:10:39,070 - INFO -    ILI cases: 1,582
2026-01-10 12:10:39,070 - INFO -    ARI cases: 0
2026-01-10 12:10:39,070 - INFO -    Data types: ILI
2026-01-10 12:10:39,070 - INFO - Running extraction: /home/david/miniconda3/bin/python enhanced_extract_country_data.py --country British Virgin Islands --input data/who_flu_data.csv --output_dir data/extracted_data
2026-01-10 12:10:40,364 - INFO - ✅ Extraction successful for British Virgin Islands
2026-01-10 12:10:40,364 - INFO - 🌦️  Attempting chronos inference with weather for British Virgin Islands...
2026-01-10 12:10:45,441 - INFO - ✅ Inference successful for British Virgin Islands with weather
2026-01-10 12:10:45,441 - INFO - 
🚀 Processing Brunei Darussalam
2026-01-10 12:10:45,441 - INFO -    ILI cases: 1,451,170
2026-01-10 12:10:45,441 - INFO -    ARI cases: 0
2026-01-10 12:10:45,441 - INFO -    Data types: ILI
2026-01-10 12:10:45,441 - INFO - Running extraction: /home/david/miniconda3/bin/python enhanced_extract_country_data.py --country Brunei Darussalam --input data/who_flu_data.csv --output_dir data/extracted_data
2026-01-10 12:10:46,733 - INFO - ✅ Extraction successful for Brunei Darussalam
2026-01-10 12:10:46,733 - INFO - 🌦️  Attempting chronos inference with weather for Brunei Darussalam...
2026-01-10 12:10:51,613 - INFO - ✅ Inference successful for Brunei Darussalam with weather
2026-01-10 12:10:51,613 - INFO - 
🚀 Processing Bulgaria
2026-01-10 12:10:51,613 - INFO -    ILI cases: 0
2026-01-10 12:10:51,613 - INFO -    ARI cases: 4,166,871
2026-01-10 12:10:51,613 - INFO -    Data types: ARI, ILI
2026-01-10 12:10:51,613 - INFO - Running extraction: /home/david/miniconda3/bin/python enhanced_extract_country_data.py --country Bulgaria --input data/who_flu_data.csv --output_dir data/extracted_data
2026-01-10 12:10:52,929 - INFO - ✅ Extraction successful for Bulgaria
2026-01-10 12:10:52,929 - INFO - 🌦️  Attempting chronos inference with weather for Bulgaria...
2026-01-10 12:10:58,224 - INFO - ✅ Inference successful for Bulgaria with weather
2026-01-10 12:10:58,224 - INFO - 
🚀 Processing Burkina Faso
2026-01-10 12:10:58,224 - INFO -    ILI cases: 0
2026-01-10 12:10:58,224 - INFO -    ARI cases: 3,464
2026-01-10 12:10:58,224 - INFO -    Data types: ARI
2026-01-10 12:10:58,224 - INFO - Running extraction: /home/david/miniconda3/bin/python enhanced_extract_country_data.py --country Burkina Faso --input data/who_flu_data.csv --output_dir data/extracted_data
2026-01-10 12:10:59,585 - INFO - ✅ Extraction successful for Burkina Faso
2026-01-10 12:10:59,585 - INFO - 🌦️  Attempting chronos inference with weather for Burkina Faso...
2026-01-10 12:11:04,760 - INFO - ✅ Inference successful for Burkina Faso with weather
2026-01-10 12:11:04,760 - INFO - 
🚀 Processing Cambodia
2026-01-10 12:11:04,760 - INFO -    ILI cases: 171,958
2026-01-10 12:11:04,760 - INFO -    ARI cases: 0
2026-01-10 12:11:04,760 - INFO -    Data types: ILI
2026-01-10 12:11:04,760 - INFO - Running extraction: /home/david/miniconda3/bin/python enhanced_extract_country_data.py --country Cambodia --input data/who_flu_data.csv --output_dir data/extracted_data
2026-01-10 12:11:06,047 - INFO - ✅ Extraction successful for Cambodia
2026-01-10 12:11:06,047 - INFO - 🌦️  Attempting chronos inference with weather for Cambodia...
2026-01-10 12:11:11,125 - INFO - ✅ Inference successful for Cambodia with weather
2026-01-10 12:11:11,125 - INFO - 
📈 PROGRESS UPDATE
2026-01-10 12:11:11,125 - INFO -    Countries processed: 30/186
2026-01-10 12:11:11,125 - INFO -    Successful extractions: 29
2026-01-10 12:11:11,125 - INFO -    Failed extractions: 0
2026-01-10 12:11:11,125 - INFO -    Successful inferences: 29
2026-01-10 12:11:11,125 - INFO -    Failed inferences: 0
2026-01-10 12:11:11,125 - INFO -    Skipped countries: 1
2026-01-10 12:11:11,125 - INFO -    Average processing time: 3.2s per country
2026-01-10 12:11:11,125 - INFO - 
🚀 Processing Cameroon
2026-01-10 12:11:11,125 - INFO -    ILI cases: 36,779
2026-01-10 12:11:11,125 - INFO -    ARI cases: 36,188
2026-01-10 12:11:11,125 - INFO -    Data types: ARI, ILI
2026-01-10 12:11:11,125 - INFO - Running extraction: /home/david/miniconda3/bin/python enhanced_extract_country_data.py --country Cameroon --input data/who_flu_data.csv --output_dir data/extracted_data
2026-01-10 12:11:12,451 - INFO - ✅ Extraction successful for Cameroon
2026-01-10 12:11:12,451 - INFO - 🌦️  Attempting chronos inference with weather for Cameroon...
2026-01-10 12:11:17,701 - INFO - ✅ Inference successful for Cameroon with weather
2026-01-10 12:11:17,702 - INFO - 
🚀 Processing Canada
2026-01-10 12:11:17,702 - INFO -    ILI cases: 17,317
2026-01-10 12:11:17,702 - INFO -    ARI cases: 0
2026-01-10 12:11:17,702 - INFO -    Data types: ILI
2026-01-10 12:11:17,702 - INFO - Running extraction: /home/david/miniconda3/bin/python enhanced_extract_country_data.py --country Canada --input data/who_flu_data.csv --output_dir data/extracted_data
2026-01-10 12:11:19,005 - INFO - ✅ Extraction successful for Canada
2026-01-10 12:11:19,005 - INFO - 🌦️  Attempting chronos inference with weather for Canada...
2026-01-10 12:11:24,613 - INFO - ✅ Inference successful for Canada with weather
2026-01-10 12:11:24,613 - INFO - 
🚀 Processing Cayman Islands
2026-01-10 12:11:24,613 - INFO -    ILI cases: 4,742
2026-01-10 12:11:24,613 - INFO -    ARI cases: 6,364
2026-01-10 12:11:24,613 - INFO -    Data types: ARI, ILI
2026-01-10 12:11:24,613 - INFO - Running extraction: /home/david/miniconda3/bin/python enhanced_extract_country_data.py --country Cayman Islands --input data/who_flu_data.csv --output_dir data/extracted_data
2026-01-10 12:11:25,910 - INFO - ✅ Extraction successful for Cayman Islands
2026-01-10 12:11:25,911 - INFO - 🌦️  Attempting chronos inference with weather for Cayman Islands...
2026-01-10 12:11:31,566 - INFO - ✅ Inference successful for Cayman Islands with weather
2026-01-10 12:11:31,566 - INFO - 
🚀 Processing Central African Republic
2026-01-10 12:11:31,566 - INFO -    ILI cases: 14,099
2026-01-10 12:11:31,566 - INFO -    ARI cases: 1,512
2026-01-10 12:11:31,566 - INFO -    Data types: ARI, ILI
2026-01-10 12:11:31,566 - INFO - Running extraction: /home/david/miniconda3/bin/python enhanced_extract_country_data.py --country Central African Republic --input data/who_flu_data.csv --output_dir data/extracted_data
2026-01-10 12:11:32,868 - INFO - ✅ Extraction successful for Central African Republic
2026-01-10 12:11:32,868 - INFO - 🌦️  Attempting chronos inference with weather for Central African Republic...
2026-01-10 12:11:38,230 - INFO - ✅ Inference successful for Central African Republic with weather
2026-01-10 12:11:38,231 - INFO - 
🚀 Processing Chile
2026-01-10 12:11:38,231 - INFO -    ILI cases: 159,225
2026-01-10 12:11:38,231 - INFO -    ARI cases: 0
2026-01-10 12:11:38,231 - INFO -    Data types: ILI
2026-01-10 12:11:38,231 - INFO - Running extraction: /home/david/miniconda3/bin/python enhanced_extract_country_data.py --country Chile --input data/who_flu_data.csv --output_dir data/extracted_data
2026-01-10 12:11:39,530 - INFO - ✅ Extraction successful for Chile
2026-01-10 12:11:39,530 - INFO - 🌦️  Attempting chronos inference with weather for Chile...
2026-01-10 12:11:44,665 - INFO - ✅ Inference successful for Chile with weather
2026-01-10 12:11:44,665 - INFO - 
📈 PROGRESS UPDATE
2026-01-10 12:11:44,665 - INFO -    Countries processed: 35/186
2026-01-10 12:11:44,665 - INFO -    Successful extractions: 34
2026-01-10 12:11:44,665 - INFO -    Failed extractions: 0
2026-01-10 12:11:44,665 - INFO -    Successful inferences: 34
2026-01-10 12:11:44,665 - INFO -    Failed inferences: 0
2026-01-10 12:11:44,665 - INFO -    Skipped countries: 1
2026-01-10 12:11:44,665 - INFO -    Average processing time: 3.3s per country
2026-01-10 12:11:44,665 - INFO - 
🚀 Processing China, Hong Kong SAR
2026-01-10 12:11:44,665 - INFO -    ILI cases: 18,177
2026-01-10 12:11:44,665 - INFO -    ARI cases: 0
2026-01-10 12:11:44,665 - INFO -    Data types: ILI
2026-01-10 12:11:44,665 - INFO - Running extraction: /home/david/miniconda3/bin/python enhanced_extract_country_data.py --country China, Hong Kong SAR --input data/who_flu_data.csv --output_dir data/extracted_data
2026-01-10 12:11:45,961 - INFO - ✅ Extraction successful for China, Hong Kong SAR
2026-01-10 12:11:45,961 - INFO - 🌦️  Attempting chronos inference with weather for China, Hong Kong SAR...
2026-01-10 12:11:49,853 - WARNING - ⚠️  Weather failed for China, Hong Kong SAR, trying without weather...
2026-01-10 12:11:54,580 - INFO - ✅ Inference successful for China, Hong Kong SAR without weather
2026-01-10 12:11:54,581 - INFO - 
🚀 Processing Colombia
2026-01-10 12:11:54,581 - INFO -    ILI cases: 194,969
2026-01-10 12:11:54,581 - INFO -    ARI cases: 177,611,322
2026-01-10 12:11:54,581 - INFO -    Data types: ARI, ILI
2026-01-10 12:11:54,581 - INFO - Running extraction: /home/david/miniconda3/bin/python enhanced_extract_country_data.py --country Colombia --input data/who_flu_data.csv --output_dir data/extracted_data
2026-01-10 12:11:55,874 - INFO - ✅ Extraction successful for Colombia
2026-01-10 12:11:55,874 - INFO - 🌦️  Attempting chronos inference with weather for Colombia...
2026-01-10 12:12:01,120 - INFO - ✅ Inference successful for Colombia with weather
2026-01-10 12:12:01,121 - INFO - 
🚀 Processing Cook Islands
2026-01-10 12:12:01,121 - INFO -    ILI cases: 3,586
2026-01-10 12:12:01,121 - INFO -    ARI cases: 0
2026-01-10 12:12:01,121 - INFO -    Data types: ILI
2026-01-10 12:12:01,121 - INFO - Running extraction: /home/david/miniconda3/bin/python enhanced_extract_country_data.py --country Cook Islands --input data/who_flu_data.csv --output_dir data/extracted_data
2026-01-10 12:12:02,415 - INFO - ✅ Extraction successful for Cook Islands
2026-01-10 12:12:02,415 - INFO - 🌦️  Attempting chronos inference with weather for Cook Islands...
2026-01-10 12:12:08,293 - INFO - ✅ Inference successful for Cook Islands with weather
2026-01-10 12:12:08,293 - INFO - 
🚀 Processing Costa Rica
2026-01-10 12:12:08,293 - INFO -    ILI cases: 340,575
2026-01-10 12:12:08,293 - INFO -    ARI cases: 0
2026-01-10 12:12:08,294 - INFO -    Data types: ILI
2026-01-10 12:12:08,294 - INFO - Running extraction: /home/david/miniconda3/bin/python enhanced_extract_country_data.py --country Costa Rica --input data/who_flu_data.csv --output_dir data/extracted_data
2026-01-10 12:12:09,565 - INFO - ✅ Extraction successful for Costa Rica
2026-01-10 12:12:09,565 - INFO - 🌦️  Attempting chronos inference with weather for Costa Rica...
2026-01-10 12:12:14,870 - INFO - ✅ Inference successful for Costa Rica with weather
2026-01-10 12:12:14,870 - INFO - 
🚀 Processing Croatia
2026-01-10 12:12:14,870 - INFO -    ILI cases: 1,182,789
2026-01-10 12:12:14,870 - INFO -    ARI cases: 0
2026-01-10 12:12:14,870 - INFO -    Data types: ARI, ILI
2026-01-10 12:12:14,870 - INFO - Running extraction: /home/david/miniconda3/bin/python enhanced_extract_country_data.py --country Croatia --input data/who_flu_data.csv --output_dir data/extracted_data
2026-01-10 12:12:16,165 - INFO - ✅ Extraction successful for Croatia
2026-01-10 12:12:16,165 - INFO - 🌦️  Attempting chronos inference with weather for Croatia...
2026-01-10 12:12:21,472 - INFO - ✅ Inference successful for Croatia with weather
2026-01-10 12:12:21,472 - INFO - 
📈 PROGRESS UPDATE
2026-01-10 12:12:21,472 - INFO -    Countries processed: 40/186
2026-01-10 12:12:21,472 - INFO -    Successful extractions: 39
2026-01-10 12:12:21,472 - INFO -    Failed extractions: 0
2026-01-10 12:12:21,472 - INFO -    Successful inferences: 39
2026-01-10 12:12:21,472 - INFO -    Failed inferences: 0
2026-01-10 12:12:21,473 - INFO -    Skipped countries: 1
2026-01-10 12:12:21,473 - INFO -    Average processing time: 3.2s per country
2026-01-10 12:12:21,473 - INFO - 
🚀 Processing Cuba
2026-01-10 12:12:21,473 - INFO -    ILI cases: 5,960
2026-01-10 12:12:21,473 - INFO -    ARI cases: 0
2026-01-10 12:12:21,473 - INFO -    Data types: ILI
2026-01-10 12:12:21,473 - INFO - Running extraction: /home/david/miniconda3/bin/python enhanced_extract_country_data.py --country Cuba --input data/who_flu_data.csv --output_dir data/extracted_data
2026-01-10 12:12:22,772 - INFO - ✅ Extraction successful for Cuba
2026-01-10 12:12:22,772 - INFO - 🌦️  Attempting chronos inference with weather for Cuba...
2026-01-10 12:12:27,925 - INFO - ✅ Inference successful for Cuba with weather
2026-01-10 12:12:27,926 - INFO - 
🚀 Processing Curaçao
2026-01-10 12:12:27,926 - INFO -    ILI cases: 1,252
2026-01-10 12:12:27,926 - INFO -    ARI cases: 0
2026-01-10 12:12:27,926 - INFO -    Data types: ILI
2026-01-10 12:12:27,926 - INFO - Running extraction: /home/david/miniconda3/bin/python enhanced_extract_country_data.py --country Curaçao --input data/who_flu_data.csv --output_dir data/extracted_data
2026-01-10 12:12:29,209 - INFO - ✅ Extraction successful for Curaçao
2026-01-10 12:12:29,209 - INFO - 🌦️  Attempting chronos inference with weather for Curaçao...
2026-01-10 12:12:34,139 - INFO - ✅ Inference successful for Curaçao with weather
2026-01-10 12:12:34,139 - INFO - 
🚀 Processing Cyprus
2026-01-10 12:12:34,139 - INFO -    ILI cases: 13,430
2026-01-10 12:12:34,139 - INFO -    ARI cases: 168,146
2026-01-10 12:12:34,139 - INFO -    Data types: ARI, ILI
2026-01-10 12:12:34,139 - INFO - Running extraction: /home/david/miniconda3/bin/python enhanced_extract_country_data.py --country Cyprus --input data/who_flu_data.csv --output_dir data/extracted_data
2026-01-10 12:12:35,411 - INFO - ✅ Extraction successful for Cyprus
2026-01-10 12:12:35,411 - INFO - 🌦️  Attempting chronos inference with weather for Cyprus...
2026-01-10 12:12:40,749 - INFO - ✅ Inference successful for Cyprus with weather
2026-01-10 12:12:40,750 - INFO - 
🚀 Processing Czechia
2026-01-10 12:12:40,750 - INFO -    ILI cases: 2,639,044
2026-01-10 12:12:40,750 - INFO -    ARI cases: 60,161,920
2026-01-10 12:12:40,750 - INFO -    Data types: ARI, ILI
2026-01-10 12:12:40,750 - INFO - Running extraction: /home/david/miniconda3/bin/python enhanced_extract_country_data.py --country Czechia --input data/who_flu_data.csv --output_dir data/extracted_data
2026-01-10 12:12:42,039 - INFO - ✅ Extraction successful for Czechia
2026-01-10 12:12:42,040 - INFO - 🌦️  Attempting chronos inference with weather for Czechia...
2026-01-10 12:12:47,315 - INFO - ✅ Inference successful for Czechia with weather
2026-01-10 12:12:47,315 - INFO - 
🚀 Processing Côte d’Ivoire
2026-01-10 12:12:47,315 - INFO -    ILI cases: 225,944
2026-01-10 12:12:47,315 - INFO -    ARI cases: 0
2026-01-10 12:12:47,315 - INFO -    Data types: ILI
2026-01-10 12:12:47,316 - INFO - Running extraction: /home/david/miniconda3/bin/python enhanced_extract_country_data.py --country Côte d’Ivoire --input data/who_flu_data.csv --output_dir data/extracted_data
2026-01-10 12:12:48,621 - INFO - ✅ Extraction successful for Côte d’Ivoire
2026-01-10 12:12:48,621 - INFO - 🌦️  Attempting chronos inference with weather for Côte d’Ivoire...
2026-01-10 12:12:52,499 - WARNING - ⚠️  Weather failed for Côte d’Ivoire, trying without weather...
2026-01-10 12:12:57,296 - INFO - ✅ Inference successful for Côte d’Ivoire without weather
2026-01-10 12:12:57,296 - INFO - 
📈 PROGRESS UPDATE
2026-01-10 12:12:57,296 - INFO -    Countries processed: 45/186
2026-01-10 12:12:57,296 - INFO -    Successful extractions: 44
2026-01-10 12:12:57,296 - INFO -    Failed extractions: 0
2026-01-10 12:12:57,297 - INFO -    Successful inferences: 44
2026-01-10 12:12:57,297 - INFO -    Failed inferences: 0
2026-01-10 12:12:57,297 - INFO -    Skipped countries: 1
2026-01-10 12:12:57,297 - INFO -    Average processing time: 3.2s per country
2026-01-10 12:12:57,297 - INFO - 
🚀 Processing Democratic People's Republic of Korea
2026-01-10 12:12:57,297 - INFO -    ILI cases: 80,443
2026-01-10 12:12:57,297 - INFO -    ARI cases: 0
2026-01-10 12:12:57,297 - INFO -    Data types: ILI
2026-01-10 12:12:57,297 - INFO - Running extraction: /home/david/miniconda3/bin/python enhanced_extract_country_data.py --country Democratic People's Republic of Korea --input data/who_flu_data.csv --output_dir data/extracted_data
2026-01-10 12:12:58,582 - INFO - ✅ Extraction successful for Democratic People's Republic of Korea
2026-01-10 12:12:58,582 - INFO - 🌦️  Attempting chronos inference with weather for Democratic People's Republic of Korea...
2026-01-10 12:13:03,655 - INFO - ✅ Inference successful for Democratic People's Republic of Korea with weather
2026-01-10 12:13:03,655 - INFO - 
🚀 Processing Democratic Republic of the Congo
2026-01-10 12:13:03,655 - INFO -    ILI cases: 10,848
2026-01-10 12:13:03,655 - INFO -    ARI cases: 0
2026-01-10 12:13:03,655 - INFO -    Data types: ILI
2026-01-10 12:13:03,655 - INFO - Running extraction: /home/david/miniconda3/bin/python enhanced_extract_country_data.py --country Democratic Republic of the Congo --input data/who_flu_data.csv --output_dir data/extracted_data
2026-01-10 12:13:04,944 - INFO - ✅ Extraction successful for Democratic Republic of the Congo
2026-01-10 12:13:04,944 - INFO - 🌦️  Attempting chronos inference with weather for Democratic Republic of the Congo...
2026-01-10 12:13:08,803 - WARNING - ⚠️  Weather failed for Democratic Republic of the Congo, trying without weather...
2026-01-10 12:13:13,597 - INFO - ✅ Inference successful for Democratic Republic of the Congo without weather
2026-01-10 12:13:13,597 - INFO - 
🚀 Processing Denmark
2026-01-10 12:13:13,597 - INFO -    ILI cases: 233,079
2026-01-10 12:13:13,597 - INFO -    ARI cases: 0
2026-01-10 12:13:13,597 - INFO -    Data types: ARI, ILI
2026-01-10 12:13:13,597 - INFO - Running extraction: /home/david/miniconda3/bin/python enhanced_extract_country_data.py --country Denmark --input data/who_flu_data.csv --output_dir data/extracted_data
2026-01-10 12:13:14,904 - INFO - ✅ Extraction successful for Denmark
2026-01-10 12:13:14,904 - INFO - 🌦️  Attempting chronos inference with weather for Denmark...
2026-01-10 12:13:21,037 - INFO - ✅ Inference successful for Denmark with weather
2026-01-10 12:13:21,038 - INFO - 
🚀 Processing Dominica
2026-01-10 12:13:21,038 - INFO -    ILI cases: 1,550
2026-01-10 12:13:21,038 - INFO -    ARI cases: 129
2026-01-10 12:13:21,038 - INFO -    Data types: ARI, ILI
2026-01-10 12:13:21,038 - INFO - Running extraction: /home/david/miniconda3/bin/python enhanced_extract_country_data.py --country Dominica --input data/who_flu_data.csv --output_dir data/extracted_data
2026-01-10 12:13:22,345 - INFO - ✅ Extraction successful for Dominica
2026-01-10 12:13:22,345 - INFO - 🌦️  Attempting chronos inference with weather for Dominica...
2026-01-10 12:13:27,940 - INFO - ✅ Inference successful for Dominica with weather
2026-01-10 12:13:27,940 - INFO - 
🚀 Processing Dominican Republic
2026-01-10 12:13:27,940 - INFO -    ILI cases: 2,748
2026-01-10 12:13:27,940 - INFO -    ARI cases: 12,832,922
2026-01-10 12:13:27,940 - INFO -    Data types: ARI, ILI
2026-01-10 12:13:27,940 - INFO - Running extraction: /home/david/miniconda3/bin/python enhanced_extract_country_data.py --country Dominican Republic --input data/who_flu_data.csv --output_dir data/extracted_data
2026-01-10 12:13:29,248 - INFO - ✅ Extraction successful for Dominican Republic
2026-01-10 12:13:29,249 - INFO - 🌦️  Attempting chronos inference with weather for Dominican Republic...
2026-01-10 12:13:34,306 - INFO - ✅ Inference successful for Dominican Republic with weather
2026-01-10 12:13:34,306 - INFO - 
📈 PROGRESS UPDATE
2026-01-10 12:13:34,306 - INFO -    Countries processed: 50/186
2026-01-10 12:13:34,306 - INFO -    Successful extractions: 49
2026-01-10 12:13:34,306 - INFO -    Failed extractions: 0
2026-01-10 12:13:34,306 - INFO -    Successful inferences: 49
2026-01-10 12:13:34,306 - INFO -    Failed inferences: 0
2026-01-10 12:13:34,306 - INFO -    Skipped countries: 1
2026-01-10 12:13:34,306 - INFO -    Average processing time: 3.2s per country
2026-01-10 12:13:34,306 - INFO - 🔮 Skipping Ecuador - no ILI or ARI data available
2026-01-10 12:13:34,307 - INFO - 
🚀 Processing Egypt
2026-01-10 12:13:34,307 - INFO -    ILI cases: 3,908
2026-01-10 12:13:34,307 - INFO -    ARI cases: 0
2026-01-10 12:13:34,307 - INFO -    Data types: ILI
2026-01-10 12:13:34,307 - INFO - Running extraction: /home/david/miniconda3/bin/python enhanced_extract_country_data.py --country Egypt --input data/who_flu_data.csv --output_dir data/extracted_data
2026-01-10 12:13:35,622 - INFO - ✅ Extraction successful for Egypt
2026-01-10 12:13:35,622 - INFO - 🌦️  Attempting chronos inference with weather for Egypt...
2026-01-10 12:13:40,748 - INFO - ✅ Inference successful for Egypt with weather
2026-01-10 12:13:40,749 - INFO - 
🚀 Processing El Salvador
2026-01-10 12:13:40,749 - INFO -    ILI cases: 984
2026-01-10 12:13:40,749 - INFO -    ARI cases: 25,297
2026-01-10 12:13:40,749 - INFO -    Data types: ARI, ILI
2026-01-10 12:13:40,749 - INFO - Running extraction: /home/david/miniconda3/bin/python enhanced_extract_country_data.py --country El Salvador --input data/who_flu_data.csv --output_dir data/extracted_data
2026-01-10 12:13:42,042 - INFO - ✅ Extraction successful for El Salvador
2026-01-10 12:13:42,042 - INFO - 🌦️  Attempting chronos inference with weather for El Salvador...
2026-01-10 12:13:47,069 - INFO - ✅ Inference successful for El Salvador with weather
2026-01-10 12:13:47,070 - INFO - 
🚀 Processing Estonia
2026-01-10 12:13:47,070 - INFO -    ILI cases: 235,592
2026-01-10 12:13:47,070 - INFO -    ARI cases: 3,138,833
2026-01-10 12:13:47,070 - INFO -    Data types: ARI, ILI
2026-01-10 12:13:47,070 - INFO - Running extraction: /home/david/miniconda3/bin/python enhanced_extract_country_data.py --country Estonia --input data/who_flu_data.csv --output_dir data/extracted_data
2026-01-10 12:13:48,377 - INFO - ✅ Extraction successful for Estonia
2026-01-10 12:13:48,378 - INFO - 🌦️  Attempting chronos inference with weather for Estonia...
2026-01-10 12:13:53,957 - INFO - ✅ Inference successful for Estonia with weather
2026-01-10 12:13:53,958 - INFO - 
🚀 Processing Ethiopia
2026-01-10 12:13:53,958 - INFO -    ILI cases: 240,887
2026-01-10 12:13:53,958 - INFO -    ARI cases: 0
2026-01-10 12:13:53,958 - INFO -    Data types: ILI
2026-01-10 12:13:53,958 - INFO - Running extraction: /home/david/miniconda3/bin/python enhanced_extract_country_data.py --country Ethiopia --input data/who_flu_data.csv --output_dir data/extracted_data
2026-01-10 12:13:55,268 - INFO - ✅ Extraction successful for Ethiopia
2026-01-10 12:13:55,269 - INFO - 🌦️  Attempting chronos inference with weather for Ethiopia...
2026-01-10 12:14:00,512 - INFO - ✅ Inference successful for Ethiopia with weather
2026-01-10 12:14:00,512 - INFO - 
📈 PROGRESS UPDATE
2026-01-10 12:14:00,512 - INFO -    Countries processed: 55/186
2026-01-10 12:14:00,512 - INFO -    Successful extractions: 53
2026-01-10 12:14:00,513 - INFO -    Failed extractions: 0
2026-01-10 12:14:00,513 - INFO -    Successful inferences: 53
2026-01-10 12:14:00,513 - INFO -    Failed inferences: 0
2026-01-10 12:14:00,513 - INFO -    Skipped countries: 2
2026-01-10 12:14:00,513 - INFO -    Average processing time: 3.2s per country
2026-01-10 12:14:00,513 - INFO - 
🚀 Processing Fiji
2026-01-10 12:14:00,513 - INFO -    ILI cases: 150,216
2026-01-10 12:14:00,513 - INFO -    ARI cases: 26,450
2026-01-10 12:14:00,513 - INFO -    Data types: ARI, ILI
2026-01-10 12:14:00,513 - INFO - Running extraction: /home/david/miniconda3/bin/python enhanced_extract_country_data.py --country Fiji --input data/who_flu_data.csv --output_dir data/extracted_data
2026-01-10 12:14:01,813 - INFO - ✅ Extraction successful for Fiji
2026-01-10 12:14:01,813 - INFO - 🌦️  Attempting chronos inference with weather for Fiji...
2026-01-10 12:14:06,958 - INFO - ✅ Inference successful for Fiji with weather
2026-01-10 12:14:06,958 - INFO - 
🚀 Processing Finland
2026-01-10 12:14:06,958 - INFO -    ILI cases: 217,566
2026-01-10 12:14:06,959 - INFO -    ARI cases: 27,416,271
2026-01-10 12:14:06,959 - INFO -    Data types: ARI, ILI
2026-01-10 12:14:06,959 - INFO - Running extraction: /home/david/miniconda3/bin/python enhanced_extract_country_data.py --country Finland --input data/who_flu_data.csv --output_dir data/extracted_data
2026-01-10 12:14:08,272 - INFO - ✅ Extraction successful for Finland
2026-01-10 12:14:08,273 - INFO - 🌦️  Attempting chronos inference with weather for Finland...
2026-01-10 12:14:14,093 - INFO - ✅ Inference successful for Finland with weather
2026-01-10 12:14:14,093 - INFO - 
🚀 Processing France
2026-01-10 12:14:14,093 - INFO -    ILI cases: 57,613,926
2026-01-10 12:14:14,093 - INFO -    ARI cases: 52,818,682
2026-01-10 12:14:14,093 - INFO -    Data types: ARI, ILI
2026-01-10 12:14:14,093 - INFO - Running extraction: /home/david/miniconda3/bin/python enhanced_extract_country_data.py --country France --input data/who_flu_data.csv --output_dir data/extracted_data
2026-01-10 12:14:15,399 - INFO - ✅ Extraction successful for France
2026-01-10 12:14:15,399 - INFO - 🌦️  Attempting chronos inference with weather for France...
2026-01-10 12:14:20,672 - INFO - ✅ Inference successful for France with weather
2026-01-10 12:14:20,672 - INFO - 
🚀 Processing French Polynesia
2026-01-10 12:14:20,673 - INFO -    ILI cases: 73,156
2026-01-10 12:14:20,673 - INFO -    ARI cases: 0
2026-01-10 12:14:20,673 - INFO -    Data types: ILI
2026-01-10 12:14:20,673 - INFO - Running extraction: /home/david/miniconda3/bin/python enhanced_extract_country_data.py --country French Polynesia --input data/who_flu_data.csv --output_dir data/extracted_data
2026-01-10 12:14:21,984 - INFO - ✅ Extraction successful for French Polynesia
2026-01-10 12:14:21,984 - INFO - 🌦️  Attempting chronos inference with weather for French Polynesia...
2026-01-10 12:14:27,645 - INFO - ✅ Inference successful for French Polynesia with weather
2026-01-10 12:14:27,646 - INFO - 
🚀 Processing Gabon
2026-01-10 12:14:27,646 - INFO -    ILI cases: 1,620
2026-01-10 12:14:27,646 - INFO -    ARI cases: 0
2026-01-10 12:14:27,646 - INFO -    Data types: ILI
2026-01-10 12:14:27,646 - INFO - Running extraction: /home/david/miniconda3/bin/python enhanced_extract_country_data.py --country Gabon --input data/who_flu_data.csv --output_dir data/extracted_data
2026-01-10 12:14:28,945 - INFO - ✅ Extraction successful for Gabon
2026-01-10 12:14:28,945 - INFO - 🌦️  Attempting chronos inference with weather for Gabon...
2026-01-10 12:14:33,914 - INFO - ✅ Inference successful for Gabon with weather
2026-01-10 12:14:33,915 - INFO - 
📈 PROGRESS UPDATE
2026-01-10 12:14:33,915 - INFO -    Countries processed: 60/186
2026-01-10 12:14:33,915 - INFO -    Successful extractions: 58
2026-01-10 12:14:33,915 - INFO -    Failed extractions: 0
2026-01-10 12:14:33,915 - INFO -    Successful inferences: 58
2026-01-10 12:14:33,915 - INFO -    Failed inferences: 0
2026-01-10 12:14:33,915 - INFO -    Skipped countries: 2
2026-01-10 12:14:33,915 - INFO -    Average processing time: 3.2s per country
2026-01-10 12:14:33,915 - INFO - 
🚀 Processing Georgia
2026-01-10 12:14:33,915 - INFO -    ILI cases: 235,154
2026-01-10 12:14:33,915 - INFO -    ARI cases: 377,720
2026-01-10 12:14:33,915 - INFO -    Data types: ARI, ILI
2026-01-10 12:14:33,915 - INFO - Running extraction: /home/david/miniconda3/bin/python enhanced_extract_country_data.py --country Georgia --input data/who_flu_data.csv --output_dir data/extracted_data
2026-01-10 12:14:35,236 - INFO - ✅ Extraction successful for Georgia
2026-01-10 12:14:35,236 - INFO - 🌦️  Attempting chronos inference with weather for Georgia...
2026-01-10 12:14:40,607 - INFO - ✅ Inference successful for Georgia with weather
2026-01-10 12:14:40,607 - INFO - 
🚀 Processing Germany
2026-01-10 12:14:40,607 - INFO -    ILI cases: 0
2026-01-10 12:14:40,607 - INFO -    ARI cases: 19,318,638
2026-01-10 12:14:40,607 - INFO -    Data types: ARI, ILI
2026-01-10 12:14:40,608 - INFO - Running extraction: /home/david/miniconda3/bin/python enhanced_extract_country_data.py --country Germany --input data/who_flu_data.csv --output_dir data/extracted_data
2026-01-10 12:14:41,929 - INFO - ✅ Extraction successful for Germany
2026-01-10 12:14:41,929 - INFO - 🌦️  Attempting chronos inference with weather for Germany...
2026-01-10 12:14:47,185 - INFO - ✅ Inference successful for Germany with weather
2026-01-10 12:14:47,185 - INFO - 
🚀 Processing Ghana
2026-01-10 12:14:47,185 - INFO -    ILI cases: 104,346
2026-01-10 12:14:47,185 - INFO -    ARI cases: 0
2026-01-10 12:14:47,185 - INFO -    Data types: ILI
2026-01-10 12:14:47,185 - INFO - Running extraction: /home/david/miniconda3/bin/python enhanced_extract_country_data.py --country Ghana --input data/who_flu_data.csv --output_dir data/extracted_data
2026-01-10 12:14:48,492 - INFO - ✅ Extraction successful for Ghana
2026-01-10 12:14:48,492 - INFO - 🌦️  Attempting chronos inference with weather for Ghana...
2026-01-10 12:14:53,502 - INFO - ✅ Inference successful for Ghana with weather
2026-01-10 12:14:53,503 - INFO - 
🚀 Processing Greece
2026-01-10 12:14:53,503 - INFO -    ILI cases: 820,585
2026-01-10 12:14:53,503 - INFO -    ARI cases: 0
2026-01-10 12:14:53,503 - INFO -    Data types: ARI, ILI
2026-01-10 12:14:53,503 - INFO - Running extraction: /home/david/miniconda3/bin/python enhanced_extract_country_data.py --country Greece --input data/who_flu_data.csv --output_dir data/extracted_data
2026-01-10 12:14:54,814 - INFO - ✅ Extraction successful for Greece
2026-01-10 12:14:54,814 - INFO - 🌦️  Attempting chronos inference with weather for Greece...
2026-01-10 12:15:00,107 - INFO - ✅ Inference successful for Greece with weather
2026-01-10 12:15:00,107 - INFO - 
🚀 Processing Grenada
2026-01-10 12:15:00,107 - INFO -    ILI cases: 10,704
2026-01-10 12:15:00,107 - INFO -    ARI cases: 0
2026-01-10 12:15:00,107 - INFO -    Data types: ILI
2026-01-10 12:15:00,107 - INFO - Running extraction: /home/david/miniconda3/bin/python enhanced_extract_country_data.py --country Grenada --input data/who_flu_data.csv --output_dir data/extracted_data
2026-01-10 12:15:01,424 - INFO - ✅ Extraction successful for Grenada
2026-01-10 12:15:01,424 - INFO - 🌦️  Attempting chronos inference with weather for Grenada...
2026-01-10 12:15:06,332 - INFO - ✅ Inference successful for Grenada with weather
2026-01-10 12:15:06,332 - INFO - 
📈 PROGRESS UPDATE
2026-01-10 12:15:06,332 - INFO -    Countries processed: 65/186
2026-01-10 12:15:06,332 - INFO -    Successful extractions: 63
2026-01-10 12:15:06,333 - INFO -    Failed extractions: 0
2026-01-10 12:15:06,333 - INFO -    Successful inferences: 63
2026-01-10 12:15:06,333 - INFO -    Failed inferences: 0
2026-01-10 12:15:06,333 - INFO -    Skipped countries: 2
2026-01-10 12:15:06,333 - INFO -    Average processing time: 3.2s per country
2026-01-10 12:15:06,333 - INFO - 
🚀 Processing Guam
2026-01-10 12:15:06,333 - INFO -    ILI cases: 5,902
2026-01-10 12:15:06,333 - INFO -    ARI cases: 0
2026-01-10 12:15:06,333 - INFO -    Data types: ILI
2026-01-10 12:15:06,333 - INFO - Running extraction: /home/david/miniconda3/bin/python enhanced_extract_country_data.py --country Guam --input data/who_flu_data.csv --output_dir data/extracted_data
2026-01-10 12:15:07,648 - INFO - ✅ Extraction successful for Guam
2026-01-10 12:15:07,648 - INFO - 🌦️  Attempting chronos inference with weather for Guam...
2026-01-10 12:15:13,217 - INFO - ✅ Inference successful for Guam with weather
2026-01-10 12:15:13,217 - INFO - 
🚀 Processing Guatemala
2026-01-10 12:15:13,217 - INFO -    ILI cases: 62,360
2026-01-10 12:15:13,218 - INFO -    ARI cases: 34,360,534
2026-01-10 12:15:13,218 - INFO -    Data types: ARI, ILI
2026-01-10 12:15:13,218 - INFO - Running extraction: /home/david/miniconda3/bin/python enhanced_extract_country_data.py --country Guatemala --input data/who_flu_data.csv --output_dir data/extracted_data
2026-01-10 12:15:14,539 - INFO - ✅ Extraction successful for Guatemala
2026-01-10 12:15:14,539 - INFO - 🌦️  Attempting chronos inference with weather for Guatemala...
2026-01-10 12:15:21,335 - INFO - ✅ Inference successful for Guatemala with weather
2026-01-10 12:15:21,336 - INFO - 
🚀 Processing Guinea
2026-01-10 12:15:21,336 - INFO -    ILI cases: 65,082
2026-01-10 12:15:21,336 - INFO -    ARI cases: 0
2026-01-10 12:15:21,336 - INFO -    Data types: ILI
2026-01-10 12:15:21,336 - INFO - Running extraction: /home/david/miniconda3/bin/python enhanced_extract_country_data.py --country Guinea --input data/who_flu_data.csv --output_dir data/extracted_data
2026-01-10 12:15:22,647 - INFO - ✅ Extraction successful for Guinea
2026-01-10 12:15:22,647 - INFO - 🌦️  Attempting chronos inference with weather for Guinea...
2026-01-10 12:15:28,452 - INFO - ✅ Inference successful for Guinea with weather
2026-01-10 12:15:28,452 - INFO - 
🚀 Processing Guyana
2026-01-10 12:15:28,452 - INFO -    ILI cases: 52,849
2026-01-10 12:15:28,452 - INFO -    ARI cases: 3,505
2026-01-10 12:15:28,453 - INFO -    Data types: ARI, ILI
2026-01-10 12:15:28,453 - INFO - Running extraction: /home/david/miniconda3/bin/python enhanced_extract_country_data.py --country Guyana --input data/who_flu_data.csv --output_dir data/extracted_data
2026-01-10 12:15:29,742 - INFO - ✅ Extraction successful for Guyana
2026-01-10 12:15:29,742 - INFO - 🌦️  Attempting chronos inference with weather for Guyana...
2026-01-10 12:15:35,741 - INFO - ✅ Inference successful for Guyana with weather
2026-01-10 12:15:35,741 - INFO - 🔮 Skipping Haiti - no ILI or ARI data available
2026-01-10 12:15:35,741 - INFO - 
📈 PROGRESS UPDATE
2026-01-10 12:15:35,741 - INFO -    Countries processed: 70/186
2026-01-10 12:15:35,741 - INFO -    Successful extractions: 67
2026-01-10 12:15:35,741 - INFO -    Failed extractions: 0
2026-01-10 12:15:35,741 - INFO -    Successful inferences: 67
2026-01-10 12:15:35,741 - INFO -    Failed inferences: 0
2026-01-10 12:15:35,741 - INFO -    Skipped countries: 3
2026-01-10 12:15:35,741 - INFO -    Average processing time: 3.3s per country
2026-01-10 12:15:35,742 - INFO - 
🚀 Processing Honduras
2026-01-10 12:15:35,742 - INFO -    ILI cases: 382,656
2026-01-10 12:15:35,742 - INFO -    ARI cases: 0
2026-01-10 12:15:35,742 - INFO -    Data types: ILI
2026-01-10 12:15:35,742 - INFO - Running extraction: /home/david/miniconda3/bin/python enhanced_extract_country_data.py --country Honduras --input data/who_flu_data.csv --output_dir data/extracted_data
2026-01-10 12:15:37,060 - INFO - ✅ Extraction successful for Honduras
2026-01-10 12:15:37,060 - INFO - 🌦️  Attempting chronos inference with weather for Honduras...
2026-01-10 12:15:42,370 - INFO - ✅ Inference successful for Honduras with weather
2026-01-10 12:15:42,370 - INFO - 
🚀 Processing Hungary
2026-01-10 12:15:42,370 - INFO -    ILI cases: 3,728,299
2026-01-10 12:15:42,370 - INFO -    ARI cases: 9,196,798
2026-01-10 12:15:42,370 - INFO -    Data types: ARI, ILI
2026-01-10 12:15:42,370 - INFO - Running extraction: /home/david/miniconda3/bin/python enhanced_extract_country_data.py --country Hungary --input data/who_flu_data.csv --output_dir data/extracted_data
2026-01-10 12:15:43,658 - INFO - ✅ Extraction successful for Hungary
2026-01-10 12:15:43,658 - INFO - 🌦️  Attempting chronos inference with weather for Hungary...
2026-01-10 12:15:49,008 - INFO - ✅ Inference successful for Hungary with weather
2026-01-10 12:15:49,008 - INFO - 
🚀 Processing Iceland
2026-01-10 12:15:49,009 - INFO -    ILI cases: 67,603
2026-01-10 12:15:49,009 - INFO -    ARI cases: 666,686
2026-01-10 12:15:49,009 - INFO -    Data types: ARI, ILI
2026-01-10 12:15:49,009 - INFO - Running extraction: /home/david/miniconda3/bin/python enhanced_extract_country_data.py --country Iceland --input data/who_flu_data.csv --output_dir data/extracted_data
2026-01-10 12:15:50,320 - INFO - ✅ Extraction successful for Iceland
2026-01-10 12:15:50,321 - INFO - 🌦️  Attempting chronos inference with weather for Iceland...
2026-01-10 12:15:54,339 - WARNING - ⚠️  Weather failed for Iceland, trying without weather...
2026-01-10 12:15:59,137 - INFO - ✅ Inference successful for Iceland without weather
2026-01-10 12:15:59,137 - INFO - 
🚀 Processing Indonesia
2026-01-10 12:15:59,137 - INFO -    ILI cases: 58,165
2026-01-10 12:15:59,138 - INFO -    ARI cases: 0
2026-01-10 12:15:59,138 - INFO -    Data types: ILI
2026-01-10 12:15:59,138 - INFO - Running extraction: /home/david/miniconda3/bin/python enhanced_extract_country_data.py --country Indonesia --input data/who_flu_data.csv --output_dir data/extracted_data
2026-01-10 12:16:00,448 - INFO - ✅ Extraction successful for Indonesia
2026-01-10 12:16:00,449 - INFO - 🌦️  Attempting chronos inference with weather for Indonesia...
2026-01-10 12:16:06,295 - INFO - ✅ Inference successful for Indonesia with weather
2026-01-10 12:16:06,295 - INFO - 
🚀 Processing Iran (Islamic Republic of)
2026-01-10 12:16:06,295 - INFO -    ILI cases: 6,104
2026-01-10 12:16:06,295 - INFO -    ARI cases: 0
2026-01-10 12:16:06,295 - INFO -    Data types: ILI
2026-01-10 12:16:06,295 - INFO - Running extraction: /home/david/miniconda3/bin/python enhanced_extract_country_data.py --country Iran (Islamic Republic of) --input data/who_flu_data.csv --output_dir data/extracted_data
2026-01-10 12:16:07,580 - INFO - ✅ Extraction successful for Iran (Islamic Republic of)
2026-01-10 12:16:07,580 - INFO - 🌦️  Attempting chronos inference with weather for Iran (Islamic Republic of)...
2026-01-10 12:16:11,415 - WARNING - ⚠️  Weather failed for Iran (Islamic Republic of), trying without weather...
2026-01-10 12:16:16,200 - INFO - ✅ Inference successful for Iran (Islamic Republic of) without weather
2026-01-10 12:16:16,200 - INFO - 
📈 PROGRESS UPDATE
2026-01-10 12:16:16,200 - INFO -    Countries processed: 75/186
2026-01-10 12:16:16,200 - INFO -    Successful extractions: 72
2026-01-10 12:16:16,200 - INFO -    Failed extractions: 0
2026-01-10 12:16:16,200 - INFO -    Successful inferences: 72
2026-01-10 12:16:16,200 - INFO -    Failed inferences: 0
2026-01-10 12:16:16,200 - INFO -    Skipped countries: 3
2026-01-10 12:16:16,200 - INFO -    Average processing time: 3.3s per country
2026-01-10 12:16:16,201 - INFO - 
🚀 Processing Iraq
2026-01-10 12:16:16,201 - INFO -    ILI cases: 7,160
2026-01-10 12:16:16,201 - INFO -    ARI cases: 0
2026-01-10 12:16:16,201 - INFO -    Data types: ILI
2026-01-10 12:16:16,201 - INFO - Running extraction: /home/david/miniconda3/bin/python enhanced_extract_country_data.py --country Iraq --input data/who_flu_data.csv --output_dir data/extracted_data
2026-01-10 12:16:17,514 - INFO - ✅ Extraction successful for Iraq
2026-01-10 12:16:17,514 - INFO - 🌦️  Attempting chronos inference with weather for Iraq...
2026-01-10 12:16:23,286 - INFO - ✅ Inference successful for Iraq with weather
2026-01-10 12:16:23,286 - INFO - 
🚀 Processing Ireland
2026-01-10 12:16:23,287 - INFO -    ILI cases: 82,754
2026-01-10 12:16:23,287 - INFO -    ARI cases: 39,592
2026-01-10 12:16:23,287 - INFO -    Data types: ARI, ILI
2026-01-10 12:16:23,287 - INFO - Running extraction: /home/david/miniconda3/bin/python enhanced_extract_country_data.py --country Ireland --input data/who_flu_data.csv --output_dir data/extracted_data
2026-01-10 12:16:24,583 - INFO - ✅ Extraction successful for Ireland
2026-01-10 12:16:24,583 - INFO - 🌦️  Attempting chronos inference with weather for Ireland...
2026-01-10 12:16:30,566 - INFO - ✅ Inference successful for Ireland with weather
2026-01-10 12:16:30,566 - INFO - 
🚀 Processing Israel
2026-01-10 12:16:30,566 - INFO -    ILI cases: 884,816
2026-01-10 12:16:30,566 - INFO -    ARI cases: 0
2026-01-10 12:16:30,566 - INFO -    Data types: ARI, ILI
2026-01-10 12:16:30,566 - INFO - Running extraction: /home/david/miniconda3/bin/python enhanced_extract_country_data.py --country Israel --input data/who_flu_data.csv --output_dir data/extracted_data
2026-01-10 12:16:31,861 - INFO - ✅ Extraction successful for Israel
2026-01-10 12:16:31,861 - INFO - 🌦️  Attempting chronos inference with weather for Israel...
2026-01-10 12:16:37,990 - INFO - ✅ Inference successful for Israel with weather
2026-01-10 12:16:37,990 - INFO - 
🚀 Processing Italy
2026-01-10 12:16:37,990 - INFO -    ILI cases: 6,187,340
2026-01-10 12:16:37,990 - INFO -    ARI cases: 417,040
2026-01-10 12:16:37,990 - INFO -    Data types: ARI, ILI
2026-01-10 12:16:37,990 - INFO - Running extraction: /home/david/miniconda3/bin/python enhanced_extract_country_data.py --country Italy --input data/who_flu_data.csv --output_dir data/extracted_data
2026-01-10 12:16:39,292 - INFO - ✅ Extraction successful for Italy
2026-01-10 12:16:39,292 - INFO - 🌦️  Attempting chronos inference with weather for Italy...
2026-01-10 12:16:44,613 - INFO - ✅ Inference successful for Italy with weather
2026-01-10 12:16:44,614 - INFO - 
🚀 Processing Jamaica
2026-01-10 12:16:44,614 - INFO -    ILI cases: 0
2026-01-10 12:16:44,614 - INFO -    ARI cases: 1,373,120
2026-01-10 12:16:44,614 - INFO -    Data types: ARI
2026-01-10 12:16:44,614 - INFO - Running extraction: /home/david/miniconda3/bin/python enhanced_extract_country_data.py --country Jamaica --input data/who_flu_data.csv --output_dir data/extracted_data
2026-01-10 12:16:45,959 - INFO - ✅ Extraction successful for Jamaica
2026-01-10 12:16:45,959 - INFO - 🌦️  Attempting chronos inference with weather for Jamaica...
2026-01-10 12:16:49,975 - WARNING - ⚠️  Weather failed for Jamaica, trying without weather...
2026-01-10 12:16:54,865 - INFO - ✅ Inference successful for Jamaica without weather
2026-01-10 12:16:54,865 - INFO - 
📈 PROGRESS UPDATE
2026-01-10 12:16:54,865 - INFO -    Countries processed: 80/186
2026-01-10 12:16:54,865 - INFO -    Successful extractions: 77
2026-01-10 12:16:54,865 - INFO -    Failed extractions: 0
2026-01-10 12:16:54,865 - INFO -    Successful inferences: 77
2026-01-10 12:16:54,865 - INFO -    Failed inferences: 0
2026-01-10 12:16:54,865 - INFO -    Skipped countries: 3
2026-01-10 12:16:54,865 - INFO -    Average processing time: 3.3s per country
2026-01-10 12:16:54,866 - INFO - 
🚀 Processing Jordan
2026-01-10 12:16:54,866 - INFO -    ILI cases: 7,170
2026-01-10 12:16:54,866 - INFO -    ARI cases: 0
2026-01-10 12:16:54,866 - INFO -    Data types: ILI
2026-01-10 12:16:54,866 - INFO - Running extraction: /home/david/miniconda3/bin/python enhanced_extract_country_data.py --country Jordan --input data/who_flu_data.csv --output_dir data/extracted_data
2026-01-10 12:16:56,180 - INFO - ✅ Extraction successful for Jordan
2026-01-10 12:16:56,180 - INFO - 🌦️  Attempting chronos inference with weather for Jordan...
2026-01-10 12:17:00,114 - WARNING - ⚠️  Weather failed for Jordan, trying without weather...
2026-01-10 12:17:04,930 - INFO - ✅ Inference successful for Jordan without weather
2026-01-10 12:17:04,930 - INFO - 
🚀 Processing Kazakhstan
2026-01-10 12:17:04,930 - INFO -    ILI cases: 1,017,663
2026-01-10 12:17:04,930 - INFO -    ARI cases: 48,554,849
2026-01-10 12:17:04,930 - INFO -    Data types: ARI, ILI
2026-01-10 12:17:04,930 - INFO - Running extraction: /home/david/miniconda3/bin/python enhanced_extract_country_data.py --country Kazakhstan --input data/who_flu_data.csv --output_dir data/extracted_data
2026-01-10 12:17:06,242 - INFO - ✅ Extraction successful for Kazakhstan
2026-01-10 12:17:06,242 - INFO - 🌦️  Attempting chronos inference with weather for Kazakhstan...
2026-01-10 12:17:12,219 - INFO - ✅ Inference successful for Kazakhstan with weather
2026-01-10 12:17:12,219 - INFO - 
🚀 Processing Kenya
2026-01-10 12:17:12,219 - INFO -    ILI cases: 7,244
2026-01-10 12:17:12,219 - INFO -    ARI cases: 0
2026-01-10 12:17:12,219 - INFO -    Data types: ILI
2026-01-10 12:17:12,219 - INFO - Running extraction: /home/david/miniconda3/bin/python enhanced_extract_country_data.py --country Kenya --input data/who_flu_data.csv --output_dir data/extracted_data
2026-01-10 12:17:13,525 - INFO - ✅ Extraction successful for Kenya
2026-01-10 12:17:13,525 - INFO - 🌦️  Attempting chronos inference with weather for Kenya...
2026-01-10 12:17:19,423 - INFO - ✅ Inference successful for Kenya with weather
2026-01-10 12:17:19,424 - INFO - 
🚀 Processing Kiribati
2026-01-10 12:17:19,424 - INFO -    ILI cases: 205,651
2026-01-10 12:17:19,424 - INFO -    ARI cases: 0
2026-01-10 12:17:19,424 - INFO -    Data types: ILI
2026-01-10 12:17:19,424 - INFO - Running extraction: /home/david/miniconda3/bin/python enhanced_extract_country_data.py --country Kiribati --input data/who_flu_data.csv --output_dir data/extracted_data
2026-01-10 12:17:20,731 - INFO - ✅ Extraction successful for Kiribati
2026-01-10 12:17:20,731 - INFO - 🌦️  Attempting chronos inference with weather for Kiribati...
2026-01-10 12:17:26,015 - INFO - ✅ Inference successful for Kiribati with weather
2026-01-10 12:17:26,016 - INFO - 
🚀 Processing Kosovo (in accordance with UN Security Council resolution 1244 (1999))
2026-01-10 12:17:26,016 - INFO -    ILI cases: 1,392,536
2026-01-10 12:17:26,016 - INFO -    ARI cases: 146,940
2026-01-10 12:17:26,016 - INFO -    Data types: ARI, ILI
2026-01-10 12:17:26,016 - INFO - Running extraction: /home/david/miniconda3/bin/python enhanced_extract_country_data.py --country Kosovo (in accordance with UN Security Council resolution 1244 (1999)) --input data/who_flu_data.csv --output_dir data/extracted_data
2026-01-10 12:17:27,313 - INFO - ✅ Extraction successful for Kosovo (in accordance with UN Security Council resolution 1244 (1999))
2026-01-10 12:17:27,313 - INFO - 🌦️  Attempting chronos inference with weather for Kosovo (in accordance with UN Security Council resolution 1244 (1999))...
2026-01-10 12:17:31,185 - WARNING - ⚠️  Weather failed for Kosovo (in accordance with UN Security Council resolution 1244 (1999)), trying without weather...
2026-01-10 12:17:35,941 - INFO - ✅ Inference successful for Kosovo (in accordance with UN Security Council resolution 1244 (1999)) without weather
2026-01-10 12:17:35,941 - INFO - 
📈 PROGRESS UPDATE
2026-01-10 12:17:35,941 - INFO -    Countries processed: 85/186
2026-01-10 12:17:35,941 - INFO -    Successful extractions: 82
2026-01-10 12:17:35,941 - INFO -    Failed extractions: 0
2026-01-10 12:17:35,941 - INFO -    Successful inferences: 82
2026-01-10 12:17:35,941 - INFO -    Failed inferences: 0
2026-01-10 12:17:35,941 - INFO -    Skipped countries: 3
2026-01-10 12:17:35,941 - INFO -    Average processing time: 3.3s per country
2026-01-10 12:17:35,941 - INFO - 
🚀 Processing Kuwait
2026-01-10 12:17:35,941 - INFO -    ILI cases: 194
2026-01-10 12:17:35,942 - INFO -    ARI cases: 0
2026-01-10 12:17:35,942 - INFO -    Data types: ILI
2026-01-10 12:17:35,942 - INFO - Running extraction: /home/david/miniconda3/bin/python enhanced_extract_country_data.py --country Kuwait --input data/who_flu_data.csv --output_dir data/extracted_data
2026-01-10 12:17:37,249 - INFO - ✅ Extraction successful for Kuwait
2026-01-10 12:17:37,249 - INFO - 🌦️  Attempting chronos inference with weather for Kuwait...
2026-01-10 12:17:42,776 - INFO - ✅ Inference successful for Kuwait with weather
2026-01-10 12:17:42,776 - INFO - 
🚀 Processing Kyrgyzstan
2026-01-10 12:17:42,776 - INFO -    ILI cases: 18,071
2026-01-10 12:17:42,776 - INFO -    ARI cases: 5,613,842
2026-01-10 12:17:42,776 - INFO -    Data types: ARI, ILI
2026-01-10 12:17:42,776 - INFO - Running extraction: /home/david/miniconda3/bin/python enhanced_extract_country_data.py --country Kyrgyzstan --input data/who_flu_data.csv --output_dir data/extracted_data
2026-01-10 12:17:44,071 - INFO - ✅ Extraction successful for Kyrgyzstan
2026-01-10 12:17:44,071 - INFO - 🌦️  Attempting chronos inference with weather for Kyrgyzstan...
2026-01-10 12:17:50,013 - INFO - ✅ Inference successful for Kyrgyzstan with weather
2026-01-10 12:17:50,014 - INFO - 
🚀 Processing Lao People's Democratic Republic
2026-01-10 12:17:50,014 - INFO -    ILI cases: 280,940
2026-01-10 12:17:50,014 - INFO -    ARI cases: 0
2026-01-10 12:17:50,014 - INFO -    Data types: ILI
2026-01-10 12:17:50,014 - INFO - Running extraction: /home/david/miniconda3/bin/python enhanced_extract_country_data.py --country Lao People's Democratic Republic --input data/who_flu_data.csv --output_dir data/extracted_data
2026-01-10 12:17:51,304 - INFO - ✅ Extraction successful for Lao People's Democratic Republic
2026-01-10 12:17:51,304 - INFO - 🌦️  Attempting chronos inference with weather for Lao People's Democratic Republic...
2026-01-10 12:17:55,248 - WARNING - ⚠️  Weather failed for Lao People's Democratic Republic, trying without weather...
2026-01-10 12:18:00,061 - INFO - ✅ Inference successful for Lao People's Democratic Republic without weather
2026-01-10 12:18:00,061 - INFO - 
🚀 Processing Latvia
2026-01-10 12:18:00,061 - INFO -    ILI cases: 70,208
2026-01-10 12:18:00,061 - INFO -    ARI cases: 1,149,835
2026-01-10 12:18:00,061 - INFO -    Data types: ARI, ILI
2026-01-10 12:18:00,061 - INFO - Running extraction: /home/david/miniconda3/bin/python enhanced_extract_country_data.py --country Latvia --input data/who_flu_data.csv --output_dir data/extracted_data
2026-01-10 12:18:01,354 - INFO - ✅ Extraction successful for Latvia
2026-01-10 12:18:01,354 - INFO - 🌦️  Attempting chronos inference with weather for Latvia...
2026-01-10 12:18:07,324 - INFO - ✅ Inference successful for Latvia with weather
2026-01-10 12:18:07,324 - INFO - 
🚀 Processing Lebanon
2026-01-10 12:18:07,324 - INFO -    ILI cases: 40,382
2026-01-10 12:18:07,324 - INFO -    ARI cases: 0
2026-01-10 12:18:07,324 - INFO -    Data types: ILI
2026-01-10 12:18:07,324 - INFO - Running extraction: /home/david/miniconda3/bin/python enhanced_extract_country_data.py --country Lebanon --input data/who_flu_data.csv --output_dir data/extracted_data
2026-01-10 12:18:08,611 - INFO - ✅ Extraction successful for Lebanon
2026-01-10 12:18:08,611 - INFO - 🌦️  Attempting chronos inference with weather for Lebanon...
2026-01-10 12:18:14,336 - INFO - ✅ Inference successful for Lebanon with weather
2026-01-10 12:18:14,336 - INFO - 
📈 PROGRESS UPDATE
2026-01-10 12:18:14,336 - INFO -    Countries processed: 90/186
2026-01-10 12:18:14,336 - INFO -    Successful extractions: 87
2026-01-10 12:18:14,336 - INFO -    Failed extractions: 0
2026-01-10 12:18:14,337 - INFO -    Successful inferences: 87
2026-01-10 12:18:14,337 - INFO -    Failed inferences: 0
2026-01-10 12:18:14,337 - INFO -    Skipped countries: 3
2026-01-10 12:18:14,337 - INFO -    Average processing time: 3.3s per country
2026-01-10 12:18:14,337 - INFO - 🔮 Skipping Lesotho - no ILI or ARI data available
2026-01-10 12:18:14,337 - INFO - 
🚀 Processing Libya
2026-01-10 12:18:14,337 - INFO -    ILI cases: 3,070
2026-01-10 12:18:14,337 - INFO -    ARI cases: 0
2026-01-10 12:18:14,337 - INFO -    Data types: ILI
2026-01-10 12:18:14,337 - INFO - Running extraction: /home/david/miniconda3/bin/python enhanced_extract_country_data.py --country Libya --input data/who_flu_data.csv --output_dir data/extracted_data
2026-01-10 12:18:15,641 - INFO - ✅ Extraction successful for Libya
2026-01-10 12:18:15,641 - INFO - 🌦️  Attempting chronos inference with weather for Libya...
2026-01-10 12:18:21,030 - INFO - ✅ Inference successful for Libya with weather
2026-01-10 12:18:21,030 - INFO - 
🚀 Processing Lithuania
2026-01-10 12:18:21,030 - INFO -    ILI cases: 1,107,980
2026-01-10 12:18:21,030 - INFO -    ARI cases: 24,668,713
2026-01-10 12:18:21,030 - INFO -    Data types: ARI, ILI
2026-01-10 12:18:21,030 - INFO - Running extraction: /home/david/miniconda3/bin/python enhanced_extract_country_data.py --country Lithuania --input data/who_flu_data.csv --output_dir data/extracted_data
2026-01-10 12:18:22,339 - INFO - ✅ Extraction successful for Lithuania
2026-01-10 12:18:22,339 - INFO - 🌦️  Attempting chronos inference with weather for Lithuania...
2026-01-10 12:18:28,103 - INFO - ✅ Inference successful for Lithuania with weather
2026-01-10 12:18:28,103 - INFO - 
🚀 Processing Luxembourg
2026-01-10 12:18:28,103 - INFO -    ILI cases: 11,147
2026-01-10 12:18:28,103 - INFO -    ARI cases: 85,282
2026-01-10 12:18:28,104 - INFO -    Data types: ARI, ILI
2026-01-10 12:18:28,104 - INFO - Running extraction: /home/david/miniconda3/bin/python enhanced_extract_country_data.py --country Luxembourg --input data/who_flu_data.csv --output_dir data/extracted_data
2026-01-10 12:18:29,402 - INFO - ✅ Extraction successful for Luxembourg
2026-01-10 12:18:29,402 - INFO - 🌦️  Attempting chronos inference with weather for Luxembourg...
2026-01-10 12:18:33,359 - WARNING - ⚠️  Weather failed for Luxembourg, trying without weather...
2026-01-10 12:18:38,203 - INFO - ✅ Inference successful for Luxembourg without weather
2026-01-10 12:18:38,204 - INFO - 
🚀 Processing Madagascar
2026-01-10 12:18:38,204 - INFO -    ILI cases: 81,581
2026-01-10 12:18:38,204 - INFO -    ARI cases: 0
2026-01-10 12:18:38,204 - INFO -    Data types: ILI
2026-01-10 12:18:38,204 - INFO - Running extraction: /home/david/miniconda3/bin/python enhanced_extract_country_data.py --country Madagascar --input data/who_flu_data.csv --output_dir data/extracted_data
2026-01-10 12:18:39,512 - INFO - ✅ Extraction successful for Madagascar
2026-01-10 12:18:39,512 - INFO - 🌦️  Attempting chronos inference with weather for Madagascar...
2026-01-10 12:18:43,474 - WARNING - ⚠️  Weather failed for Madagascar, trying without weather...
2026-01-10 12:18:48,323 - INFO - ✅ Inference successful for Madagascar without weather
2026-01-10 12:18:48,323 - INFO - 
📈 PROGRESS UPDATE
2026-01-10 12:18:48,323 - INFO -    Countries processed: 95/186
2026-01-10 12:18:48,323 - INFO -    Successful extractions: 91
2026-01-10 12:18:48,323 - INFO -    Failed extractions: 0
2026-01-10 12:18:48,323 - INFO -    Successful inferences: 91
2026-01-10 12:18:48,323 - INFO -    Failed inferences: 0
2026-01-10 12:18:48,323 - INFO -    Skipped countries: 4
2026-01-10 12:18:48,323 - INFO -    Average processing time: 3.3s per country
2026-01-10 12:18:48,324 - INFO - 
🚀 Processing Maldives
2026-01-10 12:18:48,324 - INFO -    ILI cases: 373,359
2026-01-10 12:18:48,324 - INFO -    ARI cases: 1,084,367
2026-01-10 12:18:48,324 - INFO -    Data types: ARI, ILI
2026-01-10 12:18:48,324 - INFO - Running extraction: /home/david/miniconda3/bin/python enhanced_extract_country_data.py --country Maldives --input data/who_flu_data.csv --output_dir data/extracted_data
2026-01-10 12:18:49,651 - INFO - ✅ Extraction successful for Maldives
2026-01-10 12:18:49,651 - INFO - 🌦️  Attempting chronos inference with weather for Maldives...
2026-01-10 12:18:53,704 - WARNING - ⚠️  Weather failed for Maldives, trying without weather...
2026-01-10 12:18:58,511 - INFO - ✅ Inference successful for Maldives without weather
2026-01-10 12:18:58,512 - INFO - 
🚀 Processing Mali
2026-01-10 12:18:58,512 - INFO -    ILI cases: 5,555
2026-01-10 12:18:58,512 - INFO -    ARI cases: 0
2026-01-10 12:18:58,512 - INFO -    Data types: ILI
2026-01-10 12:18:58,512 - INFO - Running extraction: /home/david/miniconda3/bin/python enhanced_extract_country_data.py --country Mali --input data/who_flu_data.csv --output_dir data/extracted_data
2026-01-10 12:18:59,803 - INFO - ✅ Extraction successful for Mali
2026-01-10 12:18:59,804 - INFO - 🌦️  Attempting chronos inference with weather for Mali...
2026-01-10 12:19:05,074 - INFO - ✅ Inference successful for Mali with weather
2026-01-10 12:19:05,074 - INFO - 
🚀 Processing Malta
2026-01-10 12:19:05,074 - INFO -    ILI cases: 46,711
2026-01-10 12:19:05,074 - INFO -    ARI cases: 0
2026-01-10 12:19:05,074 - INFO -    Data types: ARI, ILI
2026-01-10 12:19:05,074 - INFO - Running extraction: /home/david/miniconda3/bin/python enhanced_extract_country_data.py --country Malta --input data/who_flu_data.csv --output_dir data/extracted_data
2026-01-10 12:19:06,355 - INFO - ✅ Extraction successful for Malta
2026-01-10 12:19:06,355 - INFO - 🌦️  Attempting chronos inference with weather for Malta...
2026-01-10 12:19:12,129 - INFO - ✅ Inference successful for Malta with weather
2026-01-10 12:19:12,129 - INFO - 
🚀 Processing Marshall Islands
2026-01-10 12:19:12,130 - INFO -    ILI cases: 16,111
2026-01-10 12:19:12,130 - INFO -    ARI cases: 0
2026-01-10 12:19:12,130 - INFO -    Data types: ILI
2026-01-10 12:19:12,130 - INFO - Running extraction: /home/david/miniconda3/bin/python enhanced_extract_country_data.py --country Marshall Islands --input data/who_flu_data.csv --output_dir data/extracted_data
2026-01-10 12:19:13,432 - INFO - ✅ Extraction successful for Marshall Islands
2026-01-10 12:19:13,432 - INFO - 🌦️  Attempting chronos inference with weather for Marshall Islands...
2026-01-10 12:19:17,435 - WARNING - ⚠️  Weather failed for Marshall Islands, trying without weather...
2026-01-10 12:19:22,263 - INFO - ✅ Inference successful for Marshall Islands without weather
2026-01-10 12:19:22,263 - INFO - 
🚀 Processing Mauritania
2026-01-10 12:19:22,263 - INFO -    ILI cases: 400
2026-01-10 12:19:22,263 - INFO -    ARI cases: 0
2026-01-10 12:19:22,263 - INFO -    Data types: ILI
2026-01-10 12:19:22,264 - INFO - Running extraction: /home/david/miniconda3/bin/python enhanced_extract_country_data.py --country Mauritania --input data/who_flu_data.csv --output_dir data/extracted_data
2026-01-10 12:19:23,560 - INFO - ✅ Extraction successful for Mauritania
2026-01-10 12:19:23,561 - INFO - 🌦️  Attempting chronos inference with weather for Mauritania...
2026-01-10 12:19:27,507 - WARNING - ⚠️  Weather failed for Mauritania, trying without weather...
2026-01-10 12:19:32,280 - INFO - ✅ Inference successful for Mauritania without weather
2026-01-10 12:19:32,280 - INFO - 
📈 PROGRESS UPDATE
2026-01-10 12:19:32,280 - INFO -    Countries processed: 100/186
2026-01-10 12:19:32,281 - INFO -    Successful extractions: 96
2026-01-10 12:19:32,281 - INFO -    Failed extractions: 0
2026-01-10 12:19:32,281 - INFO -    Successful inferences: 96
2026-01-10 12:19:32,281 - INFO -    Failed inferences: 0
2026-01-10 12:19:32,281 - INFO -    Skipped countries: 4
2026-01-10 12:19:32,281 - INFO -    Average processing time: 3.2s per country
2026-01-10 12:19:32,281 - INFO - 
🚀 Processing Mauritius
2026-01-10 12:19:32,281 - INFO -    ILI cases: 560
2026-01-10 12:19:32,281 - INFO -    ARI cases: 2,042,612
2026-01-10 12:19:32,281 - INFO -    Data types: ARI, ILI
2026-01-10 12:19:32,281 - INFO - Running extraction: /home/david/miniconda3/bin/python enhanced_extract_country_data.py --country Mauritius --input data/who_flu_data.csv --output_dir data/extracted_data
2026-01-10 12:19:33,595 - INFO - ✅ Extraction successful for Mauritius
2026-01-10 12:19:33,595 - INFO - 🌦️  Attempting chronos inference with weather for Mauritius...
2026-01-10 12:19:37,556 - WARNING - ⚠️  Weather failed for Mauritius, trying without weather...
2026-01-10 12:19:42,359 - INFO - ✅ Inference successful for Mauritius without weather
2026-01-10 12:19:42,359 - INFO - 
🚀 Processing Mexico
2026-01-10 12:19:42,360 - INFO -    ILI cases: 4,884,713
2026-01-10 12:19:42,360 - INFO -    ARI cases: 304,033,758
2026-01-10 12:19:42,360 - INFO -    Data types: ARI, ILI
2026-01-10 12:19:42,360 - INFO - Running extraction: /home/david/miniconda3/bin/python enhanced_extract_country_data.py --country Mexico --input data/who_flu_data.csv --output_dir data/extracted_data
2026-01-10 12:19:43,633 - INFO - ✅ Extraction successful for Mexico
2026-01-10 12:19:43,634 - INFO - 🌦️  Attempting chronos inference with weather for Mexico...
2026-01-10 12:19:48,962 - INFO - ✅ Inference successful for Mexico with weather
2026-01-10 12:19:48,962 - INFO - 
🚀 Processing Micronesia (Federated States of)
2026-01-10 12:19:48,962 - INFO -    ILI cases: 43,297
2026-01-10 12:19:48,962 - INFO -    ARI cases: 0
2026-01-10 12:19:48,962 - INFO -    Data types: ILI
2026-01-10 12:19:48,962 - INFO - Running extraction: /home/david/miniconda3/bin/python enhanced_extract_country_data.py --country Micronesia (Federated States of) --input data/who_flu_data.csv --output_dir data/extracted_data
2026-01-10 12:19:50,262 - INFO - ✅ Extraction successful for Micronesia (Federated States of)
2026-01-10 12:19:50,262 - INFO - 🌦️  Attempting chronos inference with weather for Micronesia (Federated States of)...
2026-01-10 12:19:54,142 - WARNING - ⚠️  Weather failed for Micronesia (Federated States of), trying without weather...
2026-01-10 12:19:59,016 - INFO - ✅ Inference successful for Micronesia (Federated States of) without weather
2026-01-10 12:19:59,017 - INFO - 
🚀 Processing Mongolia
2026-01-10 12:19:59,017 - INFO -    ILI cases: 5,337,490
2026-01-10 12:19:59,017 - INFO -    ARI cases: 0
2026-01-10 12:19:59,017 - INFO -    Data types: ILI
2026-01-10 12:19:59,017 - INFO - Running extraction: /home/david/miniconda3/bin/python enhanced_extract_country_data.py --country Mongolia --input data/who_flu_data.csv --output_dir data/extracted_data
2026-01-10 12:20:00,308 - INFO - ✅ Extraction successful for Mongolia
2026-01-10 12:20:00,308 - INFO - 🌦️  Attempting chronos inference with weather for Mongolia...
2026-01-10 12:20:05,346 - INFO - ✅ Inference successful for Mongolia with weather
2026-01-10 12:20:05,346 - INFO - 
🚀 Processing Montenegro
2026-01-10 12:20:05,346 - INFO -    ILI cases: 139,099
2026-01-10 12:20:05,346 - INFO -    ARI cases: 2,590,820
2026-01-10 12:20:05,346 - INFO -    Data types: ARI, ILI
2026-01-10 12:20:05,346 - INFO - Running extraction: /home/david/miniconda3/bin/python enhanced_extract_country_data.py --country Montenegro --input data/who_flu_data.csv --output_dir data/extracted_data
2026-01-10 12:20:06,648 - INFO - ✅ Extraction successful for Montenegro
2026-01-10 12:20:06,648 - INFO - 🌦️  Attempting chronos inference with weather for Montenegro...
2026-01-10 12:20:10,620 - WARNING - ⚠️  Weather failed for Montenegro, trying without weather...
2026-01-10 12:20:15,457 - INFO - ✅ Inference successful for Montenegro without weather
2026-01-10 12:20:15,457 - INFO - 
📈 PROGRESS UPDATE
2026-01-10 12:20:15,457 - INFO -    Countries processed: 105/186
2026-01-10 12:20:15,457 - INFO -    Successful extractions: 101
2026-01-10 12:20:15,457 - INFO -    Failed extractions: 0
2026-01-10 12:20:15,457 - INFO -    Successful inferences: 101
2026-01-10 12:20:15,457 - INFO -    Failed inferences: 0
2026-01-10 12:20:15,457 - INFO -    Skipped countries: 4
2026-01-10 12:20:15,457 - INFO -    Average processing time: 3.2s per country
2026-01-10 12:20:15,457 - INFO - 
🚀 Processing Montserrat
2026-01-10 12:20:15,457 - INFO -    ILI cases: 283
2026-01-10 12:20:15,457 - INFO -    ARI cases: 0
2026-01-10 12:20:15,457 - INFO -    Data types: ILI
2026-01-10 12:20:15,457 - INFO - Running extraction: /home/david/miniconda3/bin/python enhanced_extract_country_data.py --country Montserrat --input data/who_flu_data.csv --output_dir data/extracted_data
2026-01-10 12:20:16,744 - INFO - ✅ Extraction successful for Montserrat
2026-01-10 12:20:16,744 - INFO - 🌦️  Attempting chronos inference with weather for Montserrat...
2026-01-10 12:20:21,662 - INFO - ✅ Inference successful for Montserrat with weather
2026-01-10 12:20:21,662 - INFO - 
🚀 Processing Morocco
2026-01-10 12:20:21,662 - INFO -    ILI cases: 2,254,008
2026-01-10 12:20:21,662 - INFO -    ARI cases: 0
2026-01-10 12:20:21,662 - INFO -    Data types: ILI
2026-01-10 12:20:21,662 - INFO - Running extraction: /home/david/miniconda3/bin/python enhanced_extract_country_data.py --country Morocco --input data/who_flu_data.csv --output_dir data/extracted_data
2026-01-10 12:20:22,946 - INFO - ✅ Extraction successful for Morocco
2026-01-10 12:20:22,946 - INFO - 🌦️  Attempting chronos inference with weather for Morocco...
2026-01-10 12:20:26,934 - WARNING - ⚠️  Weather failed for Morocco, trying without weather...
2026-01-10 12:20:31,792 - INFO - ✅ Inference successful for Morocco without weather
2026-01-10 12:20:31,792 - INFO - 
🚀 Processing Mozambique
2026-01-10 12:20:31,792 - INFO -    ILI cases: 128,713
2026-01-10 12:20:31,792 - INFO -    ARI cases: 0
2026-01-10 12:20:31,792 - INFO -    Data types: ILI
2026-01-10 12:20:31,792 - INFO - Running extraction: /home/david/miniconda3/bin/python enhanced_extract_country_data.py --country Mozambique --input data/who_flu_data.csv --output_dir data/extracted_data
2026-01-10 12:20:33,079 - INFO - ✅ Extraction successful for Mozambique
2026-01-10 12:20:33,079 - INFO - 🌦️  Attempting chronos inference with weather for Mozambique...
2026-01-10 12:20:37,314 - WARNING - ⚠️  Weather failed for Mozambique, trying without weather...
2026-01-10 12:20:42,126 - INFO - ✅ Inference successful for Mozambique without weather
2026-01-10 12:20:42,126 - INFO - 
🚀 Processing Nauru
2026-01-10 12:20:42,126 - INFO -    ILI cases: 3,546
2026-01-10 12:20:42,126 - INFO -    ARI cases: 0
2026-01-10 12:20:42,126 - INFO -    Data types: ILI
2026-01-10 12:20:42,126 - INFO - Running extraction: /home/david/miniconda3/bin/python enhanced_extract_country_data.py --country Nauru --input data/who_flu_data.csv --output_dir data/extracted_data
2026-01-10 12:20:43,417 - INFO - ✅ Extraction successful for Nauru
2026-01-10 12:20:43,417 - INFO - 🌦️  Attempting chronos inference with weather for Nauru...
2026-01-10 12:20:48,664 - INFO - ✅ Inference successful for Nauru with weather
2026-01-10 12:20:48,664 - INFO - 
🚀 Processing Nepal
2026-01-10 12:20:48,664 - INFO -    ILI cases: 64,569
2026-01-10 12:20:48,664 - INFO -    ARI cases: 0
2026-01-10 12:20:48,664 - INFO -    Data types: ILI
2026-01-10 12:20:48,665 - INFO - Running extraction: /home/david/miniconda3/bin/python enhanced_extract_country_data.py --country Nepal --input data/who_flu_data.csv --output_dir data/extracted_data
2026-01-10 12:20:49,971 - INFO - ✅ Extraction successful for Nepal
2026-01-10 12:20:49,971 - INFO - 🌦️  Attempting chronos inference with weather for Nepal...
2026-01-10 12:20:53,973 - WARNING - ⚠️  Weather failed for Nepal, trying without weather...
2026-01-10 12:20:58,741 - INFO - ✅ Inference successful for Nepal without weather
2026-01-10 12:20:58,741 - INFO - 
📈 PROGRESS UPDATE
2026-01-10 12:20:58,741 - INFO -    Countries processed: 110/186
2026-01-10 12:20:58,741 - INFO -    Successful extractions: 106
2026-01-10 12:20:58,741 - INFO -    Failed extractions: 0
2026-01-10 12:20:58,741 - INFO -    Successful inferences: 106
2026-01-10 12:20:58,741 - INFO -    Failed inferences: 0
2026-01-10 12:20:58,741 - INFO -    Skipped countries: 4
2026-01-10 12:20:58,741 - INFO -    Average processing time: 3.2s per country
2026-01-10 12:20:58,742 - INFO - 
🚀 Processing Netherlands (Kingdom of the)
2026-01-10 12:20:58,742 - INFO -    ILI cases: 70,531
2026-01-10 12:20:58,742 - INFO -    ARI cases: 2,242,638
2026-01-10 12:20:58,742 - INFO -    Data types: ARI, ILI
2026-01-10 12:20:58,742 - INFO - Running extraction: /home/david/miniconda3/bin/python enhanced_extract_country_data.py --country Netherlands (Kingdom of the) --input data/who_flu_data.csv --output_dir data/extracted_data
2026-01-10 12:21:00,034 - INFO - ✅ Extraction successful for Netherlands (Kingdom of the)
2026-01-10 12:21:00,034 - INFO - 🌦️  Attempting chronos inference with weather for Netherlands (Kingdom of the)...
2026-01-10 12:21:03,901 - WARNING - ⚠️  Weather failed for Netherlands (Kingdom of the), trying without weather...
2026-01-10 12:21:08,754 - INFO - ✅ Inference successful for Netherlands (Kingdom of the) without weather
2026-01-10 12:21:08,755 - INFO - 
🚀 Processing New Caledonia
2026-01-10 12:21:08,755 - INFO -    ILI cases: 17,873
2026-01-10 12:21:08,755 - INFO -    ARI cases: 0
2026-01-10 12:21:08,755 - INFO -    Data types: ILI
2026-01-10 12:21:08,755 - INFO - Running extraction: /home/david/miniconda3/bin/python enhanced_extract_country_data.py --country New Caledonia --input data/who_flu_data.csv --output_dir data/extracted_data
2026-01-10 12:21:10,030 - INFO - ✅ Extraction successful for New Caledonia
2026-01-10 12:21:10,030 - INFO - 🌦️  Attempting chronos inference with weather for New Caledonia...
2026-01-10 12:21:13,997 - WARNING - ⚠️  Weather failed for New Caledonia, trying without weather...
2026-01-10 12:21:18,859 - INFO - ✅ Inference successful for New Caledonia without weather
2026-01-10 12:21:18,859 - INFO - 
🚀 Processing New Zealand
2026-01-10 12:21:18,860 - INFO -    ILI cases: 26,436
2026-01-10 12:21:18,860 - INFO -    ARI cases: 0
2026-01-10 12:21:18,860 - INFO -    Data types: ILI
2026-01-10 12:21:18,860 - INFO - Running extraction: /home/david/miniconda3/bin/python enhanced_extract_country_data.py --country New Zealand --input data/who_flu_data.csv --output_dir data/extracted_data
2026-01-10 12:21:20,157 - INFO - ✅ Extraction successful for New Zealand
2026-01-10 12:21:20,158 - INFO - 🌦️  Attempting chronos inference with weather for New Zealand...
2026-01-10 12:21:24,134 - WARNING - ⚠️  Weather failed for New Zealand, trying without weather...
2026-01-10 12:21:28,903 - INFO - ✅ Inference successful for New Zealand without weather
2026-01-10 12:21:28,904 - INFO - 
🚀 Processing Nicaragua
2026-01-10 12:21:28,904 - INFO -    ILI cases: 3,862
2026-01-10 12:21:28,904 - INFO -    ARI cases: 17,923,801
2026-01-10 12:21:28,904 - INFO -    Data types: ARI, ILI
2026-01-10 12:21:28,904 - INFO - Running extraction: /home/david/miniconda3/bin/python enhanced_extract_country_data.py --country Nicaragua --input data/who_flu_data.csv --output_dir data/extracted_data
2026-01-10 12:21:30,203 - INFO - ✅ Extraction successful for Nicaragua
2026-01-10 12:21:30,203 - INFO - 🌦️  Attempting chronos inference with weather for Nicaragua...
2026-01-10 12:21:34,158 - WARNING - ⚠️  Weather failed for Nicaragua, trying without weather...
2026-01-10 12:21:39,002 - INFO - ✅ Inference successful for Nicaragua without weather
2026-01-10 12:21:39,002 - INFO - 
🚀 Processing Niger
2026-01-10 12:21:39,002 - INFO -    ILI cases: 366,585
2026-01-10 12:21:39,002 - INFO -    ARI cases: 0
2026-01-10 12:21:39,002 - INFO -    Data types: ILI
2026-01-10 12:21:39,002 - INFO - Running extraction: /home/david/miniconda3/bin/python enhanced_extract_country_data.py --country Niger --input data/who_flu_data.csv --output_dir data/extracted_data
2026-01-10 12:21:40,296 - INFO - ✅ Extraction successful for Niger
2026-01-10 12:21:40,296 - INFO - 🌦️  Attempting chronos inference with weather for Niger...
2026-01-10 12:21:44,290 - WARNING - ⚠️  Weather failed for Niger, trying without weather...
2026-01-10 12:21:49,047 - INFO - ✅ Inference successful for Niger without weather
2026-01-10 12:21:49,047 - INFO - 
📈 PROGRESS UPDATE
2026-01-10 12:21:49,047 - INFO -    Countries processed: 115/186
2026-01-10 12:21:49,047 - INFO -    Successful extractions: 111
2026-01-10 12:21:49,047 - INFO -    Failed extractions: 0
2026-01-10 12:21:49,047 - INFO -    Successful inferences: 111
2026-01-10 12:21:49,047 - INFO -    Failed inferences: 0
2026-01-10 12:21:49,047 - INFO -    Skipped countries: 4
2026-01-10 12:21:49,047 - INFO -    Average processing time: 3.2s per country
2026-01-10 12:21:49,048 - INFO - 
🚀 Processing Nigeria
2026-01-10 12:21:49,048 - INFO -    ILI cases: 17,573
2026-01-10 12:21:49,048 - INFO -    ARI cases: 0
2026-01-10 12:21:49,048 - INFO -    Data types: ILI
2026-01-10 12:21:49,048 - INFO - Running extraction: /home/david/miniconda3/bin/python enhanced_extract_country_data.py --country Nigeria --input data/who_flu_data.csv --output_dir data/extracted_data
2026-01-10 12:21:50,335 - INFO - ✅ Extraction successful for Nigeria
2026-01-10 12:21:50,335 - INFO - 🌦️  Attempting chronos inference with weather for Nigeria...
2026-01-10 12:21:54,293 - WARNING - ⚠️  Weather failed for Nigeria, trying without weather...
2026-01-10 12:21:59,210 - INFO - ✅ Inference successful for Nigeria without weather
2026-01-10 12:21:59,210 - INFO - 
🚀 Processing Niue
2026-01-10 12:21:59,210 - INFO -    ILI cases: 4,465
2026-01-10 12:21:59,210 - INFO -    ARI cases: 0
2026-01-10 12:21:59,210 - INFO -    Data types: ILI
2026-01-10 12:21:59,210 - INFO - Running extraction: /home/david/miniconda3/bin/python enhanced_extract_country_data.py --country Niue --input data/who_flu_data.csv --output_dir data/extracted_data
2026-01-10 12:22:00,517 - INFO - ✅ Extraction successful for Niue
2026-01-10 12:22:00,517 - INFO - 🌦️  Attempting chronos inference with weather for Niue...
2026-01-10 12:22:04,507 - WARNING - ⚠️  Weather failed for Niue, trying without weather...
2026-01-10 12:22:09,387 - INFO - ✅ Inference successful for Niue without weather
2026-01-10 12:22:09,387 - INFO - 
🚀 Processing North Macedonia
2026-01-10 12:22:09,387 - INFO -    ILI cases: 574,986
2026-01-10 12:22:09,387 - INFO -    ARI cases: 0
2026-01-10 12:22:09,387 - INFO -    Data types: ARI, ILI
2026-01-10 12:22:09,387 - INFO - Running extraction: /home/david/miniconda3/bin/python enhanced_extract_country_data.py --country North Macedonia --input data/who_flu_data.csv --output_dir data/extracted_data
2026-01-10 12:22:10,759 - INFO - ✅ Extraction successful for North Macedonia
2026-01-10 12:22:10,759 - INFO - 🌦️  Attempting chronos inference with weather for North Macedonia...
2026-01-10 12:22:14,817 - WARNING - ⚠️  Weather failed for North Macedonia, trying without weather...
2026-01-10 12:22:19,553 - INFO - ✅ Inference successful for North Macedonia without weather
2026-01-10 12:22:19,553 - INFO - 
🚀 Processing Northern Mariana Islands
2026-01-10 12:22:19,553 - INFO -    ILI cases: 18,812
2026-01-10 12:22:19,553 - INFO -    ARI cases: 0
2026-01-10 12:22:19,554 - INFO -    Data types: ILI
2026-01-10 12:22:19,554 - INFO - Running extraction: /home/david/miniconda3/bin/python enhanced_extract_country_data.py --country Northern Mariana Islands --input data/who_flu_data.csv --output_dir data/extracted_data
2026-01-10 12:22:20,871 - INFO - ✅ Extraction successful for Northern Mariana Islands
2026-01-10 12:22:20,871 - INFO - 🌦️  Attempting chronos inference with weather for Northern Mariana Islands...
2026-01-10 12:22:26,232 - INFO - ✅ Inference successful for Northern Mariana Islands with weather
2026-01-10 12:22:26,233 - INFO - 
🚀 Processing Norway
2026-01-10 12:22:26,233 - INFO -    ILI cases: 2,580,758
2026-01-10 12:22:26,233 - INFO -    ARI cases: 0
2026-01-10 12:22:26,233 - INFO -    Data types: ARI, ILI
2026-01-10 12:22:26,233 - INFO - Running extraction: /home/david/miniconda3/bin/python enhanced_extract_country_data.py --country Norway --input data/who_flu_data.csv --output_dir data/extracted_data
2026-01-10 12:22:27,542 - INFO - ✅ Extraction successful for Norway
2026-01-10 12:22:27,542 - INFO - 🌦️  Attempting chronos inference with weather for Norway...
2026-01-10 12:22:32,913 - INFO - ✅ Inference successful for Norway with weather
2026-01-10 12:22:32,913 - INFO - 
📈 PROGRESS UPDATE
2026-01-10 12:22:32,913 - INFO -    Countries processed: 120/186
2026-01-10 12:22:32,914 - INFO -    Successful extractions: 116
2026-01-10 12:22:32,914 - INFO -    Failed extractions: 0
2026-01-10 12:22:32,914 - INFO -    Successful inferences: 116
2026-01-10 12:22:32,914 - INFO -    Failed inferences: 0
2026-01-10 12:22:32,914 - INFO -    Skipped countries: 4
2026-01-10 12:22:32,914 - INFO -    Average processing time: 3.2s per country
2026-01-10 12:22:32,914 - INFO - 
🚀 Processing Oman
2026-01-10 12:22:32,914 - INFO -    ILI cases: 22,673,707
2026-01-10 12:22:32,914 - INFO -    ARI cases: 24,136
2026-01-10 12:22:32,914 - INFO -    Data types: ARI, ILI
2026-01-10 12:22:32,914 - INFO - Running extraction: /home/david/miniconda3/bin/python enhanced_extract_country_data.py --country Oman --input data/who_flu_data.csv --output_dir data/extracted_data
2026-01-10 12:22:34,267 - INFO - ✅ Extraction successful for Oman
2026-01-10 12:22:34,267 - INFO - 🌦️  Attempting chronos inference with weather for Oman...
2026-01-10 12:22:38,266 - WARNING - ⚠️  Weather failed for Oman, trying without weather...
2026-01-10 12:22:43,174 - INFO - ✅ Inference successful for Oman without weather
2026-01-10 12:22:43,174 - INFO - 
🚀 Processing Pakistan
2026-01-10 12:22:43,174 - INFO -    ILI cases: 9,814
2026-01-10 12:22:43,174 - INFO -    ARI cases: 0
2026-01-10 12:22:43,174 - INFO -    Data types: ILI
2026-01-10 12:22:43,175 - INFO - Running extraction: /home/david/miniconda3/bin/python enhanced_extract_country_data.py --country Pakistan --input data/who_flu_data.csv --output_dir data/extracted_data
2026-01-10 12:22:44,519 - INFO - ✅ Extraction successful for Pakistan
2026-01-10 12:22:44,519 - INFO - 🌦️  Attempting chronos inference with weather for Pakistan...
2026-01-10 12:22:48,510 - WARNING - ⚠️  Weather failed for Pakistan, trying without weather...
2026-01-10 12:22:53,389 - INFO - ✅ Inference successful for Pakistan without weather
2026-01-10 12:22:53,389 - INFO - 
🚀 Processing Palau
2026-01-10 12:22:53,389 - INFO -    ILI cases: 6,641
2026-01-10 12:22:53,389 - INFO -    ARI cases: 0
2026-01-10 12:22:53,390 - INFO -    Data types: ILI
2026-01-10 12:22:53,390 - INFO - Running extraction: /home/david/miniconda3/bin/python enhanced_extract_country_data.py --country Palau --input data/who_flu_data.csv --output_dir data/extracted_data
2026-01-10 12:22:54,750 - INFO - ✅ Extraction successful for Palau
2026-01-10 12:22:54,751 - INFO - 🌦️  Attempting chronos inference with weather for Palau...
2026-01-10 12:23:00,109 - INFO - ✅ Inference successful for Palau with weather
2026-01-10 12:23:00,109 - INFO - 
🚀 Processing Panama
2026-01-10 12:23:00,109 - INFO -    ILI cases: 156,708
2026-01-10 12:23:00,109 - INFO -    ARI cases: 530
2026-01-10 12:23:00,109 - INFO -    Data types: ARI, ILI
2026-01-10 12:23:00,109 - INFO - Running extraction: /home/david/miniconda3/bin/python enhanced_extract_country_data.py --country Panama --input data/who_flu_data.csv --output_dir data/extracted_data
2026-01-10 12:23:01,454 - INFO - ✅ Extraction successful for Panama
2026-01-10 12:23:01,454 - INFO - 🌦️  Attempting chronos inference with weather for Panama...
2026-01-10 12:23:05,441 - WARNING - ⚠️  Weather failed for Panama, trying without weather...
2026-01-10 12:23:10,236 - INFO - ✅ Inference successful for Panama without weather
2026-01-10 12:23:10,237 - INFO - 
🚀 Processing Papua New Guinea
2026-01-10 12:23:10,237 - INFO -    ILI cases: 1,041
2026-01-10 12:23:10,237 - INFO -    ARI cases: 0
2026-01-10 12:23:10,237 - INFO -    Data types: ILI
2026-01-10 12:23:10,237 - INFO - Running extraction: /home/david/miniconda3/bin/python enhanced_extract_country_data.py --country Papua New Guinea --input data/who_flu_data.csv --output_dir data/extracted_data
2026-01-10 12:23:11,590 - INFO - ✅ Extraction successful for Papua New Guinea
2026-01-10 12:23:11,591 - INFO - 🌦️  Attempting chronos inference with weather for Papua New Guinea...
2026-01-10 12:23:15,578 - WARNING - ⚠️  Weather failed for Papua New Guinea, trying without weather...
2026-01-10 12:23:20,349 - INFO - ✅ Inference successful for Papua New Guinea without weather
2026-01-10 12:23:20,350 - INFO - 
📈 PROGRESS UPDATE
2026-01-10 12:23:20,350 - INFO -    Countries processed: 125/186
2026-01-10 12:23:20,350 - INFO -    Successful extractions: 121
2026-01-10 12:23:20,350 - INFO -    Failed extractions: 0
2026-01-10 12:23:20,350 - INFO -    Successful inferences: 121
2026-01-10 12:23:20,350 - INFO -    Failed inferences: 0
2026-01-10 12:23:20,350 - INFO -    Skipped countries: 4
2026-01-10 12:23:20,350 - INFO -    Average processing time: 3.2s per country
2026-01-10 12:23:20,350 - INFO - 
🚀 Processing Paraguay
2026-01-10 12:23:20,350 - INFO -    ILI cases: 616,234
2026-01-10 12:23:20,350 - INFO -    ARI cases: 24,841,353
2026-01-10 12:23:20,350 - INFO -    Data types: ARI, ILI
2026-01-10 12:23:20,350 - INFO - Running extraction: /home/david/miniconda3/bin/python enhanced_extract_country_data.py --country Paraguay --input data/who_flu_data.csv --output_dir data/extracted_data
2026-01-10 12:23:21,700 - INFO - ✅ Extraction successful for Paraguay
2026-01-10 12:23:21,700 - INFO - 🌦️  Attempting chronos inference with weather for Paraguay...
2026-01-10 12:23:25,692 - WARNING - ⚠️  Weather failed for Paraguay, trying without weather...
2026-01-10 12:23:30,550 - INFO - ✅ Inference successful for Paraguay without weather
2026-01-10 12:23:30,551 - INFO - 
🚀 Processing Peru
2026-01-10 12:23:30,551 - INFO -    ILI cases: 45,379
2026-01-10 12:23:30,551 - INFO -    ARI cases: 38,394,433
2026-01-10 12:23:30,551 - INFO -    Data types: ARI, ILI
2026-01-10 12:23:30,551 - INFO - Running extraction: /home/david/miniconda3/bin/python enhanced_extract_country_data.py --country Peru --input data/who_flu_data.csv --output_dir data/extracted_data
2026-01-10 12:23:31,897 - INFO - ✅ Extraction successful for Peru
2026-01-10 12:23:31,897 - INFO - 🌦️  Attempting chronos inference with weather for Peru...
2026-01-10 12:23:35,925 - WARNING - ⚠️  Weather failed for Peru, trying without weather...
2026-01-10 12:23:40,777 - INFO - ✅ Inference successful for Peru without weather
2026-01-10 12:23:40,777 - INFO - 
🚀 Processing Pitcairn
2026-01-10 12:23:40,777 - INFO -    ILI cases: 49
2026-01-10 12:23:40,777 - INFO -    ARI cases: 0
2026-01-10 12:23:40,777 - INFO -    Data types: ILI
2026-01-10 12:23:40,777 - INFO - Running extraction: /home/david/miniconda3/bin/python enhanced_extract_country_data.py --country Pitcairn --input data/who_flu_data.csv --output_dir data/extracted_data
2026-01-10 12:23:42,107 - INFO - ✅ Extraction successful for Pitcairn
2026-01-10 12:23:42,107 - INFO - 🌦️  Attempting chronos inference with weather for Pitcairn...
2026-01-10 12:23:46,097 - WARNING - ⚠️  Weather failed for Pitcairn, trying without weather...
2026-01-10 12:23:50,927 - INFO - ✅ Inference successful for Pitcairn without weather
2026-01-10 12:23:50,927 - INFO - 
🚀 Processing Poland
2026-01-10 12:23:50,927 - INFO -    ILI cases: 4,231,657
2026-01-10 12:23:50,927 - INFO -    ARI cases: 0
2026-01-10 12:23:50,927 - INFO -    Data types: ARI, ILI
2026-01-10 12:23:50,927 - INFO - Running extraction: /home/david/miniconda3/bin/python enhanced_extract_country_data.py --country Poland --input data/who_flu_data.csv --output_dir data/extracted_data
2026-01-10 12:23:52,277 - INFO - ✅ Extraction successful for Poland
2026-01-10 12:23:52,277 - INFO - 🌦️  Attempting chronos inference with weather for Poland...
2026-01-10 12:23:57,605 - INFO - ✅ Inference successful for Poland with weather
2026-01-10 12:23:57,606 - INFO - 
🚀 Processing Portugal
2026-01-10 12:23:57,606 - INFO -    ILI cases: 6,502
2026-01-10 12:23:57,606 - INFO -    ARI cases: 1,004
2026-01-10 12:23:57,606 - INFO -    Data types: ARI, ILI
2026-01-10 12:23:57,606 - INFO - Running extraction: /home/david/miniconda3/bin/python enhanced_extract_country_data.py --country Portugal --input data/who_flu_data.csv --output_dir data/extracted_data
2026-01-10 12:23:58,943 - INFO - ✅ Extraction successful for Portugal
2026-01-10 12:23:58,943 - INFO - 🌦️  Attempting chronos inference with weather for Portugal...
2026-01-10 12:24:04,210 - INFO - ✅ Inference successful for Portugal with weather
2026-01-10 12:24:04,210 - INFO - 
📈 PROGRESS UPDATE
2026-01-10 12:24:04,210 - INFO -    Countries processed: 130/186
2026-01-10 12:24:04,210 - INFO -    Successful extractions: 126
2026-01-10 12:24:04,210 - INFO -    Failed extractions: 0
2026-01-10 12:24:04,210 - INFO -    Successful inferences: 126
2026-01-10 12:24:04,210 - INFO -    Failed inferences: 0
2026-01-10 12:24:04,210 - INFO -    Skipped countries: 4
2026-01-10 12:24:04,210 - INFO -    Average processing time: 3.1s per country
2026-01-10 12:24:04,210 - INFO - 
🚀 Processing Qatar
2026-01-10 12:24:04,210 - INFO -    ILI cases: 16,664
2026-01-10 12:24:04,210 - INFO -    ARI cases: 0
2026-01-10 12:24:04,210 - INFO -    Data types: ILI
2026-01-10 12:24:04,210 - INFO - Running extraction: /home/david/miniconda3/bin/python enhanced_extract_country_data.py --country Qatar --input data/who_flu_data.csv --output_dir data/extracted_data
2026-01-10 12:24:05,547 - INFO - ✅ Extraction successful for Qatar
2026-01-10 12:24:05,547 - INFO - 🌦️  Attempting chronos inference with weather for Qatar...
2026-01-10 12:24:09,575 - WARNING - ⚠️  Weather failed for Qatar, trying without weather...
2026-01-10 12:24:14,444 - INFO - ✅ Inference successful for Qatar without weather
2026-01-10 12:24:14,444 - INFO - 
🚀 Processing Republic of Moldova
2026-01-10 12:24:14,444 - INFO -    ILI cases: 12,607,605
2026-01-10 12:24:14,444 - INFO -    ARI cases: 13,915,929
2026-01-10 12:24:14,444 - INFO -    Data types: ARI, ILI
2026-01-10 12:24:14,444 - INFO - Running extraction: /home/david/miniconda3/bin/python enhanced_extract_country_data.py --country Republic of Moldova --input data/who_flu_data.csv --output_dir data/extracted_data
2026-01-10 12:24:15,794 - INFO - ✅ Extraction successful for Republic of Moldova
2026-01-10 12:24:15,794 - INFO - 🌦️  Attempting chronos inference with weather for Republic of Moldova...
2026-01-10 12:24:21,151 - INFO - ✅ Inference successful for Republic of Moldova with weather
2026-01-10 12:24:21,152 - INFO - 
🚀 Processing Romania
2026-01-10 12:24:21,152 - INFO -    ILI cases: 29,670
2026-01-10 12:24:21,152 - INFO -    ARI cases: 5,292,138
2026-01-10 12:24:21,152 - INFO -    Data types: ARI, ILI
2026-01-10 12:24:21,152 - INFO - Running extraction: /home/david/miniconda3/bin/python enhanced_extract_country_data.py --country Romania --input data/who_flu_data.csv --output_dir data/extracted_data
2026-01-10 12:24:22,485 - INFO - ✅ Extraction successful for Romania
2026-01-10 12:24:22,486 - INFO - 🌦️  Attempting chronos inference with weather for Romania...
2026-01-10 12:24:27,765 - INFO - ✅ Inference successful for Romania with weather
2026-01-10 12:24:27,766 - INFO - 
🚀 Processing Russian Federation
2026-01-10 12:24:27,766 - INFO -    ILI cases: 1,645,491
2026-01-10 12:24:27,766 - INFO -    ARI cases: 471,858,357
2026-01-10 12:24:27,766 - INFO -    Data types: ARI, ILI
2026-01-10 12:24:27,766 - INFO - Running extraction: /home/david/miniconda3/bin/python enhanced_extract_country_data.py --country Russian Federation --input data/who_flu_data.csv --output_dir data/extracted_data
2026-01-10 12:24:29,104 - INFO - ✅ Extraction successful for Russian Federation
2026-01-10 12:24:29,104 - INFO - 🌦️  Attempting chronos inference with weather for Russian Federation...
2026-01-10 12:24:33,104 - WARNING - ⚠️  Weather failed for Russian Federation, trying without weather...
2026-01-10 12:24:38,030 - INFO - ✅ Inference successful for Russian Federation without weather
2026-01-10 12:24:38,031 - INFO - 
🚀 Processing Rwanda
2026-01-10 12:24:38,031 - INFO -    ILI cases: 5,507
2026-01-10 12:24:38,031 - INFO -    ARI cases: 0
2026-01-10 12:24:38,031 - INFO -    Data types: ILI
2026-01-10 12:24:38,031 - INFO - Running extraction: /home/david/miniconda3/bin/python enhanced_extract_country_data.py --country Rwanda --input data/who_flu_data.csv --output_dir data/extracted_data
2026-01-10 12:24:39,393 - INFO - ✅ Extraction successful for Rwanda
2026-01-10 12:24:39,394 - INFO - 🌦️  Attempting chronos inference with weather for Rwanda...
2026-01-10 12:24:43,408 - WARNING - ⚠️  Weather failed for Rwanda, trying without weather...
2026-01-10 12:24:48,311 - INFO - ✅ Inference successful for Rwanda without weather
2026-01-10 12:24:48,311 - INFO - 
📈 PROGRESS UPDATE
2026-01-10 12:24:48,312 - INFO -    Countries processed: 135/186
2026-01-10 12:24:48,312 - INFO -    Successful extractions: 131
2026-01-10 12:24:48,312 - INFO -    Failed extractions: 0
2026-01-10 12:24:48,312 - INFO -    Successful inferences: 131
2026-01-10 12:24:48,312 - INFO -    Failed inferences: 0
2026-01-10 12:24:48,312 - INFO -    Skipped countries: 4
2026-01-10 12:24:48,312 - INFO -    Average processing time: 3.1s per country
2026-01-10 12:24:48,312 - INFO - 
🚀 Processing Saint Kitts and Nevis
2026-01-10 12:24:48,312 - INFO -    ILI cases: 169
2026-01-10 12:24:48,312 - INFO -    ARI cases: 0
2026-01-10 12:24:48,312 - INFO -    Data types: ILI
2026-01-10 12:24:48,312 - INFO - Running extraction: /home/david/miniconda3/bin/python enhanced_extract_country_data.py --country Saint Kitts and Nevis --input data/who_flu_data.csv --output_dir data/extracted_data
2026-01-10 12:24:49,693 - INFO - ✅ Extraction successful for Saint Kitts and Nevis
2026-01-10 12:24:49,694 - INFO - 🌦️  Attempting chronos inference with weather for Saint Kitts and Nevis...
2026-01-10 12:24:54,657 - INFO - ✅ Inference successful for Saint Kitts and Nevis with weather
2026-01-10 12:24:54,658 - INFO - 
🚀 Processing Saint Lucia
2026-01-10 12:24:54,658 - INFO -    ILI cases: 2,468
2026-01-10 12:24:54,658 - INFO -    ARI cases: 3,566
2026-01-10 12:24:54,658 - INFO -    Data types: ARI, ILI
2026-01-10 12:24:54,658 - INFO - Running extraction: /home/david/miniconda3/bin/python enhanced_extract_country_data.py --country Saint Lucia --input data/who_flu_data.csv --output_dir data/extracted_data
2026-01-10 12:24:55,973 - INFO - ✅ Extraction successful for Saint Lucia
2026-01-10 12:24:55,973 - INFO - 🌦️  Attempting chronos inference with weather for Saint Lucia...
2026-01-10 12:25:00,021 - WARNING - ⚠️  Weather failed for Saint Lucia, trying without weather...
2026-01-10 12:25:04,997 - INFO - ✅ Inference successful for Saint Lucia without weather
2026-01-10 12:25:04,998 - INFO - 
🚀 Processing Saint Vincent and the Grenadines
2026-01-10 12:25:04,998 - INFO -    ILI cases: 3,426
2026-01-10 12:25:04,998 - INFO -    ARI cases: 13,941
2026-01-10 12:25:04,998 - INFO -    Data types: ARI, ILI
2026-01-10 12:25:04,998 - INFO - Running extraction: /home/david/miniconda3/bin/python enhanced_extract_country_data.py --country Saint Vincent and the Grenadines --input data/who_flu_data.csv --output_dir data/extracted_data
2026-01-10 12:25:06,345 - INFO - ✅ Extraction successful for Saint Vincent and the Grenadines
2026-01-10 12:25:06,345 - INFO - 🌦️  Attempting chronos inference with weather for Saint Vincent and the Grenadines...
2026-01-10 12:25:11,537 - INFO - ✅ Inference successful for Saint Vincent and the Grenadines with weather
2026-01-10 12:25:11,538 - INFO - 
🚀 Processing Samoa
2026-01-10 12:25:11,538 - INFO -    ILI cases: 460,408
2026-01-10 12:25:11,538 - INFO -    ARI cases: 0
2026-01-10 12:25:11,538 - INFO -    Data types: ILI
2026-01-10 12:25:11,538 - INFO - Running extraction: /home/david/miniconda3/bin/python enhanced_extract_country_data.py --country Samoa --input data/who_flu_data.csv --output_dir data/extracted_data
2026-01-10 12:25:12,882 - INFO - ✅ Extraction successful for Samoa
2026-01-10 12:25:12,882 - INFO - 🌦️  Attempting chronos inference with weather for Samoa...
2026-01-10 12:25:18,258 - INFO - ✅ Inference successful for Samoa with weather
2026-01-10 12:25:18,258 - INFO - 
🚀 Processing Saudi Arabia
2026-01-10 12:25:18,258 - INFO -    ILI cases: 203,898
2026-01-10 12:25:18,258 - INFO -    ARI cases: 0
2026-01-10 12:25:18,259 - INFO -    Data types: ILI
2026-01-10 12:25:18,259 - INFO - Running extraction: /home/david/miniconda3/bin/python enhanced_extract_country_data.py --country Saudi Arabia --input data/who_flu_data.csv --output_dir data/extracted_data
2026-01-10 12:25:19,665 - INFO - ✅ Extraction successful for Saudi Arabia
2026-01-10 12:25:19,666 - INFO - 🌦️  Attempting chronos inference with weather for Saudi Arabia...
2026-01-10 12:25:23,667 - WARNING - ⚠️  Weather failed for Saudi Arabia, trying without weather...
2026-01-10 12:25:28,532 - INFO - ✅ Inference successful for Saudi Arabia without weather
2026-01-10 12:25:28,532 - INFO - 
📈 PROGRESS UPDATE
2026-01-10 12:25:28,532 - INFO -    Countries processed: 140/186
2026-01-10 12:25:28,532 - INFO -    Successful extractions: 136
2026-01-10 12:25:28,532 - INFO -    Failed extractions: 0
2026-01-10 12:25:28,532 - INFO -    Successful inferences: 136
2026-01-10 12:25:28,532 - INFO -    Failed inferences: 0
2026-01-10 12:25:28,532 - INFO -    Skipped countries: 4
2026-01-10 12:25:28,532 - INFO -    Average processing time: 3.1s per country
2026-01-10 12:25:28,532 - INFO - 
🚀 Processing Senegal
2026-01-10 12:25:28,532 - INFO -    ILI cases: 69,240
2026-01-10 12:25:28,533 - INFO -    ARI cases: 0
2026-01-10 12:25:28,533 - INFO -    Data types: ILI
2026-01-10 12:25:28,533 - INFO - Running extraction: /home/david/miniconda3/bin/python enhanced_extract_country_data.py --country Senegal --input data/who_flu_data.csv --output_dir data/extracted_data
2026-01-10 12:25:29,887 - INFO - ✅ Extraction successful for Senegal
2026-01-10 12:25:29,888 - INFO - 🌦️  Attempting chronos inference with weather for Senegal...
2026-01-10 12:25:33,964 - WARNING - ⚠️  Weather failed for Senegal, trying without weather...
2026-01-10 12:25:39,189 - INFO - ✅ Inference successful for Senegal without weather
2026-01-10 12:25:39,189 - INFO - 
🚀 Processing Serbia
2026-01-10 12:25:39,189 - INFO -    ILI cases: 5,998,620
2026-01-10 12:25:39,189 - INFO -    ARI cases: 0
2026-01-10 12:25:39,189 - INFO -    Data types: ARI, ILI
2026-01-10 12:25:39,189 - INFO - Running extraction: /home/david/miniconda3/bin/python enhanced_extract_country_data.py --country Serbia --input data/who_flu_data.csv --output_dir data/extracted_data
2026-01-10 12:25:40,486 - INFO - ✅ Extraction successful for Serbia
2026-01-10 12:25:40,486 - INFO - 🌦️  Attempting chronos inference with weather for Serbia...
2026-01-10 12:25:44,518 - WARNING - ⚠️  Weather failed for Serbia, trying without weather...
2026-01-10 12:25:49,337 - INFO - ✅ Inference successful for Serbia without weather
2026-01-10 12:25:49,337 - INFO - 
🚀 Processing Sierra Leone
2026-01-10 12:25:49,337 - INFO -    ILI cases: 9,816
2026-01-10 12:25:49,337 - INFO -    ARI cases: 0
2026-01-10 12:25:49,338 - INFO -    Data types: ILI
2026-01-10 12:25:49,338 - INFO - Running extraction: /home/david/miniconda3/bin/python enhanced_extract_country_data.py --country Sierra Leone --input data/who_flu_data.csv --output_dir data/extracted_data
2026-01-10 12:25:50,633 - INFO - ✅ Extraction successful for Sierra Leone
2026-01-10 12:25:50,633 - INFO - 🌦️  Attempting chronos inference with weather for Sierra Leone...
2026-01-10 12:25:54,644 - WARNING - ⚠️  Weather failed for Sierra Leone, trying without weather...
2026-01-10 12:25:59,488 - INFO - ✅ Inference successful for Sierra Leone without weather
2026-01-10 12:25:59,489 - INFO - 
🚀 Processing Singapore
2026-01-10 12:25:59,489 - INFO -    ILI cases: 110,823
2026-01-10 12:25:59,489 - INFO -    ARI cases: 0
2026-01-10 12:25:59,489 - INFO -    Data types: ILI
2026-01-10 12:25:59,489 - INFO - Running extraction: /home/david/miniconda3/bin/python enhanced_extract_country_data.py --country Singapore --input data/who_flu_data.csv --output_dir data/extracted_data
2026-01-10 12:26:00,791 - INFO - ✅ Extraction successful for Singapore
2026-01-10 12:26:00,791 - INFO - 🌦️  Attempting chronos inference with weather for Singapore...
2026-01-10 12:26:04,826 - WARNING - ⚠️  Weather failed for Singapore, trying without weather...
2026-01-10 12:26:09,709 - INFO - ✅ Inference successful for Singapore without weather
2026-01-10 12:26:09,709 - INFO - 
🚀 Processing Sint Maarten (Dutch part)
2026-01-10 12:26:09,709 - INFO -    ILI cases: 685
2026-01-10 12:26:09,709 - INFO -    ARI cases: 0
2026-01-10 12:26:09,709 - INFO -    Data types: ILI
2026-01-10 12:26:09,709 - INFO - Running extraction: /home/david/miniconda3/bin/python enhanced_extract_country_data.py --country Sint Maarten (Dutch part) --input data/who_flu_data.csv --output_dir data/extracted_data
2026-01-10 12:26:11,023 - INFO - ✅ Extraction successful for Sint Maarten (Dutch part)
2026-01-10 12:26:11,023 - INFO - 🌦️  Attempting chronos inference with weather for Sint Maarten (Dutch part)...
2026-01-10 12:26:15,955 - INFO - ✅ Inference successful for Sint Maarten (Dutch part) with weather
2026-01-10 12:26:15,955 - INFO - 
📈 PROGRESS UPDATE
2026-01-10 12:26:15,955 - INFO -    Countries processed: 145/186
2026-01-10 12:26:15,955 - INFO -    Successful extractions: 141
2026-01-10 12:26:15,955 - INFO -    Failed extractions: 0
2026-01-10 12:26:15,955 - INFO -    Successful inferences: 141
2026-01-10 12:26:15,955 - INFO -    Failed inferences: 0
2026-01-10 12:26:15,955 - INFO -    Skipped countries: 4
2026-01-10 12:26:15,955 - INFO -    Average processing time: 3.1s per country
2026-01-10 12:26:15,955 - INFO - 
🚀 Processing Slovakia
2026-01-10 12:26:15,955 - INFO -    ILI cases: 6,272,156
2026-01-10 12:26:15,955 - INFO -    ARI cases: 60,282,674
2026-01-10 12:26:15,956 - INFO -    Data types: ARI, ILI
2026-01-10 12:26:15,956 - INFO - Running extraction: /home/david/miniconda3/bin/python enhanced_extract_country_data.py --country Slovakia --input data/who_flu_data.csv --output_dir data/extracted_data
2026-01-10 12:26:17,264 - INFO - ✅ Extraction successful for Slovakia
2026-01-10 12:26:17,265 - INFO - 🌦️  Attempting chronos inference with weather for Slovakia...
2026-01-10 12:26:22,618 - INFO - ✅ Inference successful for Slovakia with weather
2026-01-10 12:26:22,618 - INFO - 
🚀 Processing Slovenia
2026-01-10 12:26:22,618 - INFO -    ILI cases: 20,952
2026-01-10 12:26:22,618 - INFO -    ARI cases: 1,292,439
2026-01-10 12:26:22,618 - INFO -    Data types: ARI, ILI
2026-01-10 12:26:22,618 - INFO - Running extraction: /home/david/miniconda3/bin/python enhanced_extract_country_data.py --country Slovenia --input data/who_flu_data.csv --output_dir data/extracted_data
2026-01-10 12:26:23,922 - INFO - ✅ Extraction successful for Slovenia
2026-01-10 12:26:23,922 - INFO - 🌦️  Attempting chronos inference with weather for Slovenia...
2026-01-10 12:26:29,220 - INFO - ✅ Inference successful for Slovenia with weather
2026-01-10 12:26:29,220 - INFO - 
🚀 Processing Solomon Islands
2026-01-10 12:26:29,220 - INFO -    ILI cases: 162,281
2026-01-10 12:26:29,220 - INFO -    ARI cases: 0
2026-01-10 12:26:29,220 - INFO -    Data types: ILI
2026-01-10 12:26:29,220 - INFO - Running extraction: /home/david/miniconda3/bin/python enhanced_extract_country_data.py --country Solomon Islands --input data/who_flu_data.csv --output_dir data/extracted_data
2026-01-10 12:26:30,534 - INFO - ✅ Extraction successful for Solomon Islands
2026-01-10 12:26:30,535 - INFO - 🌦️  Attempting chronos inference with weather for Solomon Islands...
2026-01-10 12:26:34,537 - WARNING - ⚠️  Weather failed for Solomon Islands, trying without weather...
2026-01-10 12:26:39,433 - INFO - ✅ Inference successful for Solomon Islands without weather
2026-01-10 12:26:39,434 - INFO - 
🚀 Processing Somalia
2026-01-10 12:26:39,434 - INFO -    ILI cases: 17,492
2026-01-10 12:26:39,434 - INFO -    ARI cases: 0
2026-01-10 12:26:39,434 - INFO -    Data types: ILI
2026-01-10 12:26:39,434 - INFO - Running extraction: /home/david/miniconda3/bin/python enhanced_extract_country_data.py --country Somalia --input data/who_flu_data.csv --output_dir data/extracted_data
2026-01-10 12:26:40,702 - INFO - ✅ Extraction successful for Somalia
2026-01-10 12:26:40,702 - INFO - 🌦️  Attempting chronos inference with weather for Somalia...
2026-01-10 12:26:44,699 - WARNING - ⚠️  Weather failed for Somalia, trying without weather...
2026-01-10 12:26:49,543 - INFO - ✅ Inference successful for Somalia without weather
2026-01-10 12:26:49,543 - INFO - 
🚀 Processing South Africa
2026-01-10 12:26:49,543 - INFO -    ILI cases: 24,450
2026-01-10 12:26:49,543 - INFO -    ARI cases: 0
2026-01-10 12:26:49,543 - INFO -    Data types: ILI
2026-01-10 12:26:49,543 - INFO - Running extraction: /home/david/miniconda3/bin/python enhanced_extract_country_data.py --country South Africa --input data/who_flu_data.csv --output_dir data/extracted_data
2026-01-10 12:26:50,915 - INFO - ✅ Extraction successful for South Africa
2026-01-10 12:26:50,915 - INFO - 🌦️  Attempting chronos inference with weather for South Africa...
2026-01-10 12:26:54,908 - WARNING - ⚠️  Weather failed for South Africa, trying without weather...
2026-01-10 12:26:56,024 - WARNING - 🛑 Processing interrupted by user
2026-01-10 12:26:56,024 - INFO - 
🎉 BATCH PROCESSING COMPLETE
2026-01-10 12:26:56,024 - INFO - ============================================================
2026-01-10 12:26:56,024 - INFO - 📊 SUMMARY STATISTICS:
2026-01-10 12:26:56,024 - INFO -    Total countries in dataset: 186
2026-01-10 12:26:56,025 - INFO -    Countries processed: 146
2026-01-10 12:26:56,025 - INFO -    Countries skipped (no data): 4
2026-01-10 12:26:56,025 - INFO -    Successful extractions: 146
2026-01-10 12:26:56,025 - INFO -    Failed extractions: 0
2026-01-10 12:26:56,025 - INFO -    Successful inferences: 145
2026-01-10 12:26:56,025 - INFO -    Failed inferences: 0
2026-01-10 12:26:56,025 - INFO -    Overall success rate: 79.7%
2026-01-10 12:26:56,025 - INFO - 
🌦️ WEATHER USAGE SUMMARY:
2026-01-10 12:26:56,025 - INFO -    Countries with weather: 96 (66.2%)
2026-01-10 12:26:56,025 - INFO -    Countries without weather: 49 (33.8%)
2026-01-10 12:26:56,025 - INFO - 
📋 COUNTRIES WITHOUT WEATHER DATA:
2026-01-10 12:26:56,025 - INFO -    ❌ Belize
2026-01-10 12:26:56,025 - INFO -    ❌ Bermuda
2026-01-10 12:26:56,025 - INFO -    ❌ Bolivia (Plurinational State of)
2026-01-10 12:26:56,025 - INFO -    ❌ China, Hong Kong SAR
2026-01-10 12:26:56,025 - INFO -    ❌ Côte d’Ivoire
2026-01-10 12:26:56,025 - INFO -    ❌ Democratic Republic of the Congo
2026-01-10 12:26:56,025 - INFO -    ❌ Iceland
2026-01-10 12:26:56,025 - INFO -    ❌ Iran (Islamic Republic of)
2026-01-10 12:26:56,025 - INFO -    ❌ Jamaica
2026-01-10 12:26:56,025 - INFO -    ❌ Jordan
2026-01-10 12:26:56,025 - INFO -    ❌ Kosovo (in accordance with UN Security Council resolution 1244 (1999))
2026-01-10 12:26:56,025 - INFO -    ❌ Lao People's Democratic Republic
2026-01-10 12:26:56,025 - INFO -    ❌ Luxembourg
2026-01-10 12:26:56,025 - INFO -    ❌ Madagascar
2026-01-10 12:26:56,025 - INFO -    ❌ Maldives
2026-01-10 12:26:56,025 - INFO -    ❌ Marshall Islands
2026-01-10 12:26:56,025 - INFO -    ❌ Mauritania
2026-01-10 12:26:56,025 - INFO -    ❌ Mauritius
2026-01-10 12:26:56,026 - INFO -    ❌ Micronesia (Federated States of)
2026-01-10 12:26:56,026 - INFO -    ❌ Montenegro
2026-01-10 12:26:56,026 - INFO -    ❌ Morocco
2026-01-10 12:26:56,026 - INFO -    ❌ Mozambique
2026-01-10 12:26:56,026 - INFO -    ❌ Nepal
2026-01-10 12:26:56,026 - INFO -    ❌ Netherlands (Kingdom of the)
2026-01-10 12:26:56,026 - INFO -    ❌ New Caledonia
2026-01-10 12:26:56,026 - INFO -    ❌ New Zealand
2026-01-10 12:26:56,026 - INFO -    ❌ Nicaragua
2026-01-10 12:26:56,026 - INFO -    ❌ Niger
2026-01-10 12:26:56,026 - INFO -    ❌ Nigeria
2026-01-10 12:26:56,026 - INFO -    ❌ Niue
2026-01-10 12:26:56,026 - INFO -    ❌ North Macedonia
2026-01-10 12:26:56,026 - INFO -    ❌ Oman
2026-01-10 12:26:56,026 - INFO -    ❌ Pakistan
2026-01-10 12:26:56,026 - INFO -    ❌ Panama
2026-01-10 12:26:56,026 - INFO -    ❌ Papua New Guinea
2026-01-10 12:26:56,026 - INFO -    ❌ Paraguay
2026-01-10 12:26:56,026 - INFO -    ❌ Peru
2026-01-10 12:26:56,026 - INFO -    ❌ Pitcairn
2026-01-10 12:26:56,026 - INFO -    ❌ Qatar
2026-01-10 12:26:56,026 - INFO -    ❌ Russian Federation
2026-01-10 12:26:56,026 - INFO -    ❌ Rwanda
2026-01-10 12:26:56,026 - INFO -    ❌ Saint Lucia
2026-01-10 12:26:56,026 - INFO -    ❌ Saudi Arabia
2026-01-10 12:26:56,026 - INFO -    ❌ Senegal
2026-01-10 12:26:56,026 - INFO -    ❌ Serbia
2026-01-10 12:26:56,026 - INFO -    ❌ Sierra Leone
2026-01-10 12:26:56,026 - INFO -    ❌ Singapore
2026-01-10 12:26:56,026 - INFO -    ❌ Solomon Islands
2026-01-10 12:26:56,026 - INFO -    ❌ Somalia
2026-01-10 12:26:56,026 - INFO -    Total processing time: 1146.8 seconds (0.32 hours)
2026-01-10 12:26:56,026 - INFO -    Average time per country: 3.1 seconds
2026-01-10 12:26:56,026 - INFO -    Estimated time for remaining countries: 1.9 minutes
2026-01-10 12:26:56,027 - INFO - 📊 Saved weather usage report with 145 countries
2026-01-10 12:26:56,027 - INFO - ============================================================
2026-01-10 12:26:56,027 - INFO - 📁 RESULTS SAVED TO: results/country_predictions
2026-01-10 12:26:56,027 - INFO - 📁 EXTRACTED DATA IN: data/extracted_data
2026-01-10 12:26:56,027 - INFO - 📄 DETAILED LOG: country_inference_batch.log
2026-01-10 12:26:56,027 - INFO - 📊 WEATHER REPORT: weather_usage_report.csv
2026-01-10 12:31:12,195 - INFO - Loaded country summary with 186 countries
2026-01-10 12:31:12,195 - INFO - 🌍 Starting batch processing of countries...
2026-01-10 12:31:12,195 - INFO - 📊 Total countries to process: 186
2026-01-10 12:31:12,195 - INFO - 
🚀 Processing Afghanistan
2026-01-10 12:31:12,195 - INFO -    ILI cases: 1,517,440
2026-01-10 12:31:12,195 - INFO -    ARI cases: 0
2026-01-10 12:31:12,195 - INFO -    Data types: ILI
2026-01-10 12:31:12,195 - INFO - Running extraction: /home/david/miniconda3/bin/python enhanced_extract_country_data.py --country Afghanistan --input data/who_flu_data.csv --output_dir data/extracted_data
2026-01-10 12:31:13,283 - WARNING - 🛑 Processing interrupted by user
2026-01-10 12:31:13,283 - INFO - 
🎉 BATCH PROCESSING COMPLETE
2026-01-10 12:31:13,283 - INFO - ============================================================
2026-01-10 12:31:13,283 - INFO - 📊 SUMMARY STATISTICS:
2026-01-10 12:31:13,283 - INFO -    Total countries in dataset: 186
2026-01-10 12:31:13,283 - INFO -    Countries processed: 0
2026-01-10 12:31:13,283 - INFO -    Countries skipped (no data): 0
2026-01-10 12:31:13,283 - INFO -    Successful extractions: 0
2026-01-10 12:31:13,283 - INFO -    Failed extractions: 0
2026-01-10 12:31:13,283 - INFO -    Successful inferences: 0
2026-01-10 12:31:13,283 - INFO -    Failed inferences: 0
2026-01-10 12:31:13,283 - INFO -    Overall success rate: 0.0%
2026-01-10 12:31:13,283 - INFO -    Total processing time: 1.1 seconds (0.00 hours)
2026-01-10 12:31:13,283 - INFO - 📊 Saved weather usage report with 0 countries
2026-01-10 12:31:13,283 - INFO - ============================================================
2026-01-10 12:31:13,283 - INFO - 📁 RESULTS SAVED TO: results/country_predictions
2026-01-10 12:31:13,283 - INFO - 📁 EXTRACTED DATA IN: data/extracted_data
2026-01-10 12:31:13,284 - INFO - 📄 DETAILED LOG: country_inference_batch.log
2026-01-10 12:31:13,284 - INFO - 📊 WEATHER REPORT: weather_usage_report.csv
2026-01-10 12:31:16,240 - INFO - Loaded country summary with 186 countries
2026-01-10 12:31:16,240 - INFO - 🌍 Starting batch processing of countries...
2026-01-10 12:31:16,240 - INFO - 📊 Total countries to process: 186
2026-01-10 12:31:16,241 - INFO - 
🚀 Processing Afghanistan
2026-01-10 12:31:16,241 - INFO -    ILI cases: 1,517,440
2026-01-10 12:31:16,241 - INFO -    ARI cases: 0
2026-01-10 12:31:16,241 - INFO -    Data types: ILI
2026-01-10 12:31:16,241 - INFO - Running extraction: /home/david/miniconda3/bin/python enhanced_extract_country_data.py --country Afghanistan --input data/who_flu_data.csv --output_dir data/extracted_data
2026-01-10 12:31:17,545 - INFO - ✅ Extraction successful for Afghanistan
2026-01-10 12:31:17,546 - INFO - 🌦️  Attempting chronos inference with weather for Afghanistan...
2026-01-10 12:31:22,727 - INFO - ✅ Inference successful for Afghanistan with weather
2026-01-10 12:31:22,728 - INFO - 
🚀 Processing Albania
2026-01-10 12:31:22,728 - INFO -    ILI cases: 10,008
2026-01-10 12:31:22,728 - INFO -    ARI cases: 16,503,801
2026-01-10 12:31:22,728 - INFO -    Data types: ARI, ILI
2026-01-10 12:31:22,728 - INFO - Running extraction: /home/david/miniconda3/bin/python enhanced_extract_country_data.py --country Albania --input data/who_flu_data.csv --output_dir data/extracted_data
2026-01-10 12:31:24,042 - INFO - ✅ Extraction successful for Albania
2026-01-10 12:31:24,042 - INFO - 🌦️  Attempting chronos inference with weather for Albania...
2026-01-10 12:31:29,376 - INFO - ✅ Inference successful for Albania with weather
2026-01-10 12:31:29,377 - INFO - 
🚀 Processing Algeria
2026-01-10 12:31:29,377 - INFO -    ILI cases: 72,349
2026-01-10 12:31:29,377 - INFO -    ARI cases: 0
2026-01-10 12:31:29,377 - INFO -    Data types: ILI
2026-01-10 12:31:29,377 - INFO - Running extraction: /home/david/miniconda3/bin/python enhanced_extract_country_data.py --country Algeria --input data/who_flu_data.csv --output_dir data/extracted_data
2026-01-10 12:31:30,672 - INFO - ✅ Extraction successful for Algeria
2026-01-10 12:31:30,672 - INFO - 🌦️  Attempting chronos inference with weather for Algeria...
2026-01-10 12:31:35,658 - INFO - ✅ Inference successful for Algeria with weather
2026-01-10 12:31:35,658 - INFO - 
🚀 Processing American Samoa
2026-01-10 12:31:35,658 - INFO -    ILI cases: 23,645
2026-01-10 12:31:35,658 - INFO -    ARI cases: 0
2026-01-10 12:31:35,658 - INFO -    Data types: ILI
2026-01-10 12:31:35,658 - INFO - Running extraction: /home/david/miniconda3/bin/python enhanced_extract_country_data.py --country American Samoa --input data/who_flu_data.csv --output_dir data/extracted_data
2026-01-10 12:31:36,947 - INFO - ✅ Extraction successful for American Samoa
2026-01-10 12:31:36,947 - INFO - 🌦️  Attempting chronos inference with weather for American Samoa...
2026-01-10 12:31:42,058 - INFO - ✅ Inference successful for American Samoa with weather
2026-01-10 12:31:42,059 - INFO - 
🚀 Processing Anguilla
2026-01-10 12:31:42,059 - INFO -    ILI cases: 815
2026-01-10 12:31:42,059 - INFO -    ARI cases: 0
2026-01-10 12:31:42,059 - INFO -    Data types: ILI
2026-01-10 12:31:42,059 - INFO - Running extraction: /home/david/miniconda3/bin/python enhanced_extract_country_data.py --country Anguilla --input data/who_flu_data.csv --output_dir data/extracted_data
2026-01-10 12:31:43,364 - INFO - ✅ Extraction successful for Anguilla
2026-01-10 12:31:43,364 - INFO - 🌦️  Attempting chronos inference with weather for Anguilla...
2026-01-10 12:31:48,260 - INFO - ✅ Inference successful for Anguilla with weather
2026-01-10 12:31:48,260 - INFO - 
📈 PROGRESS UPDATE
2026-01-10 12:31:48,260 - INFO -    Countries processed: 5/186
2026-01-10 12:31:48,260 - INFO -    Successful extractions: 5
2026-01-10 12:31:48,260 - INFO -    Failed extractions: 0
2026-01-10 12:31:48,260 - INFO -    Successful inferences: 5
2026-01-10 12:31:48,260 - INFO -    Failed inferences: 0
2026-01-10 12:31:48,260 - INFO -    Skipped countries: 0
2026-01-10 12:31:48,260 - INFO -    Average processing time: 3.2s per country
2026-01-10 12:31:48,260 - INFO - 
🚀 Processing Antigua and Barbuda
2026-01-10 12:31:48,260 - INFO -    ILI cases: 4,093
2026-01-10 12:31:48,260 - INFO -    ARI cases: 0
2026-01-10 12:31:48,260 - INFO -    Data types: ILI
2026-01-10 12:31:48,260 - INFO - Running extraction: /home/david/miniconda3/bin/python enhanced_extract_country_data.py --country Antigua and Barbuda --input data/who_flu_data.csv --output_dir data/extracted_data
2026-01-10 12:31:49,564 - INFO - ✅ Extraction successful for Antigua and Barbuda
2026-01-10 12:31:49,564 - INFO - 🌦️  Attempting chronos inference with weather for Antigua and Barbuda...
2026-01-10 12:31:54,458 - INFO - ✅ Inference successful for Antigua and Barbuda with weather
2026-01-10 12:31:54,458 - INFO - 
🚀 Processing Argentina
2026-01-10 12:31:54,458 - INFO -    ILI cases: 19,019,429
2026-01-10 12:31:54,458 - INFO -    ARI cases: 2,789,474
2026-01-10 12:31:54,458 - INFO -    Data types: ARI, ILI
2026-01-10 12:31:54,458 - INFO - Running extraction: /home/david/miniconda3/bin/python enhanced_extract_country_data.py --country Argentina --input data/who_flu_data.csv --output_dir data/extracted_data
2026-01-10 12:31:55,759 - INFO - ✅ Extraction successful for Argentina
2026-01-10 12:31:55,759 - INFO - 🌦️  Attempting chronos inference with weather for Argentina...
2026-01-10 12:32:01,006 - INFO - ✅ Inference successful for Argentina with weather
2026-01-10 12:32:01,006 - INFO - 
🚀 Processing Armenia
2026-01-10 12:32:01,006 - INFO -    ILI cases: 14,492
2026-01-10 12:32:01,006 - INFO -    ARI cases: 5,287,920
2026-01-10 12:32:01,006 - INFO -    Data types: ARI, ILI
2026-01-10 12:32:01,006 - INFO - Running extraction: /home/david/miniconda3/bin/python enhanced_extract_country_data.py --country Armenia --input data/who_flu_data.csv --output_dir data/extracted_data
2026-01-10 12:32:02,315 - INFO - ✅ Extraction successful for Armenia
2026-01-10 12:32:02,316 - INFO - 🌦️  Attempting chronos inference with weather for Armenia...
2026-01-10 12:32:07,619 - INFO - ✅ Inference successful for Armenia with weather
2026-01-10 12:32:07,619 - INFO - 🔮 Skipping Aruba - no ILI or ARI data available
2026-01-10 12:32:07,619 - INFO - 
🚀 Processing Australia
2026-01-10 12:32:07,619 - INFO -    ILI cases: 81,414
2026-01-10 12:32:07,619 - INFO -    ARI cases: 0
2026-01-10 12:32:07,619 - INFO -    Data types: ILI
2026-01-10 12:32:07,619 - INFO - Running extraction: /home/david/miniconda3/bin/python enhanced_extract_country_data.py --country Australia --input data/who_flu_data.csv --output_dir data/extracted_data
2026-01-10 12:32:08,929 - INFO - ✅ Extraction successful for Australia
2026-01-10 12:32:08,929 - INFO - 🌦️  Attempting chronos inference with weather for Australia...
2026-01-10 12:32:14,152 - INFO - ✅ Inference successful for Australia with weather
2026-01-10 12:32:14,152 - INFO - 
📈 PROGRESS UPDATE
2026-01-10 12:32:14,152 - INFO -    Countries processed: 10/186
2026-01-10 12:32:14,152 - INFO -    Successful extractions: 9
2026-01-10 12:32:14,152 - INFO -    Failed extractions: 0
2026-01-10 12:32:14,152 - INFO -    Successful inferences: 9
2026-01-10 12:32:14,153 - INFO -    Failed inferences: 0
2026-01-10 12:32:14,153 - INFO -    Skipped countries: 1
2026-01-10 12:32:14,153 - INFO -    Average processing time: 3.2s per country
2026-01-10 12:32:14,153 - INFO - 
🚀 Processing Austria
2026-01-10 12:32:14,154 - INFO -    ILI cases: 371,646
2026-01-10 12:32:14,154 - INFO -    ARI cases: 0
2026-01-10 12:32:14,154 - INFO -    Data types: ARI, ILI
2026-01-10 12:32:14,154 - INFO - Running extraction: /home/david/miniconda3/bin/python enhanced_extract_country_data.py --country Austria --input data/who_flu_data.csv --output_dir data/extracted_data
2026-01-10 12:32:15,450 - INFO - ✅ Extraction successful for Austria
2026-01-10 12:32:15,450 - INFO - 🌦️  Attempting chronos inference with weather for Austria...
2026-01-10 12:32:20,788 - INFO - ✅ Inference successful for Austria with weather
2026-01-10 12:32:20,788 - INFO - 
🚀 Processing Azerbaijan
2026-01-10 12:32:20,788 - INFO -    ILI cases: 937,386
2026-01-10 12:32:20,788 - INFO -    ARI cases: 176,742
2026-01-10 12:32:20,788 - INFO -    Data types: ARI, ILI
2026-01-10 12:32:20,789 - INFO - Running extraction: /home/david/miniconda3/bin/python enhanced_extract_country_data.py --country Azerbaijan --input data/who_flu_data.csv --output_dir data/extracted_data
2026-01-10 12:32:22,088 - INFO - ✅ Extraction successful for Azerbaijan
2026-01-10 12:32:22,089 - INFO - 🌦️  Attempting chronos inference with weather for Azerbaijan...
2026-01-10 12:32:27,536 - INFO - ✅ Inference successful for Azerbaijan with weather
2026-01-10 12:32:27,537 - INFO - 
🚀 Processing Bahamas
2026-01-10 12:32:27,537 - INFO -    ILI cases: 5,803
2026-01-10 12:32:27,537 - INFO -    ARI cases: 1,413
2026-01-10 12:32:27,537 - INFO -    Data types: ARI, ILI
2026-01-10 12:32:27,537 - INFO - Running extraction: /home/david/miniconda3/bin/python enhanced_extract_country_data.py --country Bahamas --input data/who_flu_data.csv --output_dir data/extracted_data
2026-01-10 12:32:28,829 - INFO - ✅ Extraction successful for Bahamas
2026-01-10 12:32:28,829 - INFO - 🌦️  Attempting chronos inference with weather for Bahamas...
2026-01-10 12:32:33,927 - INFO - ✅ Inference successful for Bahamas with weather
2026-01-10 12:32:33,927 - INFO - 
🚀 Processing Bahrain
2026-01-10 12:32:33,927 - INFO -    ILI cases: 516,296
2026-01-10 12:32:33,927 - INFO -    ARI cases: 0
2026-01-10 12:32:33,927 - INFO -    Data types: ILI
2026-01-10 12:32:33,927 - INFO - Running extraction: /home/david/miniconda3/bin/python enhanced_extract_country_data.py --country Bahrain --input data/who_flu_data.csv --output_dir data/extracted_data
2026-01-10 12:32:35,236 - INFO - ✅ Extraction successful for Bahrain
2026-01-10 12:32:35,237 - INFO - 🌦️  Attempting chronos inference with weather for Bahrain...
2026-01-10 12:32:40,430 - INFO - ✅ Inference successful for Bahrain with weather
2026-01-10 12:32:40,430 - INFO - 
🚀 Processing Bangladesh
2026-01-10 12:32:40,430 - INFO -    ILI cases: 74,045
2026-01-10 12:32:40,430 - INFO -    ARI cases: 0
2026-01-10 12:32:40,430 - INFO -    Data types: ILI
2026-01-10 12:32:40,430 - INFO - Running extraction: /home/david/miniconda3/bin/python enhanced_extract_country_data.py --country Bangladesh --input data/who_flu_data.csv --output_dir data/extracted_data
2026-01-10 12:32:41,755 - INFO - ✅ Extraction successful for Bangladesh
2026-01-10 12:32:41,755 - INFO - 🌦️  Attempting chronos inference with weather for Bangladesh...
2026-01-10 12:32:46,966 - INFO - ✅ Inference successful for Bangladesh with weather
2026-01-10 12:32:46,966 - INFO - 
📈 PROGRESS UPDATE
2026-01-10 12:32:46,966 - INFO -    Countries processed: 15/186
2026-01-10 12:32:46,966 - INFO -    Successful extractions: 14
2026-01-10 12:32:46,966 - INFO -    Failed extractions: 0
2026-01-10 12:32:46,966 - INFO -    Successful inferences: 14
2026-01-10 12:32:46,966 - INFO -    Failed inferences: 0
2026-01-10 12:32:46,966 - INFO -    Skipped countries: 1
2026-01-10 12:32:46,967 - INFO -    Average processing time: 3.2s per country
2026-01-10 12:32:46,967 - INFO - 
🚀 Processing Barbados
2026-01-10 12:32:46,967 - INFO -    ILI cases: 8,328
2026-01-10 12:32:46,967 - INFO -    ARI cases: 9,207
2026-01-10 12:32:46,967 - INFO -    Data types: ARI, ILI
2026-01-10 12:32:46,967 - INFO - Running extraction: /home/david/miniconda3/bin/python enhanced_extract_country_data.py --country Barbados --input data/who_flu_data.csv --output_dir data/extracted_data
2026-01-10 12:32:48,256 - INFO - ✅ Extraction successful for Barbados
2026-01-10 12:32:48,256 - INFO - 🌦️  Attempting chronos inference with weather for Barbados...
2026-01-10 12:32:53,526 - INFO - ✅ Inference successful for Barbados with weather
2026-01-10 12:32:53,526 - INFO - 
🚀 Processing Belarus
2026-01-10 12:32:53,526 - INFO -    ILI cases: 45,330
2026-01-10 12:32:53,527 - INFO -    ARI cases: 69,991,357
2026-01-10 12:32:53,527 - INFO -    Data types: ARI, ILI
2026-01-10 12:32:53,527 - INFO - Running extraction: /home/david/miniconda3/bin/python enhanced_extract_country_data.py --country Belarus --input data/who_flu_data.csv --output_dir data/extracted_data
2026-01-10 12:32:54,839 - INFO - ✅ Extraction successful for Belarus
2026-01-10 12:32:54,839 - INFO - 🌦️  Attempting chronos inference with weather for Belarus...
2026-01-10 12:33:00,106 - INFO - ✅ Inference successful for Belarus with weather
2026-01-10 12:33:00,106 - INFO - 
🚀 Processing Belgium
2026-01-10 12:33:00,106 - INFO -    ILI cases: 221,398
2026-01-10 12:33:00,106 - INFO -    ARI cases: 2,111,161
2026-01-10 12:33:00,106 - INFO -    Data types: ARI, ILI
2026-01-10 12:33:00,106 - INFO - Running extraction: /home/david/miniconda3/bin/python enhanced_extract_country_data.py --country Belgium --input data/who_flu_data.csv --output_dir data/extracted_data
2026-01-10 12:33:01,404 - INFO - ✅ Extraction successful for Belgium
2026-01-10 12:33:01,404 - INFO - 🌦️  Attempting chronos inference with weather for Belgium...
2026-01-10 12:33:06,713 - INFO - ✅ Inference successful for Belgium with weather
2026-01-10 12:33:06,713 - INFO - 
🚀 Processing Belize
2026-01-10 12:33:06,713 - INFO -    ILI cases: 61,475
2026-01-10 12:33:06,713 - INFO -    ARI cases: 0
2026-01-10 12:33:06,713 - INFO -    Data types: ILI
2026-01-10 12:33:06,713 - INFO - Running extraction: /home/david/miniconda3/bin/python enhanced_extract_country_data.py --country Belize --input data/who_flu_data.csv --output_dir data/extracted_data
2026-01-10 12:33:08,034 - INFO - ✅ Extraction successful for Belize
2026-01-10 12:33:08,034 - INFO - 🌦️  Attempting chronos inference with weather for Belize...
2026-01-10 12:33:11,984 - WARNING - ⚠️  Weather failed for Belize, trying without weather...
2026-01-10 12:33:16,716 - INFO - ✅ Inference successful for Belize without weather
2026-01-10 12:33:16,716 - INFO - 
🚀 Processing Bermuda
2026-01-10 12:33:16,716 - INFO -    ILI cases: 1,786
2026-01-10 12:33:16,716 - INFO -    ARI cases: 0
2026-01-10 12:33:16,716 - INFO -    Data types: ILI
2026-01-10 12:33:16,716 - INFO - Running extraction: /home/david/miniconda3/bin/python enhanced_extract_country_data.py --country Bermuda --input data/who_flu_data.csv --output_dir data/extracted_data
2026-01-10 12:33:18,017 - INFO - ✅ Extraction successful for Bermuda
2026-01-10 12:33:18,017 - INFO - 🌦️  Attempting chronos inference with weather for Bermuda...
2026-01-10 12:33:22,886 - INFO - ✅ Inference successful for Bermuda with weather
2026-01-10 12:33:22,886 - INFO - 
📈 PROGRESS UPDATE
2026-01-10 12:33:22,886 - INFO -    Countries processed: 20/186
2026-01-10 12:33:22,886 - INFO -    Successful extractions: 19
2026-01-10 12:33:22,886 - INFO -    Failed extractions: 0
2026-01-10 12:33:22,886 - INFO -    Successful inferences: 19
2026-01-10 12:33:22,886 - INFO -    Failed inferences: 0
2026-01-10 12:33:22,887 - INFO -    Skipped countries: 1
2026-01-10 12:33:22,887 - INFO -    Average processing time: 3.2s per country
2026-01-10 12:33:22,887 - INFO - 
🚀 Processing Bhutan
2026-01-10 12:33:22,887 - INFO -    ILI cases: 244,930
2026-01-10 12:33:22,887 - INFO -    ARI cases: 0
2026-01-10 12:33:22,887 - INFO -    Data types: ILI
2026-01-10 12:33:22,887 - INFO - Running extraction: /home/david/miniconda3/bin/python enhanced_extract_country_data.py --country Bhutan --input data/who_flu_data.csv --output_dir data/extracted_data
2026-01-10 12:33:24,183 - INFO - ✅ Extraction successful for Bhutan
2026-01-10 12:33:24,183 - INFO - 🌦️  Attempting chronos inference with weather for Bhutan...
2026-01-10 12:33:29,544 - INFO - ✅ Inference successful for Bhutan with weather
2026-01-10 12:33:29,544 - INFO - 
🚀 Processing Bolivia (Plurinational State of)
2026-01-10 12:33:29,544 - INFO -    ILI cases: 7,358
2026-01-10 12:33:29,544 - INFO -    ARI cases: 5,811,234
2026-01-10 12:33:29,544 - INFO -    Data types: ARI, ILI
2026-01-10 12:33:29,544 - INFO - Running extraction: /home/david/miniconda3/bin/python enhanced_extract_country_data.py --country Bolivia (Plurinational State of) --input data/who_flu_data.csv --output_dir data/extracted_data
2026-01-10 12:33:30,853 - INFO - ✅ Extraction successful for Bolivia (Plurinational State of)
2026-01-10 12:33:30,853 - INFO - 🌦️  Attempting chronos inference with weather for Bolivia (Plurinational State of)...
2026-01-10 12:33:34,712 - WARNING - ⚠️  Weather failed for Bolivia (Plurinational State of), trying without weather...
2026-01-10 12:33:39,474 - INFO - ✅ Inference successful for Bolivia (Plurinational State of) without weather
2026-01-10 12:33:39,475 - INFO - 
🚀 Processing Bonaire, Sint Eustatius and Saba
2026-01-10 12:33:39,476 - INFO -    ILI cases: 2,096
2026-01-10 12:33:39,476 - INFO -    ARI cases: 0
2026-01-10 12:33:39,476 - INFO -    Data types: ILI
2026-01-10 12:33:39,476 - INFO - Running extraction: /home/david/miniconda3/bin/python enhanced_extract_country_data.py --country Bonaire, Sint Eustatius and Saba --input data/who_flu_data.csv --output_dir data/extracted_data
2026-01-10 12:33:40,777 - INFO - ✅ Extraction successful for Bonaire, Sint Eustatius and Saba
2026-01-10 12:33:40,778 - INFO - 🌦️  Attempting chronos inference with weather for Bonaire, Sint Eustatius and Saba...
2026-01-10 12:33:45,689 - INFO - ✅ Inference successful for Bonaire, Sint Eustatius and Saba with weather
2026-01-10 12:33:45,689 - INFO - 
🚀 Processing Bosnia and Herzegovina
2026-01-10 12:33:45,690 - INFO -    ILI cases: 44,138
2026-01-10 12:33:45,690 - INFO -    ARI cases: 119,458
2026-01-10 12:33:45,690 - INFO -    Data types: ARI, ILI
2026-01-10 12:33:45,690 - INFO - Running extraction: /home/david/miniconda3/bin/python enhanced_extract_country_data.py --country Bosnia and Herzegovina --input data/who_flu_data.csv --output_dir data/extracted_data
2026-01-10 12:33:46,993 - INFO - ✅ Extraction successful for Bosnia and Herzegovina
2026-01-10 12:33:46,993 - INFO - 🌦️  Attempting chronos inference with weather for Bosnia and Herzegovina...
2026-01-10 12:33:52,272 - INFO - ✅ Inference successful for Bosnia and Herzegovina with weather
2026-01-10 12:33:52,273 - INFO - 
🚀 Processing Brazil
2026-01-10 12:33:52,273 - INFO -    ILI cases: 20,828,951
2026-01-10 12:33:52,273 - INFO -    ARI cases: 0
2026-01-10 12:33:52,273 - INFO -    Data types: ILI
2026-01-10 12:33:52,273 - INFO - Running extraction: /home/david/miniconda3/bin/python enhanced_extract_country_data.py --country Brazil --input data/who_flu_data.csv --output_dir data/extracted_data
2026-01-10 12:33:53,566 - INFO - ✅ Extraction successful for Brazil
2026-01-10 12:33:53,566 - INFO - 🌦️  Attempting chronos inference with weather for Brazil...
2026-01-10 12:33:58,732 - INFO - ✅ Inference successful for Brazil with weather
2026-01-10 12:33:58,732 - INFO - 
📈 PROGRESS UPDATE
2026-01-10 12:33:58,732 - INFO -    Countries processed: 25/186
2026-01-10 12:33:58,732 - INFO -    Successful extractions: 24
2026-01-10 12:33:58,732 - INFO -    Failed extractions: 0
2026-01-10 12:33:58,732 - INFO -    Successful inferences: 24
2026-01-10 12:33:58,732 - INFO -    Failed inferences: 0
2026-01-10 12:33:58,733 - INFO -    Skipped countries: 1
2026-01-10 12:33:58,733 - INFO -    Average processing time: 3.2s per country
2026-01-10 12:33:58,733 - INFO - 
🚀 Processing British Virgin Islands
2026-01-10 12:33:58,733 - INFO -    ILI cases: 1,582
2026-01-10 12:33:58,733 - INFO -    ARI cases: 0
2026-01-10 12:33:58,733 - INFO -    Data types: ILI
2026-01-10 12:33:58,733 - INFO - Running extraction: /home/david/miniconda3/bin/python enhanced_extract_country_data.py --country British Virgin Islands --input data/who_flu_data.csv --output_dir data/extracted_data
2026-01-10 12:34:00,043 - INFO - ✅ Extraction successful for British Virgin Islands
2026-01-10 12:34:00,043 - INFO - 🌦️  Attempting chronos inference with weather for British Virgin Islands...
2026-01-10 12:34:04,963 - INFO - ✅ Inference successful for British Virgin Islands with weather
2026-01-10 12:34:04,964 - INFO - 
🚀 Processing Brunei Darussalam
2026-01-10 12:34:04,964 - INFO -    ILI cases: 1,451,170
2026-01-10 12:34:04,964 - INFO -    ARI cases: 0
2026-01-10 12:34:04,964 - INFO -    Data types: ILI
2026-01-10 12:34:04,964 - INFO - Running extraction: /home/david/miniconda3/bin/python enhanced_extract_country_data.py --country Brunei Darussalam --input data/who_flu_data.csv --output_dir data/extracted_data
2026-01-10 12:34:06,288 - INFO - ✅ Extraction successful for Brunei Darussalam
2026-01-10 12:34:06,289 - INFO - 🌦️  Attempting chronos inference with weather for Brunei Darussalam...
2026-01-10 12:34:11,224 - INFO - ✅ Inference successful for Brunei Darussalam with weather
2026-01-10 12:34:11,224 - INFO - 
🚀 Processing Bulgaria
2026-01-10 12:34:11,224 - INFO -    ILI cases: 0
2026-01-10 12:34:11,224 - INFO -    ARI cases: 4,166,871
2026-01-10 12:34:11,224 - INFO -    Data types: ARI, ILI
2026-01-10 12:34:11,224 - INFO - Running extraction: /home/david/miniconda3/bin/python enhanced_extract_country_data.py --country Bulgaria --input data/who_flu_data.csv --output_dir data/extracted_data
2026-01-10 12:34:12,557 - INFO - ✅ Extraction successful for Bulgaria
2026-01-10 12:34:12,557 - INFO - 🌦️  Attempting chronos inference with weather for Bulgaria...
2026-01-10 12:34:17,858 - INFO - ✅ Inference successful for Bulgaria with weather
2026-01-10 12:34:17,858 - INFO - 
🚀 Processing Burkina Faso
2026-01-10 12:34:17,858 - INFO -    ILI cases: 0
2026-01-10 12:34:17,858 - INFO -    ARI cases: 3,464
2026-01-10 12:34:17,858 - INFO -    Data types: ARI
2026-01-10 12:34:17,858 - INFO - Running extraction: /home/david/miniconda3/bin/python enhanced_extract_country_data.py --country Burkina Faso --input data/who_flu_data.csv --output_dir data/extracted_data
2026-01-10 12:34:19,161 - INFO - ✅ Extraction successful for Burkina Faso
2026-01-10 12:34:19,161 - INFO - 🌦️  Attempting chronos inference with weather for Burkina Faso...
2026-01-10 12:34:24,022 - INFO - ✅ Inference successful for Burkina Faso with weather
2026-01-10 12:34:24,022 - INFO - 
🚀 Processing Cambodia
2026-01-10 12:34:24,022 - INFO -    ILI cases: 171,958
2026-01-10 12:34:24,022 - INFO -    ARI cases: 0
2026-01-10 12:34:24,022 - INFO -    Data types: ILI
2026-01-10 12:34:24,022 - INFO - Running extraction: /home/david/miniconda3/bin/python enhanced_extract_country_data.py --country Cambodia --input data/who_flu_data.csv --output_dir data/extracted_data
2026-01-10 12:34:25,312 - INFO - ✅ Extraction successful for Cambodia
2026-01-10 12:34:25,312 - INFO - 🌦️  Attempting chronos inference with weather for Cambodia...
2026-01-10 12:34:30,453 - INFO - ✅ Inference successful for Cambodia with weather
2026-01-10 12:34:30,453 - INFO - 
📈 PROGRESS UPDATE
2026-01-10 12:34:30,453 - INFO -    Countries processed: 30/186
2026-01-10 12:34:30,453 - INFO -    Successful extractions: 29
2026-01-10 12:34:30,453 - INFO -    Failed extractions: 0
2026-01-10 12:34:30,453 - INFO -    Successful inferences: 29
2026-01-10 12:34:30,453 - INFO -    Failed inferences: 0
2026-01-10 12:34:30,453 - INFO -    Skipped countries: 1
2026-01-10 12:34:30,454 - INFO -    Average processing time: 3.2s per country
2026-01-10 12:34:30,454 - INFO - 
🚀 Processing Cameroon
2026-01-10 12:34:30,454 - INFO -    ILI cases: 36,779
2026-01-10 12:34:30,454 - INFO -    ARI cases: 36,188
2026-01-10 12:34:30,454 - INFO -    Data types: ARI, ILI
2026-01-10 12:34:30,454 - INFO - Running extraction: /home/david/miniconda3/bin/python enhanced_extract_country_data.py --country Cameroon --input data/who_flu_data.csv --output_dir data/extracted_data
2026-01-10 12:34:31,753 - INFO - ✅ Extraction successful for Cameroon
2026-01-10 12:34:31,753 - INFO - 🌦️  Attempting chronos inference with weather for Cameroon...
2026-01-10 12:34:36,999 - INFO - ✅ Inference successful for Cameroon with weather
2026-01-10 12:34:36,999 - INFO - 
🚀 Processing Canada
2026-01-10 12:34:36,999 - INFO -    ILI cases: 17,317
2026-01-10 12:34:36,999 - INFO -    ARI cases: 0
2026-01-10 12:34:36,999 - INFO -    Data types: ILI
2026-01-10 12:34:36,999 - INFO - Running extraction: /home/david/miniconda3/bin/python enhanced_extract_country_data.py --country Canada --input data/who_flu_data.csv --output_dir data/extracted_data
2026-01-10 12:34:38,320 - INFO - ✅ Extraction successful for Canada
2026-01-10 12:34:38,321 - INFO - 🌦️  Attempting chronos inference with weather for Canada...
2026-01-10 12:34:43,953 - INFO - ✅ Inference successful for Canada with weather
2026-01-10 12:34:43,954 - INFO - 
🚀 Processing Cayman Islands
2026-01-10 12:34:43,954 - INFO -    ILI cases: 4,742
2026-01-10 12:34:43,954 - INFO -    ARI cases: 6,364
2026-01-10 12:34:43,954 - INFO -    Data types: ARI, ILI
2026-01-10 12:34:43,954 - INFO - Running extraction: /home/david/miniconda3/bin/python enhanced_extract_country_data.py --country Cayman Islands --input data/who_flu_data.csv --output_dir data/extracted_data
2026-01-10 12:34:45,234 - INFO - ✅ Extraction successful for Cayman Islands
2026-01-10 12:34:45,234 - INFO - 🌦️  Attempting chronos inference with weather for Cayman Islands...
2026-01-10 12:34:50,437 - INFO - ✅ Inference successful for Cayman Islands with weather
2026-01-10 12:34:50,437 - INFO - 
🚀 Processing Central African Republic
2026-01-10 12:34:50,438 - INFO -    ILI cases: 14,099
2026-01-10 12:34:50,438 - INFO -    ARI cases: 1,512
2026-01-10 12:34:50,438 - INFO -    Data types: ARI, ILI
2026-01-10 12:34:50,438 - INFO - Running extraction: /home/david/miniconda3/bin/python enhanced_extract_country_data.py --country Central African Republic --input data/who_flu_data.csv --output_dir data/extracted_data
2026-01-10 12:34:51,744 - INFO - ✅ Extraction successful for Central African Republic
2026-01-10 12:34:51,744 - INFO - 🌦️  Attempting chronos inference with weather for Central African Republic...
2026-01-10 12:34:56,744 - INFO - ✅ Inference successful for Central African Republic with weather
2026-01-10 12:34:56,744 - INFO - 
🚀 Processing Chile
2026-01-10 12:34:56,744 - INFO -    ILI cases: 159,225
2026-01-10 12:34:56,744 - INFO -    ARI cases: 0
2026-01-10 12:34:56,744 - INFO -    Data types: ILI
2026-01-10 12:34:56,744 - INFO - Running extraction: /home/david/miniconda3/bin/python enhanced_extract_country_data.py --country Chile --input data/who_flu_data.csv --output_dir data/extracted_data
2026-01-10 12:34:58,039 - INFO - ✅ Extraction successful for Chile
2026-01-10 12:34:58,039 - INFO - 🌦️  Attempting chronos inference with weather for Chile...
2026-01-10 12:35:03,175 - INFO - ✅ Inference successful for Chile with weather
2026-01-10 12:35:03,175 - INFO - 
📈 PROGRESS UPDATE
2026-01-10 12:35:03,175 - INFO -    Countries processed: 35/186
2026-01-10 12:35:03,175 - INFO -    Successful extractions: 34
2026-01-10 12:35:03,175 - INFO -    Failed extractions: 0
2026-01-10 12:35:03,175 - INFO -    Successful inferences: 34
2026-01-10 12:35:03,175 - INFO -    Failed inferences: 0
2026-01-10 12:35:03,175 - INFO -    Skipped countries: 1
2026-01-10 12:35:03,175 - INFO -    Average processing time: 3.2s per country
2026-01-10 12:35:03,176 - INFO - 
🚀 Processing China, Hong Kong SAR
2026-01-10 12:35:03,176 - INFO -    ILI cases: 18,177
2026-01-10 12:35:03,176 - INFO -    ARI cases: 0
2026-01-10 12:35:03,176 - INFO -    Data types: ILI
2026-01-10 12:35:03,176 - INFO - Running extraction: /home/david/miniconda3/bin/python enhanced_extract_country_data.py --country China, Hong Kong SAR --input data/who_flu_data.csv --output_dir data/extracted_data
2026-01-10 12:35:04,484 - INFO - ✅ Extraction successful for China, Hong Kong SAR
2026-01-10 12:35:04,484 - INFO - 🌦️  Attempting chronos inference with weather for China, Hong Kong SAR...
2026-01-10 12:35:08,355 - WARNING - ⚠️  Weather failed for China, Hong Kong SAR, trying without weather...
2026-01-10 12:35:13,119 - INFO - ✅ Inference successful for China, Hong Kong SAR without weather
2026-01-10 12:35:13,120 - INFO - 
🚀 Processing Colombia
2026-01-10 12:35:13,120 - INFO -    ILI cases: 194,969
2026-01-10 12:35:13,120 - INFO -    ARI cases: 177,611,322
2026-01-10 12:35:13,120 - INFO -    Data types: ARI, ILI
2026-01-10 12:35:13,120 - INFO - Running extraction: /home/david/miniconda3/bin/python enhanced_extract_country_data.py --country Colombia --input data/who_flu_data.csv --output_dir data/extracted_data
2026-01-10 12:35:14,427 - INFO - ✅ Extraction successful for Colombia
2026-01-10 12:35:14,427 - INFO - 🌦️  Attempting chronos inference with weather for Colombia...
2026-01-10 12:35:19,617 - INFO - ✅ Inference successful for Colombia with weather
2026-01-10 12:35:19,617 - INFO - 
🚀 Processing Cook Islands
2026-01-10 12:35:19,617 - INFO -    ILI cases: 3,586
2026-01-10 12:35:19,617 - INFO -    ARI cases: 0
2026-01-10 12:35:19,617 - INFO -    Data types: ILI
2026-01-10 12:35:19,617 - INFO - Running extraction: /home/david/miniconda3/bin/python enhanced_extract_country_data.py --country Cook Islands --input data/who_flu_data.csv --output_dir data/extracted_data
2026-01-10 12:35:20,911 - INFO - ✅ Extraction successful for Cook Islands
2026-01-10 12:35:20,911 - INFO - 🌦️  Attempting chronos inference with weather for Cook Islands...
2026-01-10 12:35:26,303 - INFO - ✅ Inference successful for Cook Islands with weather
2026-01-10 12:35:26,304 - INFO - 
🚀 Processing Costa Rica
2026-01-10 12:35:26,304 - INFO -    ILI cases: 340,575
2026-01-10 12:35:26,304 - INFO -    ARI cases: 0
2026-01-10 12:35:26,304 - INFO -    Data types: ILI
2026-01-10 12:35:26,304 - INFO - Running extraction: /home/david/miniconda3/bin/python enhanced_extract_country_data.py --country Costa Rica --input data/who_flu_data.csv --output_dir data/extracted_data
2026-01-10 12:35:27,623 - INFO - ✅ Extraction successful for Costa Rica
2026-01-10 12:35:27,623 - INFO - 🌦️  Attempting chronos inference with weather for Costa Rica...
2026-01-10 12:35:32,966 - INFO - ✅ Inference successful for Costa Rica with weather
2026-01-10 12:35:32,967 - INFO - 
🚀 Processing Croatia
2026-01-10 12:35:32,967 - INFO -    ILI cases: 1,182,789
2026-01-10 12:35:32,967 - INFO -    ARI cases: 0
2026-01-10 12:35:32,967 - INFO -    Data types: ARI, ILI
2026-01-10 12:35:32,967 - INFO - Running extraction: /home/david/miniconda3/bin/python enhanced_extract_country_data.py --country Croatia --input data/who_flu_data.csv --output_dir data/extracted_data
2026-01-10 12:35:34,274 - INFO - ✅ Extraction successful for Croatia
2026-01-10 12:35:34,274 - INFO - 🌦️  Attempting chronos inference with weather for Croatia...
2026-01-10 12:35:39,543 - INFO - ✅ Inference successful for Croatia with weather
2026-01-10 12:35:39,543 - INFO - 
📈 PROGRESS UPDATE
2026-01-10 12:35:39,543 - INFO -    Countries processed: 40/186
2026-01-10 12:35:39,543 - INFO -    Successful extractions: 39
2026-01-10 12:35:39,543 - INFO -    Failed extractions: 0
2026-01-10 12:35:39,543 - INFO -    Successful inferences: 39
2026-01-10 12:35:39,544 - INFO -    Failed inferences: 0
2026-01-10 12:35:39,544 - INFO -    Skipped countries: 1
2026-01-10 12:35:39,544 - INFO -    Average processing time: 3.2s per country
2026-01-10 12:35:39,544 - INFO - 
🚀 Processing Cuba
2026-01-10 12:35:39,544 - INFO -    ILI cases: 5,960
2026-01-10 12:35:39,544 - INFO -    ARI cases: 0
2026-01-10 12:35:39,544 - INFO -    Data types: ILI
2026-01-10 12:35:39,544 - INFO - Running extraction: /home/david/miniconda3/bin/python enhanced_extract_country_data.py --country Cuba --input data/who_flu_data.csv --output_dir data/extracted_data
2026-01-10 12:35:40,841 - INFO - ✅ Extraction successful for Cuba
2026-01-10 12:35:40,841 - INFO - 🌦️  Attempting chronos inference with weather for Cuba...
2026-01-10 12:35:46,144 - INFO - ✅ Inference successful for Cuba with weather
2026-01-10 12:35:46,144 - INFO - 
🚀 Processing Curaçao
2026-01-10 12:35:46,144 - INFO -    ILI cases: 1,252
2026-01-10 12:35:46,144 - INFO -    ARI cases: 0
2026-01-10 12:35:46,144 - INFO -    Data types: ILI
2026-01-10 12:35:46,144 - INFO - Running extraction: /home/david/miniconda3/bin/python enhanced_extract_country_data.py --country Curaçao --input data/who_flu_data.csv --output_dir data/extracted_data
2026-01-10 12:35:47,451 - INFO - ✅ Extraction successful for Curaçao
2026-01-10 12:35:47,451 - INFO - 🌦️  Attempting chronos inference with weather for Curaçao...
2026-01-10 12:35:52,855 - INFO - ✅ Inference successful for Curaçao with weather
2026-01-10 12:35:52,856 - INFO - 
🚀 Processing Cyprus
2026-01-10 12:35:52,856 - INFO -    ILI cases: 13,430
2026-01-10 12:35:52,856 - INFO -    ARI cases: 168,146
2026-01-10 12:35:52,856 - INFO -    Data types: ARI, ILI
2026-01-10 12:35:52,856 - INFO - Running extraction: /home/david/miniconda3/bin/python enhanced_extract_country_data.py --country Cyprus --input data/who_flu_data.csv --output_dir data/extracted_data
2026-01-10 12:35:54,169 - INFO - ✅ Extraction successful for Cyprus
2026-01-10 12:35:54,169 - INFO - 🌦️  Attempting chronos inference with weather for Cyprus...
2026-01-10 12:35:59,457 - INFO - ✅ Inference successful for Cyprus with weather
2026-01-10 12:35:59,457 - INFO - 
🚀 Processing Czechia
2026-01-10 12:35:59,457 - INFO -    ILI cases: 2,639,044
2026-01-10 12:35:59,457 - INFO -    ARI cases: 60,161,920
2026-01-10 12:35:59,457 - INFO -    Data types: ARI, ILI
2026-01-10 12:35:59,457 - INFO - Running extraction: /home/david/miniconda3/bin/python enhanced_extract_country_data.py --country Czechia --input data/who_flu_data.csv --output_dir data/extracted_data
2026-01-10 12:36:00,768 - INFO - ✅ Extraction successful for Czechia
2026-01-10 12:36:00,768 - INFO - 🌦️  Attempting chronos inference with weather for Czechia...
2026-01-10 12:36:06,044 - INFO - ✅ Inference successful for Czechia with weather
2026-01-10 12:36:06,044 - INFO - 
🚀 Processing Côte d’Ivoire
2026-01-10 12:36:06,044 - INFO -    ILI cases: 225,944
2026-01-10 12:36:06,044 - INFO -    ARI cases: 0
2026-01-10 12:36:06,044 - INFO -    Data types: ILI
2026-01-10 12:36:06,044 - INFO - Running extraction: /home/david/miniconda3/bin/python enhanced_extract_country_data.py --country Côte d’Ivoire --input data/who_flu_data.csv --output_dir data/extracted_data
2026-01-10 12:36:07,345 - INFO - ✅ Extraction successful for Côte d’Ivoire
2026-01-10 12:36:07,346 - INFO - 🌦️  Attempting chronos inference with weather for Côte d’Ivoire...
2026-01-10 12:36:11,189 - WARNING - ⚠️  Weather failed for Côte d’Ivoire, trying without weather...
2026-01-10 12:36:16,050 - INFO - ✅ Inference successful for Côte d’Ivoire without weather
2026-01-10 12:36:16,050 - INFO - 
📈 PROGRESS UPDATE
2026-01-10 12:36:16,050 - INFO -    Countries processed: 45/186
2026-01-10 12:36:16,050 - INFO -    Successful extractions: 44
2026-01-10 12:36:16,050 - INFO -    Failed extractions: 0
2026-01-10 12:36:16,050 - INFO -    Successful inferences: 44
2026-01-10 12:36:16,050 - INFO -    Failed inferences: 0
2026-01-10 12:36:16,050 - INFO -    Skipped countries: 1
2026-01-10 12:36:16,050 - INFO -    Average processing time: 3.2s per country
2026-01-10 12:36:16,051 - INFO - 
🚀 Processing Democratic People's Republic of Korea
2026-01-10 12:36:16,051 - INFO -    ILI cases: 80,443
2026-01-10 12:36:16,051 - INFO -    ARI cases: 0
2026-01-10 12:36:16,051 - INFO -    Data types: ILI
2026-01-10 12:36:16,051 - INFO - Running extraction: /home/david/miniconda3/bin/python enhanced_extract_country_data.py --country Democratic People's Republic of Korea --input data/who_flu_data.csv --output_dir data/extracted_data
2026-01-10 12:36:17,366 - INFO - ✅ Extraction successful for Democratic People's Republic of Korea
2026-01-10 12:36:17,366 - INFO - 🌦️  Attempting chronos inference with weather for Democratic People's Republic of Korea...
2026-01-10 12:36:22,461 - INFO - ✅ Inference successful for Democratic People's Republic of Korea with weather
2026-01-10 12:36:22,461 - INFO - 
🚀 Processing Democratic Republic of the Congo
2026-01-10 12:36:22,461 - INFO -    ILI cases: 10,848
2026-01-10 12:36:22,461 - INFO -    ARI cases: 0
2026-01-10 12:36:22,461 - INFO -    Data types: ILI
2026-01-10 12:36:22,461 - INFO - Running extraction: /home/david/miniconda3/bin/python enhanced_extract_country_data.py --country Democratic Republic of the Congo --input data/who_flu_data.csv --output_dir data/extracted_data
2026-01-10 12:36:23,774 - INFO - ✅ Extraction successful for Democratic Republic of the Congo
2026-01-10 12:36:23,774 - INFO - 🌦️  Attempting chronos inference with weather for Democratic Republic of the Congo...
2026-01-10 12:36:27,612 - WARNING - ⚠️  Weather failed for Democratic Republic of the Congo, trying without weather...
2026-01-10 12:36:32,377 - INFO - ✅ Inference successful for Democratic Republic of the Congo without weather
2026-01-10 12:36:32,377 - INFO - 
🚀 Processing Denmark
2026-01-10 12:36:32,377 - INFO -    ILI cases: 233,079
2026-01-10 12:36:32,377 - INFO -    ARI cases: 0
2026-01-10 12:36:32,377 - INFO -    Data types: ARI, ILI
2026-01-10 12:36:32,377 - INFO - Running extraction: /home/david/miniconda3/bin/python enhanced_extract_country_data.py --country Denmark --input data/who_flu_data.csv --output_dir data/extracted_data
2026-01-10 12:36:33,680 - INFO - ✅ Extraction successful for Denmark
2026-01-10 12:36:33,680 - INFO - 🌦️  Attempting chronos inference with weather for Denmark...
2026-01-10 12:36:38,991 - INFO - ✅ Inference successful for Denmark with weather
2026-01-10 12:36:38,991 - INFO - 
🚀 Processing Dominica
2026-01-10 12:36:38,991 - INFO -    ILI cases: 1,550
2026-01-10 12:36:38,991 - INFO -    ARI cases: 129
2026-01-10 12:36:38,991 - INFO -    Data types: ARI, ILI
2026-01-10 12:36:38,991 - INFO - Running extraction: /home/david/miniconda3/bin/python enhanced_extract_country_data.py --country Dominica --input data/who_flu_data.csv --output_dir data/extracted_data
2026-01-10 12:36:40,290 - INFO - ✅ Extraction successful for Dominica
2026-01-10 12:36:40,291 - INFO - 🌦️  Attempting chronos inference with weather for Dominica...
2026-01-10 12:36:45,607 - INFO - ✅ Inference successful for Dominica with weather
2026-01-10 12:36:45,607 - INFO - 
🚀 Processing Dominican Republic
2026-01-10 12:36:45,607 - INFO -    ILI cases: 2,748
2026-01-10 12:36:45,607 - INFO -    ARI cases: 12,832,922
2026-01-10 12:36:45,607 - INFO -    Data types: ARI, ILI
2026-01-10 12:36:45,607 - INFO - Running extraction: /home/david/miniconda3/bin/python enhanced_extract_country_data.py --country Dominican Republic --input data/who_flu_data.csv --output_dir data/extracted_data
2026-01-10 12:36:46,909 - INFO - ✅ Extraction successful for Dominican Republic
2026-01-10 12:36:46,909 - INFO - 🌦️  Attempting chronos inference with weather for Dominican Republic...
2026-01-10 12:36:51,919 - INFO - ✅ Inference successful for Dominican Republic with weather
2026-01-10 12:36:51,919 - INFO - 
📈 PROGRESS UPDATE
2026-01-10 12:36:51,919 - INFO -    Countries processed: 50/186
2026-01-10 12:36:51,919 - INFO -    Successful extractions: 49
2026-01-10 12:36:51,919 - INFO -    Failed extractions: 0
2026-01-10 12:36:51,919 - INFO -    Successful inferences: 49
2026-01-10 12:36:51,919 - INFO -    Failed inferences: 0
2026-01-10 12:36:51,919 - INFO -    Skipped countries: 1
2026-01-10 12:36:51,919 - INFO -    Average processing time: 3.2s per country
2026-01-10 12:36:51,919 - INFO - 🔮 Skipping Ecuador - no ILI or ARI data available
2026-01-10 12:36:51,919 - INFO - 
🚀 Processing Egypt
2026-01-10 12:36:51,919 - INFO -    ILI cases: 3,908
2026-01-10 12:36:51,919 - INFO -    ARI cases: 0
2026-01-10 12:36:51,919 - INFO -    Data types: ILI
2026-01-10 12:36:51,919 - INFO - Running extraction: /home/david/miniconda3/bin/python enhanced_extract_country_data.py --country Egypt --input data/who_flu_data.csv --output_dir data/extracted_data
2026-01-10 12:36:53,230 - INFO - ✅ Extraction successful for Egypt
2026-01-10 12:36:53,230 - INFO - 🌦️  Attempting chronos inference with weather for Egypt...
2026-01-10 12:36:58,268 - INFO - ✅ Inference successful for Egypt with weather
2026-01-10 12:36:58,268 - INFO - 
🚀 Processing El Salvador
2026-01-10 12:36:58,268 - INFO -    ILI cases: 984
2026-01-10 12:36:58,268 - INFO -    ARI cases: 25,297
2026-01-10 12:36:58,268 - INFO -    Data types: ARI, ILI
2026-01-10 12:36:58,268 - INFO - Running extraction: /home/david/miniconda3/bin/python enhanced_extract_country_data.py --country El Salvador --input data/who_flu_data.csv --output_dir data/extracted_data
2026-01-10 12:36:59,565 - INFO - ✅ Extraction successful for El Salvador
2026-01-10 12:36:59,565 - INFO - 🌦️  Attempting chronos inference with weather for El Salvador...
2026-01-10 12:37:04,587 - INFO - ✅ Inference successful for El Salvador with weather
2026-01-10 12:37:04,587 - INFO - 
🚀 Processing Estonia
2026-01-10 12:37:04,587 - INFO -    ILI cases: 235,592
2026-01-10 12:37:04,588 - INFO -    ARI cases: 3,138,833
2026-01-10 12:37:04,588 - INFO -    Data types: ARI, ILI
2026-01-10 12:37:04,588 - INFO - Running extraction: /home/david/miniconda3/bin/python enhanced_extract_country_data.py --country Estonia --input data/who_flu_data.csv --output_dir data/extracted_data
2026-01-10 12:37:05,908 - INFO - ✅ Extraction successful for Estonia
2026-01-10 12:37:05,909 - INFO - 🌦️  Attempting chronos inference with weather for Estonia...
2026-01-10 12:37:11,112 - INFO - ✅ Inference successful for Estonia with weather
2026-01-10 12:37:11,112 - INFO - 
🚀 Processing Ethiopia
2026-01-10 12:37:11,112 - INFO -    ILI cases: 240,887
2026-01-10 12:37:11,112 - INFO -    ARI cases: 0
2026-01-10 12:37:11,112 - INFO -    Data types: ILI
2026-01-10 12:37:11,112 - INFO - Running extraction: /home/david/miniconda3/bin/python enhanced_extract_country_data.py --country Ethiopia --input data/who_flu_data.csv --output_dir data/extracted_data
2026-01-10 12:37:12,420 - INFO - ✅ Extraction successful for Ethiopia
2026-01-10 12:37:12,420 - INFO - 🌦️  Attempting chronos inference with weather for Ethiopia...
2026-01-10 12:37:17,722 - INFO - ✅ Inference successful for Ethiopia with weather
2026-01-10 12:37:17,722 - INFO - 
📈 PROGRESS UPDATE
2026-01-10 12:37:17,722 - INFO -    Countries processed: 55/186
2026-01-10 12:37:17,722 - INFO -    Successful extractions: 53
2026-01-10 12:37:17,722 - INFO -    Failed extractions: 0
2026-01-10 12:37:17,722 - INFO -    Successful inferences: 53
2026-01-10 12:37:17,722 - INFO -    Failed inferences: 0
2026-01-10 12:37:17,722 - INFO -    Skipped countries: 2
2026-01-10 12:37:17,722 - INFO -    Average processing time: 3.2s per country
2026-01-10 12:37:17,722 - INFO - 
🚀 Processing Fiji
2026-01-10 12:37:17,722 - INFO -    ILI cases: 150,216
2026-01-10 12:37:17,722 - INFO -    ARI cases: 26,450
2026-01-10 12:37:17,722 - INFO -    Data types: ARI, ILI
2026-01-10 12:37:17,722 - INFO - Running extraction: /home/david/miniconda3/bin/python enhanced_extract_country_data.py --country Fiji --input data/who_flu_data.csv --output_dir data/extracted_data
2026-01-10 12:37:19,019 - INFO - ✅ Extraction successful for Fiji
2026-01-10 12:37:19,019 - INFO - 🌦️  Attempting chronos inference with weather for Fiji...
2026-01-10 12:37:24,114 - INFO - ✅ Inference successful for Fiji with weather
2026-01-10 12:37:24,114 - INFO - 
🚀 Processing Finland
2026-01-10 12:37:24,114 - INFO -    ILI cases: 217,566
2026-01-10 12:37:24,114 - INFO -    ARI cases: 27,416,271
2026-01-10 12:37:24,114 - INFO -    Data types: ARI, ILI
2026-01-10 12:37:24,114 - INFO - Running extraction: /home/david/miniconda3/bin/python enhanced_extract_country_data.py --country Finland --input data/who_flu_data.csv --output_dir data/extracted_data
2026-01-10 12:37:25,406 - INFO - ✅ Extraction successful for Finland
2026-01-10 12:37:25,406 - INFO - 🌦️  Attempting chronos inference with weather for Finland...
2026-01-10 12:37:30,678 - INFO - ✅ Inference successful for Finland with weather
2026-01-10 12:37:30,678 - INFO - 
🚀 Processing France
2026-01-10 12:37:30,678 - INFO -    ILI cases: 57,613,926
2026-01-10 12:37:30,678 - INFO -    ARI cases: 52,818,682
2026-01-10 12:37:30,678 - INFO -    Data types: ARI, ILI
2026-01-10 12:37:30,678 - INFO - Running extraction: /home/david/miniconda3/bin/python enhanced_extract_country_data.py --country France --input data/who_flu_data.csv --output_dir data/extracted_data
2026-01-10 12:37:31,980 - INFO - ✅ Extraction successful for France
2026-01-10 12:37:31,981 - INFO - 🌦️  Attempting chronos inference with weather for France...
2026-01-10 12:37:37,246 - INFO - ✅ Inference successful for France with weather
2026-01-10 12:37:37,246 - INFO - 
🚀 Processing French Polynesia
2026-01-10 12:37:37,246 - INFO -    ILI cases: 73,156
2026-01-10 12:37:37,247 - INFO -    ARI cases: 0
2026-01-10 12:37:37,247 - INFO -    Data types: ILI
2026-01-10 12:37:37,247 - INFO - Running extraction: /home/david/miniconda3/bin/python enhanced_extract_country_data.py --country French Polynesia --input data/who_flu_data.csv --output_dir data/extracted_data
2026-01-10 12:37:38,567 - INFO - ✅ Extraction successful for French Polynesia
2026-01-10 12:37:38,568 - INFO - 🌦️  Attempting chronos inference with weather for French Polynesia...
2026-01-10 12:37:43,860 - INFO - ✅ Inference successful for French Polynesia with weather
2026-01-10 12:37:43,860 - INFO - 
🚀 Processing Gabon
2026-01-10 12:37:43,860 - INFO -    ILI cases: 1,620
2026-01-10 12:37:43,860 - INFO -    ARI cases: 0
2026-01-10 12:37:43,861 - INFO -    Data types: ILI
2026-01-10 12:37:43,861 - INFO - Running extraction: /home/david/miniconda3/bin/python enhanced_extract_country_data.py --country Gabon --input data/who_flu_data.csv --output_dir data/extracted_data
2026-01-10 12:37:45,173 - INFO - ✅ Extraction successful for Gabon
2026-01-10 12:37:45,173 - INFO - 🌦️  Attempting chronos inference with weather for Gabon...
2026-01-10 12:37:50,100 - INFO - ✅ Inference successful for Gabon with weather
2026-01-10 12:37:50,100 - INFO - 
📈 PROGRESS UPDATE
2026-01-10 12:37:50,100 - INFO -    Countries processed: 60/186
2026-01-10 12:37:50,100 - INFO -    Successful extractions: 58
2026-01-10 12:37:50,100 - INFO -    Failed extractions: 0
2026-01-10 12:37:50,100 - INFO -    Successful inferences: 58
2026-01-10 12:37:50,101 - INFO -    Failed inferences: 0
2026-01-10 12:37:50,101 - INFO -    Skipped countries: 2
2026-01-10 12:37:50,101 - INFO -    Average processing time: 3.2s per country
2026-01-10 12:37:50,101 - INFO - 
🚀 Processing Georgia
2026-01-10 12:37:50,101 - INFO -    ILI cases: 235,154
2026-01-10 12:37:50,101 - INFO -    ARI cases: 377,720
2026-01-10 12:37:50,101 - INFO -    Data types: ARI, ILI
2026-01-10 12:37:50,101 - INFO - Running extraction: /home/david/miniconda3/bin/python enhanced_extract_country_data.py --country Georgia --input data/who_flu_data.csv --output_dir data/extracted_data
2026-01-10 12:37:51,400 - INFO - ✅ Extraction successful for Georgia
2026-01-10 12:37:51,400 - INFO - 🌦️  Attempting chronos inference with weather for Georgia...
2026-01-10 12:37:56,725 - INFO - ✅ Inference successful for Georgia with weather
2026-01-10 12:37:56,726 - INFO - 
🚀 Processing Germany
2026-01-10 12:37:56,726 - INFO -    ILI cases: 0
2026-01-10 12:37:56,726 - INFO -    ARI cases: 19,318,638
2026-01-10 12:37:56,726 - INFO -    Data types: ARI, ILI
2026-01-10 12:37:56,726 - INFO - Running extraction: /home/david/miniconda3/bin/python enhanced_extract_country_data.py --country Germany --input data/who_flu_data.csv --output_dir data/extracted_data
2026-01-10 12:37:58,054 - INFO - ✅ Extraction successful for Germany
2026-01-10 12:37:58,055 - INFO - 🌦️  Attempting chronos inference with weather for Germany...
2026-01-10 12:38:03,297 - INFO - ✅ Inference successful for Germany with weather
2026-01-10 12:38:03,298 - INFO - 
🚀 Processing Ghana
2026-01-10 12:38:03,298 - INFO -    ILI cases: 104,346
2026-01-10 12:38:03,298 - INFO -    ARI cases: 0
2026-01-10 12:38:03,298 - INFO -    Data types: ILI
2026-01-10 12:38:03,298 - INFO - Running extraction: /home/david/miniconda3/bin/python enhanced_extract_country_data.py --country Ghana --input data/who_flu_data.csv --output_dir data/extracted_data
2026-01-10 12:38:04,604 - INFO - ✅ Extraction successful for Ghana
2026-01-10 12:38:04,604 - INFO - 🌦️  Attempting chronos inference with weather for Ghana...
2026-01-10 12:38:09,554 - INFO - ✅ Inference successful for Ghana with weather
2026-01-10 12:38:09,554 - INFO - 
🚀 Processing Greece
2026-01-10 12:38:09,554 - INFO -    ILI cases: 820,585
2026-01-10 12:38:09,554 - INFO -    ARI cases: 0
2026-01-10 12:38:09,554 - INFO -    Data types: ARI, ILI
2026-01-10 12:38:09,554 - INFO - Running extraction: /home/david/miniconda3/bin/python enhanced_extract_country_data.py --country Greece --input data/who_flu_data.csv --output_dir data/extracted_data
2026-01-10 12:38:10,869 - INFO - ✅ Extraction successful for Greece
2026-01-10 12:38:10,869 - INFO - 🌦️  Attempting chronos inference with weather for Greece...
2026-01-10 12:38:16,175 - INFO - ✅ Inference successful for Greece with weather
2026-01-10 12:38:16,176 - INFO - 
🚀 Processing Grenada
2026-01-10 12:38:16,176 - INFO -    ILI cases: 10,704
2026-01-10 12:38:16,176 - INFO -    ARI cases: 0
2026-01-10 12:38:16,176 - INFO -    Data types: ILI
2026-01-10 12:38:16,176 - INFO - Running extraction: /home/david/miniconda3/bin/python enhanced_extract_country_data.py --country Grenada --input data/who_flu_data.csv --output_dir data/extracted_data
2026-01-10 12:38:17,467 - INFO - ✅ Extraction successful for Grenada
2026-01-10 12:38:17,467 - INFO - 🌦️  Attempting chronos inference with weather for Grenada...
2026-01-10 12:38:22,367 - INFO - ✅ Inference successful for Grenada with weather
2026-01-10 12:38:22,368 - INFO - 
📈 PROGRESS UPDATE
2026-01-10 12:38:22,368 - INFO -    Countries processed: 65/186
2026-01-10 12:38:22,368 - INFO -    Successful extractions: 63
2026-01-10 12:38:22,368 - INFO -    Failed extractions: 0
2026-01-10 12:38:22,368 - INFO -    Successful inferences: 63
2026-01-10 12:38:22,368 - INFO -    Failed inferences: 0
2026-01-10 12:38:22,368 - INFO -    Skipped countries: 2
2026-01-10 12:38:22,368 - INFO -    Average processing time: 3.2s per country
2026-01-10 12:38:22,368 - INFO - 
🚀 Processing Guam
2026-01-10 12:38:22,368 - INFO -    ILI cases: 5,902
2026-01-10 12:38:22,368 - INFO -    ARI cases: 0
2026-01-10 12:38:22,368 - INFO -    Data types: ILI
2026-01-10 12:38:22,368 - INFO - Running extraction: /home/david/miniconda3/bin/python enhanced_extract_country_data.py --country Guam --input data/who_flu_data.csv --output_dir data/extracted_data
2026-01-10 12:38:23,680 - INFO - ✅ Extraction successful for Guam
2026-01-10 12:38:23,680 - INFO - 🌦️  Attempting chronos inference with weather for Guam...
2026-01-10 12:38:28,967 - INFO - ✅ Inference successful for Guam with weather
2026-01-10 12:38:28,967 - INFO - 
🚀 Processing Guatemala
2026-01-10 12:38:28,967 - INFO -    ILI cases: 62,360
2026-01-10 12:38:28,967 - INFO -    ARI cases: 34,360,534
2026-01-10 12:38:28,967 - INFO -    Data types: ARI, ILI
2026-01-10 12:38:28,967 - INFO - Running extraction: /home/david/miniconda3/bin/python enhanced_extract_country_data.py --country Guatemala --input data/who_flu_data.csv --output_dir data/extracted_data
2026-01-10 12:38:30,292 - INFO - ✅ Extraction successful for Guatemala
2026-01-10 12:38:30,292 - INFO - 🌦️  Attempting chronos inference with weather for Guatemala...
2026-01-10 12:38:35,396 - INFO - ✅ Inference successful for Guatemala with weather
2026-01-10 12:38:35,397 - INFO - 
🚀 Processing Guinea
2026-01-10 12:38:35,397 - INFO -    ILI cases: 65,082
2026-01-10 12:38:35,397 - INFO -    ARI cases: 0
2026-01-10 12:38:35,397 - INFO -    Data types: ILI
2026-01-10 12:38:35,397 - INFO - Running extraction: /home/david/miniconda3/bin/python enhanced_extract_country_data.py --country Guinea --input data/who_flu_data.csv --output_dir data/extracted_data
2026-01-10 12:38:36,690 - INFO - ✅ Extraction successful for Guinea
2026-01-10 12:38:36,690 - INFO - 🌦️  Attempting chronos inference with weather for Guinea...
2026-01-10 12:38:41,728 - INFO - ✅ Inference successful for Guinea with weather
2026-01-10 12:38:41,729 - INFO - 
🚀 Processing Guyana
2026-01-10 12:38:41,729 - INFO -    ILI cases: 52,849
2026-01-10 12:38:41,729 - INFO -    ARI cases: 3,505
2026-01-10 12:38:41,729 - INFO -    Data types: ARI, ILI
2026-01-10 12:38:41,729 - INFO - Running extraction: /home/david/miniconda3/bin/python enhanced_extract_country_data.py --country Guyana --input data/who_flu_data.csv --output_dir data/extracted_data
2026-01-10 12:38:43,025 - INFO - ✅ Extraction successful for Guyana
2026-01-10 12:38:43,025 - INFO - 🌦️  Attempting chronos inference with weather for Guyana...
2026-01-10 12:38:48,301 - INFO - ✅ Inference successful for Guyana with weather
2026-01-10 12:38:48,301 - INFO - 🔮 Skipping Haiti - no ILI or ARI data available
2026-01-10 12:38:48,301 - INFO - 
📈 PROGRESS UPDATE
2026-01-10 12:38:48,302 - INFO -    Countries processed: 70/186
2026-01-10 12:38:48,302 - INFO -    Successful extractions: 67
2026-01-10 12:38:48,302 - INFO -    Failed extractions: 0
2026-01-10 12:38:48,302 - INFO -    Successful inferences: 67
2026-01-10 12:38:48,302 - INFO -    Failed inferences: 0
2026-01-10 12:38:48,302 - INFO -    Skipped countries: 3
2026-01-10 12:38:48,302 - INFO -    Average processing time: 3.2s per country
2026-01-10 12:38:48,302 - INFO - 
🚀 Processing Honduras
2026-01-10 12:38:48,302 - INFO -    ILI cases: 382,656
2026-01-10 12:38:48,302 - INFO -    ARI cases: 0
2026-01-10 12:38:48,302 - INFO -    Data types: ILI
2026-01-10 12:38:48,302 - INFO - Running extraction: /home/david/miniconda3/bin/python enhanced_extract_country_data.py --country Honduras --input data/who_flu_data.csv --output_dir data/extracted_data
2026-01-10 12:38:49,617 - INFO - ✅ Extraction successful for Honduras
2026-01-10 12:38:49,617 - INFO - 🌦️  Attempting chronos inference with weather for Honduras...
2026-01-10 12:38:54,940 - INFO - ✅ Inference successful for Honduras with weather
2026-01-10 12:38:54,940 - INFO - 
🚀 Processing Hungary
2026-01-10 12:38:54,940 - INFO -    ILI cases: 3,728,299
2026-01-10 12:38:54,940 - INFO -    ARI cases: 9,196,798
2026-01-10 12:38:54,940 - INFO -    Data types: ARI, ILI
2026-01-10 12:38:54,940 - INFO - Running extraction: /home/david/miniconda3/bin/python enhanced_extract_country_data.py --country Hungary --input data/who_flu_data.csv --output_dir data/extracted_data
2026-01-10 12:38:56,264 - INFO - ✅ Extraction successful for Hungary
2026-01-10 12:38:56,264 - INFO - 🌦️  Attempting chronos inference with weather for Hungary...
2026-01-10 12:39:01,558 - INFO - ✅ Inference successful for Hungary with weather
2026-01-10 12:39:01,559 - INFO - 
🚀 Processing Iceland
2026-01-10 12:39:01,559 - INFO -    ILI cases: 67,603
2026-01-10 12:39:01,559 - INFO -    ARI cases: 666,686
2026-01-10 12:39:01,559 - INFO -    Data types: ARI, ILI
2026-01-10 12:39:01,559 - INFO - Running extraction: /home/david/miniconda3/bin/python enhanced_extract_country_data.py --country Iceland --input data/who_flu_data.csv --output_dir data/extracted_data
2026-01-10 12:39:02,861 - INFO - ✅ Extraction successful for Iceland
2026-01-10 12:39:02,861 - INFO - 🌦️  Attempting chronos inference with weather for Iceland...
2026-01-10 12:39:06,877 - WARNING - ⚠️  Weather failed for Iceland, trying without weather...
2026-01-10 12:39:11,748 - INFO - ✅ Inference successful for Iceland without weather
2026-01-10 12:39:11,749 - INFO - 
🚀 Processing Indonesia
2026-01-10 12:39:11,749 - INFO -    ILI cases: 58,165
2026-01-10 12:39:11,749 - INFO -    ARI cases: 0
2026-01-10 12:39:11,749 - INFO -    Data types: ILI
2026-01-10 12:39:11,749 - INFO - Running extraction: /home/david/miniconda3/bin/python enhanced_extract_country_data.py --country Indonesia --input data/who_flu_data.csv --output_dir data/extracted_data
2026-01-10 12:39:13,074 - INFO - ✅ Extraction successful for Indonesia
2026-01-10 12:39:13,074 - INFO - 🌦️  Attempting chronos inference with weather for Indonesia...
2026-01-10 12:39:18,271 - INFO - ✅ Inference successful for Indonesia with weather
2026-01-10 12:39:18,271 - INFO - 
🚀 Processing Iran (Islamic Republic of)
2026-01-10 12:39:18,271 - INFO -    ILI cases: 6,104
2026-01-10 12:39:18,271 - INFO -    ARI cases: 0
2026-01-10 12:39:18,271 - INFO -    Data types: ILI
2026-01-10 12:39:18,271 - INFO - Running extraction: /home/david/miniconda3/bin/python enhanced_extract_country_data.py --country Iran (Islamic Republic of) --input data/who_flu_data.csv --output_dir data/extracted_data
2026-01-10 12:39:19,567 - INFO - ✅ Extraction successful for Iran (Islamic Republic of)
2026-01-10 12:39:19,567 - INFO - 🌦️  Attempting chronos inference with weather for Iran (Islamic Republic of)...
2026-01-10 12:39:23,425 - WARNING - ⚠️  Weather failed for Iran (Islamic Republic of), trying without weather...
2026-01-10 12:39:28,183 - INFO - ✅ Inference successful for Iran (Islamic Republic of) without weather
2026-01-10 12:39:28,183 - INFO - 
📈 PROGRESS UPDATE
2026-01-10 12:39:28,183 - INFO -    Countries processed: 75/186
2026-01-10 12:39:28,183 - INFO -    Successful extractions: 72
2026-01-10 12:39:28,183 - INFO -    Failed extractions: 0
2026-01-10 12:39:28,183 - INFO -    Successful inferences: 72
2026-01-10 12:39:28,183 - INFO -    Failed inferences: 0
2026-01-10 12:39:28,183 - INFO -    Skipped countries: 3
2026-01-10 12:39:28,183 - INFO -    Average processing time: 3.2s per country
2026-01-10 12:39:28,183 - INFO - 
🚀 Processing Iraq
2026-01-10 12:39:28,183 - INFO -    ILI cases: 7,160
2026-01-10 12:39:28,183 - INFO -    ARI cases: 0
2026-01-10 12:39:28,183 - INFO -    Data types: ILI
2026-01-10 12:39:28,183 - INFO - Running extraction: /home/david/miniconda3/bin/python enhanced_extract_country_data.py --country Iraq --input data/who_flu_data.csv --output_dir data/extracted_data
2026-01-10 12:39:29,486 - INFO - ✅ Extraction successful for Iraq
2026-01-10 12:39:29,486 - INFO - 🌦️  Attempting chronos inference with weather for Iraq...
2026-01-10 12:39:34,485 - INFO - ✅ Inference successful for Iraq with weather
2026-01-10 12:39:34,485 - INFO - 
🚀 Processing Ireland
2026-01-10 12:39:34,485 - INFO -    ILI cases: 82,754
2026-01-10 12:39:34,485 - INFO -    ARI cases: 39,592
2026-01-10 12:39:34,485 - INFO -    Data types: ARI, ILI
2026-01-10 12:39:34,485 - INFO - Running extraction: /home/david/miniconda3/bin/python enhanced_extract_country_data.py --country Ireland --input data/who_flu_data.csv --output_dir data/extracted_data
2026-01-10 12:39:35,806 - INFO - ✅ Extraction successful for Ireland
2026-01-10 12:39:35,806 - INFO - 🌦️  Attempting chronos inference with weather for Ireland...
2026-01-10 12:39:41,095 - INFO - ✅ Inference successful for Ireland with weather
2026-01-10 12:39:41,096 - INFO - 
🚀 Processing Israel
2026-01-10 12:39:41,096 - INFO -    ILI cases: 884,816
2026-01-10 12:39:41,096 - INFO -    ARI cases: 0
2026-01-10 12:39:41,096 - INFO -    Data types: ARI, ILI
2026-01-10 12:39:41,096 - INFO - Running extraction: /home/david/miniconda3/bin/python enhanced_extract_country_data.py --country Israel --input data/who_flu_data.csv --output_dir data/extracted_data
2026-01-10 12:39:42,409 - INFO - ✅ Extraction successful for Israel
2026-01-10 12:39:42,409 - INFO - 🌦️  Attempting chronos inference with weather for Israel...
2026-01-10 12:39:47,704 - INFO - ✅ Inference successful for Israel with weather
2026-01-10 12:39:47,705 - INFO - 
🚀 Processing Italy
2026-01-10 12:39:47,705 - INFO -    ILI cases: 6,187,340
2026-01-10 12:39:47,705 - INFO -    ARI cases: 417,040
2026-01-10 12:39:47,705 - INFO -    Data types: ARI, ILI
2026-01-10 12:39:47,705 - INFO - Running extraction: /home/david/miniconda3/bin/python enhanced_extract_country_data.py --country Italy --input data/who_flu_data.csv --output_dir data/extracted_data
2026-01-10 12:39:49,028 - INFO - ✅ Extraction successful for Italy
2026-01-10 12:39:49,028 - INFO - 🌦️  Attempting chronos inference with weather for Italy...
2026-01-10 12:39:54,372 - INFO - ✅ Inference successful for Italy with weather
2026-01-10 12:39:54,372 - INFO - 
🚀 Processing Jamaica
2026-01-10 12:39:54,373 - INFO -    ILI cases: 0
2026-01-10 12:39:54,373 - INFO -    ARI cases: 1,373,120
2026-01-10 12:39:54,373 - INFO -    Data types: ARI
2026-01-10 12:39:54,373 - INFO - Running extraction: /home/david/miniconda3/bin/python enhanced_extract_country_data.py --country Jamaica --input data/who_flu_data.csv --output_dir data/extracted_data
2026-01-10 12:39:55,690 - INFO - ✅ Extraction successful for Jamaica
2026-01-10 12:39:55,690 - INFO - 🌦️  Attempting chronos inference with weather for Jamaica...
2026-01-10 12:39:59,665 - WARNING - ⚠️  Weather failed for Jamaica, trying without weather...
2026-01-10 12:40:04,496 - INFO - ✅ Inference successful for Jamaica without weather
2026-01-10 12:40:04,496 - INFO - 
📈 PROGRESS UPDATE
2026-01-10 12:40:04,496 - INFO -    Countries processed: 80/186
2026-01-10 12:40:04,496 - INFO -    Successful extractions: 77
2026-01-10 12:40:04,496 - INFO -    Failed extractions: 0
2026-01-10 12:40:04,496 - INFO -    Successful inferences: 77
2026-01-10 12:40:04,496 - INFO -    Failed inferences: 0
2026-01-10 12:40:04,496 - INFO -    Skipped countries: 3
2026-01-10 12:40:04,496 - INFO -    Average processing time: 3.2s per country
2026-01-10 12:40:04,496 - INFO - 
🚀 Processing Jordan
2026-01-10 12:40:04,496 - INFO -    ILI cases: 7,170
2026-01-10 12:40:04,496 - INFO -    ARI cases: 0
2026-01-10 12:40:04,496 - INFO -    Data types: ILI
2026-01-10 12:40:04,496 - INFO - Running extraction: /home/david/miniconda3/bin/python enhanced_extract_country_data.py --country Jordan --input data/who_flu_data.csv --output_dir data/extracted_data
2026-01-10 12:40:05,819 - INFO - ✅ Extraction successful for Jordan
2026-01-10 12:40:05,819 - INFO - 🌦️  Attempting chronos inference with weather for Jordan...
2026-01-10 12:40:09,798 - WARNING - ⚠️  Weather failed for Jordan, trying without weather...
2026-01-10 12:40:14,561 - INFO - ✅ Inference successful for Jordan without weather
2026-01-10 12:40:14,561 - INFO - 
🚀 Processing Kazakhstan
2026-01-10 12:40:14,561 - INFO -    ILI cases: 1,017,663
2026-01-10 12:40:14,561 - INFO -    ARI cases: 48,554,849
2026-01-10 12:40:14,561 - INFO -    Data types: ARI, ILI
2026-01-10 12:40:14,561 - INFO - Running extraction: /home/david/miniconda3/bin/python enhanced_extract_country_data.py --country Kazakhstan --input data/who_flu_data.csv --output_dir data/extracted_data
2026-01-10 12:40:15,862 - INFO - ✅ Extraction successful for Kazakhstan
2026-01-10 12:40:15,863 - INFO - 🌦️  Attempting chronos inference with weather for Kazakhstan...
2026-01-10 12:40:21,198 - INFO - ✅ Inference successful for Kazakhstan with weather
2026-01-10 12:40:21,198 - INFO - 
🚀 Processing Kenya
2026-01-10 12:40:21,198 - INFO -    ILI cases: 7,244
2026-01-10 12:40:21,198 - INFO -    ARI cases: 0
2026-01-10 12:40:21,199 - INFO -    Data types: ILI
2026-01-10 12:40:21,199 - INFO - Running extraction: /home/david/miniconda3/bin/python enhanced_extract_country_data.py --country Kenya --input data/who_flu_data.csv --output_dir data/extracted_data
2026-01-10 12:40:22,518 - INFO - ✅ Extraction successful for Kenya
2026-01-10 12:40:22,518 - INFO - 🌦️  Attempting chronos inference with weather for Kenya...
2026-01-10 12:40:27,768 - INFO - ✅ Inference successful for Kenya with weather
2026-01-10 12:40:27,769 - INFO - 
🚀 Processing Kiribati
2026-01-10 12:40:27,769 - INFO -    ILI cases: 205,651
2026-01-10 12:40:27,769 - INFO -    ARI cases: 0
2026-01-10 12:40:27,769 - INFO -    Data types: ILI
2026-01-10 12:40:27,769 - INFO - Running extraction: /home/david/miniconda3/bin/python enhanced_extract_country_data.py --country Kiribati --input data/who_flu_data.csv --output_dir data/extracted_data
2026-01-10 12:40:29,067 - INFO - ✅ Extraction successful for Kiribati
2026-01-10 12:40:29,067 - INFO - 🌦️  Attempting chronos inference with weather for Kiribati...
2026-01-10 12:40:34,287 - INFO - ✅ Inference successful for Kiribati with weather
2026-01-10 12:40:34,288 - INFO - 
🚀 Processing Kosovo (in accordance with UN Security Council resolution 1244 (1999))
2026-01-10 12:40:34,288 - INFO -    ILI cases: 1,392,536
2026-01-10 12:40:34,288 - INFO -    ARI cases: 146,940
2026-01-10 12:40:34,288 - INFO -    Data types: ARI, ILI
2026-01-10 12:40:34,288 - INFO - Running extraction: /home/david/miniconda3/bin/python enhanced_extract_country_data.py --country Kosovo (in accordance with UN Security Council resolution 1244 (1999)) --input data/who_flu_data.csv --output_dir data/extracted_data
2026-01-10 12:40:35,594 - INFO - ✅ Extraction successful for Kosovo (in accordance with UN Security Council resolution 1244 (1999))
2026-01-10 12:40:35,594 - INFO - 🌦️  Attempting chronos inference with weather for Kosovo (in accordance with UN Security Council resolution 1244 (1999))...
2026-01-10 12:40:39,446 - WARNING - ⚠️  Weather failed for Kosovo (in accordance with UN Security Council resolution 1244 (1999)), trying without weather...
2026-01-10 12:40:44,233 - INFO - ✅ Inference successful for Kosovo (in accordance with UN Security Council resolution 1244 (1999)) without weather
2026-01-10 12:40:44,233 - INFO - 
📈 PROGRESS UPDATE
2026-01-10 12:40:44,233 - INFO -    Countries processed: 85/186
2026-01-10 12:40:44,233 - INFO -    Successful extractions: 82
2026-01-10 12:40:44,233 - INFO -    Failed extractions: 0
2026-01-10 12:40:44,233 - INFO -    Successful inferences: 82
2026-01-10 12:40:44,233 - INFO -    Failed inferences: 0
2026-01-10 12:40:44,233 - INFO -    Skipped countries: 3
2026-01-10 12:40:44,233 - INFO -    Average processing time: 3.2s per country
2026-01-10 12:40:44,234 - INFO - 
🚀 Processing Kuwait
2026-01-10 12:40:44,234 - INFO -    ILI cases: 194
2026-01-10 12:40:44,234 - INFO -    ARI cases: 0
2026-01-10 12:40:44,234 - INFO -    Data types: ILI
2026-01-10 12:40:44,234 - INFO - Running extraction: /home/david/miniconda3/bin/python enhanced_extract_country_data.py --country Kuwait --input data/who_flu_data.csv --output_dir data/extracted_data
2026-01-10 12:40:45,530 - INFO - ✅ Extraction successful for Kuwait
2026-01-10 12:40:45,530 - INFO - 🌦️  Attempting chronos inference with weather for Kuwait...
2026-01-10 12:40:50,633 - INFO - ✅ Inference successful for Kuwait with weather
2026-01-10 12:40:50,633 - INFO - 
🚀 Processing Kyrgyzstan
2026-01-10 12:40:50,633 - INFO -    ILI cases: 18,071
2026-01-10 12:40:50,634 - INFO -    ARI cases: 5,613,842
2026-01-10 12:40:50,634 - INFO -    Data types: ARI, ILI
2026-01-10 12:40:50,634 - INFO - Running extraction: /home/david/miniconda3/bin/python enhanced_extract_country_data.py --country Kyrgyzstan --input data/who_flu_data.csv --output_dir data/extracted_data
2026-01-10 12:40:51,930 - INFO - ✅ Extraction successful for Kyrgyzstan
2026-01-10 12:40:51,930 - INFO - 🌦️  Attempting chronos inference with weather for Kyrgyzstan...
2026-01-10 12:40:57,639 - INFO - ✅ Inference successful for Kyrgyzstan with weather
2026-01-10 12:40:57,640 - INFO - 
🚀 Processing Lao People's Democratic Republic
2026-01-10 12:40:57,640 - INFO -    ILI cases: 280,940
2026-01-10 12:40:57,640 - INFO -    ARI cases: 0
2026-01-10 12:40:57,640 - INFO -    Data types: ILI
2026-01-10 12:40:57,640 - INFO - Running extraction: /home/david/miniconda3/bin/python enhanced_extract_country_data.py --country Lao People's Democratic Republic --input data/who_flu_data.csv --output_dir data/extracted_data
2026-01-10 12:40:58,927 - INFO - ✅ Extraction successful for Lao People's Democratic Republic
2026-01-10 12:40:58,927 - INFO - 🌦️  Attempting chronos inference with weather for Lao People's Democratic Republic...
2026-01-10 12:41:02,863 - WARNING - ⚠️  Weather failed for Lao People's Democratic Republic, trying without weather...
2026-01-10 12:41:07,675 - INFO - ✅ Inference successful for Lao People's Democratic Republic without weather
2026-01-10 12:41:07,675 - INFO - 
🚀 Processing Latvia
2026-01-10 12:41:07,676 - INFO -    ILI cases: 70,208
2026-01-10 12:41:07,676 - INFO -    ARI cases: 1,149,835
2026-01-10 12:41:07,676 - INFO -    Data types: ARI, ILI
2026-01-10 12:41:07,676 - INFO - Running extraction: /home/david/miniconda3/bin/python enhanced_extract_country_data.py --country Latvia --input data/who_flu_data.csv --output_dir data/extracted_data
2026-01-10 12:41:08,983 - INFO - ✅ Extraction successful for Latvia
2026-01-10 12:41:08,983 - INFO - 🌦️  Attempting chronos inference with weather for Latvia...
2026-01-10 12:41:14,359 - INFO - ✅ Inference successful for Latvia with weather
2026-01-10 12:41:14,359 - INFO - 
🚀 Processing Lebanon
2026-01-10 12:41:14,360 - INFO -    ILI cases: 40,382
2026-01-10 12:41:14,360 - INFO -    ARI cases: 0
2026-01-10 12:41:14,360 - INFO -    Data types: ILI
2026-01-10 12:41:14,360 - INFO - Running extraction: /home/david/miniconda3/bin/python enhanced_extract_country_data.py --country Lebanon --input data/who_flu_data.csv --output_dir data/extracted_data
2026-01-10 12:41:15,650 - INFO - ✅ Extraction successful for Lebanon
2026-01-10 12:41:15,650 - INFO - 🌦️  Attempting chronos inference with weather for Lebanon...
2026-01-10 12:41:20,835 - INFO - ✅ Inference successful for Lebanon with weather
2026-01-10 12:41:20,835 - INFO - 
📈 PROGRESS UPDATE
2026-01-10 12:41:20,835 - INFO -    Countries processed: 90/186
2026-01-10 12:41:20,835 - INFO -    Successful extractions: 87
2026-01-10 12:41:20,835 - INFO -    Failed extractions: 0
2026-01-10 12:41:20,835 - INFO -    Successful inferences: 87
2026-01-10 12:41:20,836 - INFO -    Failed inferences: 0
2026-01-10 12:41:20,836 - INFO -    Skipped countries: 3
2026-01-10 12:41:20,836 - INFO -    Average processing time: 3.2s per country
2026-01-10 12:41:20,836 - INFO - 🔮 Skipping Lesotho - no ILI or ARI data available
2026-01-10 12:41:20,836 - INFO - 
🚀 Processing Libya
2026-01-10 12:41:20,836 - INFO -    ILI cases: 3,070
2026-01-10 12:41:20,836 - INFO -    ARI cases: 0
2026-01-10 12:41:20,836 - INFO -    Data types: ILI
2026-01-10 12:41:20,836 - INFO - Running extraction: /home/david/miniconda3/bin/python enhanced_extract_country_data.py --country Libya --input data/who_flu_data.csv --output_dir data/extracted_data
2026-01-10 12:41:22,159 - INFO - ✅ Extraction successful for Libya
2026-01-10 12:41:22,159 - INFO - 🌦️  Attempting chronos inference with weather for Libya...
2026-01-10 12:41:27,082 - INFO - ✅ Inference successful for Libya with weather
2026-01-10 12:41:27,083 - INFO - 
🚀 Processing Lithuania
2026-01-10 12:41:27,083 - INFO -    ILI cases: 1,107,980
2026-01-10 12:41:27,083 - INFO -    ARI cases: 24,668,713
2026-01-10 12:41:27,083 - INFO -    Data types: ARI, ILI
2026-01-10 12:41:27,083 - INFO - Running extraction: /home/david/miniconda3/bin/python enhanced_extract_country_data.py --country Lithuania --input data/who_flu_data.csv --output_dir data/extracted_data
2026-01-10 12:41:28,377 - INFO - ✅ Extraction successful for Lithuania
2026-01-10 12:41:28,377 - INFO - 🌦️  Attempting chronos inference with weather for Lithuania...
2026-01-10 12:41:33,683 - INFO - ✅ Inference successful for Lithuania with weather
2026-01-10 12:41:33,684 - INFO - 
🚀 Processing Luxembourg
2026-01-10 12:41:33,684 - INFO -    ILI cases: 11,147
2026-01-10 12:41:33,684 - INFO -    ARI cases: 85,282
2026-01-10 12:41:33,684 - INFO -    Data types: ARI, ILI
2026-01-10 12:41:33,684 - INFO - Running extraction: /home/david/miniconda3/bin/python enhanced_extract_country_data.py --country Luxembourg --input data/who_flu_data.csv --output_dir data/extracted_data
2026-01-10 12:41:34,995 - INFO - ✅ Extraction successful for Luxembourg
2026-01-10 12:41:34,995 - INFO - 🌦️  Attempting chronos inference with weather for Luxembourg...
2026-01-10 12:41:38,987 - WARNING - ⚠️  Weather failed for Luxembourg, trying without weather...
2026-01-10 12:41:43,819 - INFO - ✅ Inference successful for Luxembourg without weather
2026-01-10 12:41:43,820 - INFO - 
🚀 Processing Madagascar
2026-01-10 12:41:43,820 - INFO -    ILI cases: 81,581
2026-01-10 12:41:43,820 - INFO -    ARI cases: 0
2026-01-10 12:41:43,820 - INFO -    Data types: ILI
2026-01-10 12:41:43,820 - INFO - Running extraction: /home/david/miniconda3/bin/python enhanced_extract_country_data.py --country Madagascar --input data/who_flu_data.csv --output_dir data/extracted_data
2026-01-10 12:41:45,120 - INFO - ✅ Extraction successful for Madagascar
2026-01-10 12:41:45,120 - INFO - 🌦️  Attempting chronos inference with weather for Madagascar...
2026-01-10 12:41:49,098 - WARNING - ⚠️  Weather failed for Madagascar, trying without weather...
2026-01-10 12:41:53,882 - INFO - ✅ Inference successful for Madagascar without weather
2026-01-10 12:41:53,882 - INFO - 
📈 PROGRESS UPDATE
2026-01-10 12:41:53,882 - INFO -    Countries processed: 95/186
2026-01-10 12:41:53,882 - INFO -    Successful extractions: 91
2026-01-10 12:41:53,882 - INFO -    Failed extractions: 0
2026-01-10 12:41:53,882 - INFO -    Successful inferences: 91
2026-01-10 12:41:53,882 - INFO -    Failed inferences: 0
2026-01-10 12:41:53,882 - INFO -    Skipped countries: 4
2026-01-10 12:41:53,882 - INFO -    Average processing time: 3.2s per country
2026-01-10 12:41:53,882 - INFO - 
🚀 Processing Maldives
2026-01-10 12:41:53,882 - INFO -    ILI cases: 373,359
2026-01-10 12:41:53,882 - INFO -    ARI cases: 1,084,367
2026-01-10 12:41:53,882 - INFO -    Data types: ARI, ILI
2026-01-10 12:41:53,882 - INFO - Running extraction: /home/david/miniconda3/bin/python enhanced_extract_country_data.py --country Maldives --input data/who_flu_data.csv --output_dir data/extracted_data
2026-01-10 12:41:55,198 - INFO - ✅ Extraction successful for Maldives
2026-01-10 12:41:55,198 - INFO - 🌦️  Attempting chronos inference with weather for Maldives...
2026-01-10 12:41:59,171 - WARNING - ⚠️  Weather failed for Maldives, trying without weather...
2026-01-10 12:42:04,001 - INFO - ✅ Inference successful for Maldives without weather
2026-01-10 12:42:04,001 - INFO - 
🚀 Processing Mali
2026-01-10 12:42:04,001 - INFO -    ILI cases: 5,555
2026-01-10 12:42:04,001 - INFO -    ARI cases: 0
2026-01-10 12:42:04,001 - INFO -    Data types: ILI
2026-01-10 12:42:04,002 - INFO - Running extraction: /home/david/miniconda3/bin/python enhanced_extract_country_data.py --country Mali --input data/who_flu_data.csv --output_dir data/extracted_data
2026-01-10 12:42:05,306 - INFO - ✅ Extraction successful for Mali
2026-01-10 12:42:05,306 - INFO - 🌦️  Attempting chronos inference with weather for Mali...
2026-01-10 12:42:10,241 - INFO - ✅ Inference successful for Mali with weather
2026-01-10 12:42:10,241 - INFO - 
🚀 Processing Malta
2026-01-10 12:42:10,241 - INFO -    ILI cases: 46,711
2026-01-10 12:42:10,241 - INFO -    ARI cases: 0
2026-01-10 12:42:10,241 - INFO -    Data types: ARI, ILI
2026-01-10 12:42:10,241 - INFO - Running extraction: /home/david/miniconda3/bin/python enhanced_extract_country_data.py --country Malta --input data/who_flu_data.csv --output_dir data/extracted_data
2026-01-10 12:42:11,523 - INFO - ✅ Extraction successful for Malta
2026-01-10 12:42:11,524 - INFO - 🌦️  Attempting chronos inference with weather for Malta...
2026-01-10 12:42:16,865 - INFO - ✅ Inference successful for Malta with weather
2026-01-10 12:42:16,865 - INFO - 
🚀 Processing Marshall Islands
2026-01-10 12:42:16,865 - INFO -    ILI cases: 16,111
2026-01-10 12:42:16,865 - INFO -    ARI cases: 0
2026-01-10 12:42:16,865 - INFO -    Data types: ILI
2026-01-10 12:42:16,865 - INFO - Running extraction: /home/david/miniconda3/bin/python enhanced_extract_country_data.py --country Marshall Islands --input data/who_flu_data.csv --output_dir data/extracted_data
2026-01-10 12:42:18,169 - INFO - ✅ Extraction successful for Marshall Islands
2026-01-10 12:42:18,169 - INFO - 🌦️  Attempting chronos inference with weather for Marshall Islands...
2026-01-10 12:42:22,221 - WARNING - ⚠️  Weather failed for Marshall Islands, trying without weather...
2026-01-10 12:42:27,055 - INFO - ✅ Inference successful for Marshall Islands without weather
2026-01-10 12:42:27,055 - INFO - 
🚀 Processing Mauritania
2026-01-10 12:42:27,055 - INFO -    ILI cases: 400
2026-01-10 12:42:27,055 - INFO -    ARI cases: 0
2026-01-10 12:42:27,055 - INFO -    Data types: ILI
2026-01-10 12:42:27,055 - INFO - Running extraction: /home/david/miniconda3/bin/python enhanced_extract_country_data.py --country Mauritania --input data/who_flu_data.csv --output_dir data/extracted_data
2026-01-10 12:42:28,342 - INFO - ✅ Extraction successful for Mauritania
2026-01-10 12:42:28,342 - INFO - 🌦️  Attempting chronos inference with weather for Mauritania...
2026-01-10 12:42:32,334 - WARNING - ⚠️  Weather failed for Mauritania, trying without weather...
2026-01-10 12:42:37,045 - INFO - ✅ Inference successful for Mauritania without weather
2026-01-10 12:42:37,045 - INFO - 
📈 PROGRESS UPDATE
2026-01-10 12:42:37,045 - INFO -    Countries processed: 100/186
2026-01-10 12:42:37,045 - INFO -    Successful extractions: 96
2026-01-10 12:42:37,045 - INFO -    Failed extractions: 0
2026-01-10 12:42:37,045 - INFO -    Successful inferences: 96
2026-01-10 12:42:37,045 - INFO -    Failed inferences: 0
2026-01-10 12:42:37,045 - INFO -    Skipped countries: 4
2026-01-10 12:42:37,045 - INFO -    Average processing time: 3.1s per country
2026-01-10 12:42:37,045 - INFO - 
🚀 Processing Mauritius
2026-01-10 12:42:37,045 - INFO -    ILI cases: 560
2026-01-10 12:42:37,045 - INFO -    ARI cases: 2,042,612
2026-01-10 12:42:37,045 - INFO -    Data types: ARI, ILI
2026-01-10 12:42:37,046 - INFO - Running extraction: /home/david/miniconda3/bin/python enhanced_extract_country_data.py --country Mauritius --input data/who_flu_data.csv --output_dir data/extracted_data
2026-01-10 12:42:38,326 - INFO - ✅ Extraction successful for Mauritius
2026-01-10 12:42:38,326 - INFO - 🌦️  Attempting chronos inference with weather for Mauritius...
2026-01-10 12:42:42,324 - WARNING - ⚠️  Weather failed for Mauritius, trying without weather...
2026-01-10 12:42:47,088 - INFO - ✅ Inference successful for Mauritius without weather
2026-01-10 12:42:47,089 - INFO - 
🚀 Processing Mexico
2026-01-10 12:42:47,089 - INFO -    ILI cases: 4,884,713
2026-01-10 12:42:47,089 - INFO -    ARI cases: 304,033,758
2026-01-10 12:42:47,089 - INFO -    Data types: ARI, ILI
2026-01-10 12:42:47,089 - INFO - Running extraction: /home/david/miniconda3/bin/python enhanced_extract_country_data.py --country Mexico --input data/who_flu_data.csv --output_dir data/extracted_data
2026-01-10 12:42:48,395 - INFO - ✅ Extraction successful for Mexico
2026-01-10 12:42:48,395 - INFO - 🌦️  Attempting chronos inference with weather for Mexico...
2026-01-10 12:42:53,779 - INFO - ✅ Inference successful for Mexico with weather
2026-01-10 12:42:53,779 - INFO - 
🚀 Processing Micronesia (Federated States of)
2026-01-10 12:42:53,780 - INFO -    ILI cases: 43,297
2026-01-10 12:42:53,780 - INFO -    ARI cases: 0
2026-01-10 12:42:53,780 - INFO -    Data types: ILI
2026-01-10 12:42:53,780 - INFO - Running extraction: /home/david/miniconda3/bin/python enhanced_extract_country_data.py --country Micronesia (Federated States of) --input data/who_flu_data.csv --output_dir data/extracted_data
2026-01-10 12:42:55,064 - INFO - ✅ Extraction successful for Micronesia (Federated States of)
2026-01-10 12:42:55,065 - INFO - 🌦️  Attempting chronos inference with weather for Micronesia (Federated States of)...
2026-01-10 12:42:58,961 - WARNING - ⚠️  Weather failed for Micronesia (Federated States of), trying without weather...
2026-01-10 12:43:03,836 - INFO - ✅ Inference successful for Micronesia (Federated States of) without weather
2026-01-10 12:43:03,836 - INFO - 
🚀 Processing Mongolia
2026-01-10 12:43:03,836 - INFO -    ILI cases: 5,337,490
2026-01-10 12:43:03,836 - INFO -    ARI cases: 0
2026-01-10 12:43:03,836 - INFO -    Data types: ILI
2026-01-10 12:43:03,836 - INFO - Running extraction: /home/david/miniconda3/bin/python enhanced_extract_country_data.py --country Mongolia --input data/who_flu_data.csv --output_dir data/extracted_data
2026-01-10 12:43:05,138 - INFO - ✅ Extraction successful for Mongolia
2026-01-10 12:43:05,138 - INFO - 🌦️  Attempting chronos inference with weather for Mongolia...
2026-01-10 12:43:10,184 - INFO - ✅ Inference successful for Mongolia with weather
2026-01-10 12:43:10,184 - INFO - 
🚀 Processing Montenegro
2026-01-10 12:43:10,184 - INFO -    ILI cases: 139,099
2026-01-10 12:43:10,184 - INFO -    ARI cases: 2,590,820
2026-01-10 12:43:10,185 - INFO -    Data types: ARI, ILI
2026-01-10 12:43:10,185 - INFO - Running extraction: /home/david/miniconda3/bin/python enhanced_extract_country_data.py --country Montenegro --input data/who_flu_data.csv --output_dir data/extracted_data
2026-01-10 12:43:11,513 - INFO - ✅ Extraction successful for Montenegro
2026-01-10 12:43:11,513 - INFO - 🌦️  Attempting chronos inference with weather for Montenegro...
2026-01-10 12:43:15,495 - WARNING - ⚠️  Weather failed for Montenegro, trying without weather...
2026-01-10 12:43:20,283 - INFO - ✅ Inference successful for Montenegro without weather
2026-01-10 12:43:20,283 - INFO - 
📈 PROGRESS UPDATE
2026-01-10 12:43:20,283 - INFO -    Countries processed: 105/186
2026-01-10 12:43:20,283 - INFO -    Successful extractions: 101
2026-01-10 12:43:20,283 - INFO -    Failed extractions: 0
2026-01-10 12:43:20,283 - INFO -    Successful inferences: 101
2026-01-10 12:43:20,283 - INFO -    Failed inferences: 0
2026-01-10 12:43:20,283 - INFO -    Skipped countries: 4
2026-01-10 12:43:20,283 - INFO -    Average processing time: 3.1s per country
2026-01-10 12:43:20,284 - INFO - 
🚀 Processing Montserrat
2026-01-10 12:43:20,284 - INFO -    ILI cases: 283
2026-01-10 12:43:20,284 - INFO -    ARI cases: 0
2026-01-10 12:43:20,284 - INFO -    Data types: ILI
2026-01-10 12:43:20,284 - INFO - Running extraction: /home/david/miniconda3/bin/python enhanced_extract_country_data.py --country Montserrat --input data/who_flu_data.csv --output_dir data/extracted_data
2026-01-10 12:43:21,592 - INFO - ✅ Extraction successful for Montserrat
2026-01-10 12:43:21,592 - INFO - 🌦️  Attempting chronos inference with weather for Montserrat...
2026-01-10 12:43:26,507 - INFO - ✅ Inference successful for Montserrat with weather
2026-01-10 12:43:26,507 - INFO - 
🚀 Processing Morocco
2026-01-10 12:43:26,508 - INFO -    ILI cases: 2,254,008
2026-01-10 12:43:26,508 - INFO -    ARI cases: 0
2026-01-10 12:43:26,508 - INFO -    Data types: ILI
2026-01-10 12:43:26,508 - INFO - Running extraction: /home/david/miniconda3/bin/python enhanced_extract_country_data.py --country Morocco --input data/who_flu_data.csv --output_dir data/extracted_data
2026-01-10 12:43:27,817 - INFO - ✅ Extraction successful for Morocco
2026-01-10 12:43:27,817 - INFO - 🌦️  Attempting chronos inference with weather for Morocco...
2026-01-10 12:43:31,831 - WARNING - ⚠️  Weather failed for Morocco, trying without weather...
2026-01-10 12:43:36,684 - INFO - ✅ Inference successful for Morocco without weather
2026-01-10 12:43:36,684 - INFO - 
🚀 Processing Mozambique
2026-01-10 12:43:36,684 - INFO -    ILI cases: 128,713
2026-01-10 12:43:36,684 - INFO -    ARI cases: 0
2026-01-10 12:43:36,684 - INFO -    Data types: ILI
2026-01-10 12:43:36,684 - INFO - Running extraction: /home/david/miniconda3/bin/python enhanced_extract_country_data.py --country Mozambique --input data/who_flu_data.csv --output_dir data/extracted_data
2026-01-10 12:43:37,986 - INFO - ✅ Extraction successful for Mozambique
2026-01-10 12:43:37,987 - INFO - 🌦️  Attempting chronos inference with weather for Mozambique...
2026-01-10 12:43:41,941 - WARNING - ⚠️  Weather failed for Mozambique, trying without weather...
2026-01-10 12:43:46,753 - INFO - ✅ Inference successful for Mozambique without weather
2026-01-10 12:43:46,754 - INFO - 
🚀 Processing Nauru
2026-01-10 12:43:46,754 - INFO -    ILI cases: 3,546
2026-01-10 12:43:46,754 - INFO -    ARI cases: 0
2026-01-10 12:43:46,754 - INFO -    Data types: ILI
2026-01-10 12:43:46,754 - INFO - Running extraction: /home/david/miniconda3/bin/python enhanced_extract_country_data.py --country Nauru --input data/who_flu_data.csv --output_dir data/extracted_data
2026-01-10 12:43:48,071 - INFO - ✅ Extraction successful for Nauru
2026-01-10 12:43:48,071 - INFO - 🌦️  Attempting chronos inference with weather for Nauru...
2026-01-10 12:43:53,307 - INFO - ✅ Inference successful for Nauru with weather
2026-01-10 12:43:53,307 - INFO - 
🚀 Processing Nepal
2026-01-10 12:43:53,307 - INFO -    ILI cases: 64,569
2026-01-10 12:43:53,307 - INFO -    ARI cases: 0
2026-01-10 12:43:53,307 - INFO -    Data types: ILI
2026-01-10 12:43:53,307 - INFO - Running extraction: /home/david/miniconda3/bin/python enhanced_extract_country_data.py --country Nepal --input data/who_flu_data.csv --output_dir data/extracted_data
2026-01-10 12:43:54,628 - INFO - ✅ Extraction successful for Nepal
2026-01-10 12:43:54,629 - INFO - 🌦️  Attempting chronos inference with weather for Nepal...
2026-01-10 12:43:58,615 - WARNING - ⚠️  Weather failed for Nepal, trying without weather...
2026-01-10 12:44:03,522 - INFO - ✅ Inference successful for Nepal without weather
2026-01-10 12:44:03,522 - INFO - 
📈 PROGRESS UPDATE
2026-01-10 12:44:03,522 - INFO -    Countries processed: 110/186
2026-01-10 12:44:03,523 - INFO -    Successful extractions: 106
2026-01-10 12:44:03,523 - INFO -    Failed extractions: 0
2026-01-10 12:44:03,523 - INFO -    Successful inferences: 106
2026-01-10 12:44:03,523 - INFO -    Failed inferences: 0
2026-01-10 12:44:03,523 - INFO -    Skipped countries: 4
2026-01-10 12:44:03,523 - INFO -    Average processing time: 3.1s per country
2026-01-10 12:44:03,523 - INFO - 
🚀 Processing Netherlands (Kingdom of the)
2026-01-10 12:44:03,523 - INFO -    ILI cases: 70,531
2026-01-10 12:44:03,523 - INFO -    ARI cases: 2,242,638
2026-01-10 12:44:03,523 - INFO -    Data types: ARI, ILI
2026-01-10 12:44:03,523 - INFO - Running extraction: /home/david/miniconda3/bin/python enhanced_extract_country_data.py --country Netherlands (Kingdom of the) --input data/who_flu_data.csv --output_dir data/extracted_data
2026-01-10 12:44:04,853 - INFO - ✅ Extraction successful for Netherlands (Kingdom of the)
2026-01-10 12:44:04,854 - INFO - 🌦️  Attempting chronos inference with weather for Netherlands (Kingdom of the)...
2026-01-10 12:44:08,717 - WARNING - ⚠️  Weather failed for Netherlands (Kingdom of the), trying without weather...
2026-01-10 12:44:13,669 - INFO - ✅ Inference successful for Netherlands (Kingdom of the) without weather
2026-01-10 12:44:13,669 - INFO - 
🚀 Processing New Caledonia
2026-01-10 12:44:13,669 - INFO -    ILI cases: 17,873
2026-01-10 12:44:13,669 - INFO -    ARI cases: 0
2026-01-10 12:44:13,669 - INFO -    Data types: ILI
2026-01-10 12:44:13,669 - INFO - Running extraction: /home/david/miniconda3/bin/python enhanced_extract_country_data.py --country New Caledonia --input data/who_flu_data.csv --output_dir data/extracted_data
2026-01-10 12:44:14,987 - INFO - ✅ Extraction successful for New Caledonia
2026-01-10 12:44:14,987 - INFO - 🌦️  Attempting chronos inference with weather for New Caledonia...
2026-01-10 12:44:19,010 - WARNING - ⚠️  Weather failed for New Caledonia, trying without weather...
2026-01-10 12:44:23,814 - INFO - ✅ Inference successful for New Caledonia without weather
2026-01-10 12:44:23,814 - INFO - 
🚀 Processing New Zealand
2026-01-10 12:44:23,814 - INFO -    ILI cases: 26,436
2026-01-10 12:44:23,814 - INFO -    ARI cases: 0
2026-01-10 12:44:23,814 - INFO -    Data types: ILI
2026-01-10 12:44:23,814 - INFO - Running extraction: /home/david/miniconda3/bin/python enhanced_extract_country_data.py --country New Zealand --input data/who_flu_data.csv --output_dir data/extracted_data
2026-01-10 12:44:25,129 - INFO - ✅ Extraction successful for New Zealand
2026-01-10 12:44:25,129 - INFO - 🌦️  Attempting chronos inference with weather for New Zealand...
2026-01-10 12:44:29,104 - WARNING - ⚠️  Weather failed for New Zealand, trying without weather...
2026-01-10 12:44:33,867 - INFO - ✅ Inference successful for New Zealand without weather
2026-01-10 12:44:33,868 - INFO - 
🚀 Processing Nicaragua
2026-01-10 12:44:33,868 - INFO -    ILI cases: 3,862
2026-01-10 12:44:33,868 - INFO -    ARI cases: 17,923,801
2026-01-10 12:44:33,868 - INFO -    Data types: ARI, ILI
2026-01-10 12:44:33,868 - INFO - Running extraction: /home/david/miniconda3/bin/python enhanced_extract_country_data.py --country Nicaragua --input data/who_flu_data.csv --output_dir data/extracted_data
2026-01-10 12:44:35,172 - INFO - ✅ Extraction successful for Nicaragua
2026-01-10 12:44:35,172 - INFO - 🌦️  Attempting chronos inference with weather for Nicaragua...
2026-01-10 12:44:39,116 - WARNING - ⚠️  Weather failed for Nicaragua, trying without weather...
2026-01-10 12:44:43,872 - INFO - ✅ Inference successful for Nicaragua without weather
2026-01-10 12:44:43,872 - INFO - 
🚀 Processing Niger
2026-01-10 12:44:43,872 - INFO -    ILI cases: 366,585
2026-01-10 12:44:43,872 - INFO -    ARI cases: 0
2026-01-10 12:44:43,872 - INFO -    Data types: ILI
2026-01-10 12:44:43,872 - INFO - Running extraction: /home/david/miniconda3/bin/python enhanced_extract_country_data.py --country Niger --input data/who_flu_data.csv --output_dir data/extracted_data
2026-01-10 12:44:45,158 - INFO - ✅ Extraction successful for Niger
2026-01-10 12:44:45,158 - INFO - 🌦️  Attempting chronos inference with weather for Niger...
2026-01-10 12:44:49,152 - WARNING - ⚠️  Weather failed for Niger, trying without weather...
2026-01-10 12:44:53,987 - INFO - ✅ Inference successful for Niger without weather
2026-01-10 12:44:53,987 - INFO - 
📈 PROGRESS UPDATE
2026-01-10 12:44:53,987 - INFO -    Countries processed: 115/186
2026-01-10 12:44:53,987 - INFO -    Successful extractions: 111
2026-01-10 12:44:53,987 - INFO -    Failed extractions: 0
2026-01-10 12:44:53,987 - INFO -    Successful inferences: 111
2026-01-10 12:44:53,988 - INFO -    Failed inferences: 0
2026-01-10 12:44:53,988 - INFO -    Skipped countries: 4
2026-01-10 12:44:53,988 - INFO -    Average processing time: 3.1s per country
2026-01-10 12:44:53,988 - INFO - 
🚀 Processing Nigeria
2026-01-10 12:44:53,988 - INFO -    ILI cases: 17,573
2026-01-10 12:44:53,988 - INFO -    ARI cases: 0
2026-01-10 12:44:53,988 - INFO -    Data types: ILI
2026-01-10 12:44:53,988 - INFO - Running extraction: /home/david/miniconda3/bin/python enhanced_extract_country_data.py --country Nigeria --input data/who_flu_data.csv --output_dir data/extracted_data
2026-01-10 12:44:55,311 - INFO - ✅ Extraction successful for Nigeria
2026-01-10 12:44:55,311 - INFO - 🌦️  Attempting chronos inference with weather for Nigeria...
2026-01-10 12:44:59,301 - WARNING - ⚠️  Weather failed for Nigeria, trying without weather...
2026-01-10 12:45:04,150 - INFO - ✅ Inference successful for Nigeria without weather
2026-01-10 12:45:04,151 - INFO - 
🚀 Processing Niue
2026-01-10 12:45:04,151 - INFO -    ILI cases: 4,465
2026-01-10 12:45:04,151 - INFO -    ARI cases: 0
2026-01-10 12:45:04,151 - INFO -    Data types: ILI
2026-01-10 12:45:04,151 - INFO - Running extraction: /home/david/miniconda3/bin/python enhanced_extract_country_data.py --country Niue --input data/who_flu_data.csv --output_dir data/extracted_data
2026-01-10 12:45:05,473 - INFO - ✅ Extraction successful for Niue
2026-01-10 12:45:05,474 - INFO - 🌦️  Attempting chronos inference with weather for Niue...
2026-01-10 12:45:09,446 - WARNING - ⚠️  Weather failed for Niue, trying without weather...
2026-01-10 12:45:14,652 - INFO - ✅ Inference successful for Niue without weather
2026-01-10 12:45:14,653 - INFO - 
🚀 Processing North Macedonia
2026-01-10 12:45:14,653 - INFO -    ILI cases: 574,986
2026-01-10 12:45:14,653 - INFO -    ARI cases: 0
2026-01-10 12:45:14,653 - INFO -    Data types: ARI, ILI
2026-01-10 12:45:14,653 - INFO - Running extraction: /home/david/miniconda3/bin/python enhanced_extract_country_data.py --country North Macedonia --input data/who_flu_data.csv --output_dir data/extracted_data
2026-01-10 12:45:15,970 - INFO - ✅ Extraction successful for North Macedonia
2026-01-10 12:45:15,970 - INFO - 🌦️  Attempting chronos inference with weather for North Macedonia...
2026-01-10 12:45:19,952 - WARNING - ⚠️  Weather failed for North Macedonia, trying without weather...
2026-01-10 12:45:24,832 - INFO - ✅ Inference successful for North Macedonia without weather
2026-01-10 12:45:24,833 - INFO - 
🚀 Processing Northern Mariana Islands
2026-01-10 12:45:24,833 - INFO -    ILI cases: 18,812
2026-01-10 12:45:24,833 - INFO -    ARI cases: 0
2026-01-10 12:45:24,833 - INFO -    Data types: ILI
2026-01-10 12:45:24,833 - INFO - Running extraction: /home/david/miniconda3/bin/python enhanced_extract_country_data.py --country Northern Mariana Islands --input data/who_flu_data.csv --output_dir data/extracted_data
2026-01-10 12:45:26,148 - INFO - ✅ Extraction successful for Northern Mariana Islands
2026-01-10 12:45:26,148 - INFO - 🌦️  Attempting chronos inference with weather for Northern Mariana Islands...
2026-01-10 12:45:31,420 - INFO - ✅ Inference successful for Northern Mariana Islands with weather
2026-01-10 12:45:31,420 - INFO - 
🚀 Processing Norway
2026-01-10 12:45:31,420 - INFO -    ILI cases: 2,580,758
2026-01-10 12:45:31,420 - INFO -    ARI cases: 0
2026-01-10 12:45:31,420 - INFO -    Data types: ARI, ILI
2026-01-10 12:45:31,420 - INFO - Running extraction: /home/david/miniconda3/bin/python enhanced_extract_country_data.py --country Norway --input data/who_flu_data.csv --output_dir data/extracted_data
2026-01-10 12:45:32,719 - INFO - ✅ Extraction successful for Norway
2026-01-10 12:45:32,720 - INFO - 🌦️  Attempting chronos inference with weather for Norway...
2026-01-10 12:45:37,968 - INFO - ✅ Inference successful for Norway with weather
2026-01-10 12:45:37,968 - INFO - 
📈 PROGRESS UPDATE
2026-01-10 12:45:37,968 - INFO -    Countries processed: 120/186
2026-01-10 12:45:37,968 - INFO -    Successful extractions: 116
2026-01-10 12:45:37,968 - INFO -    Failed extractions: 0
2026-01-10 12:45:37,968 - INFO -    Successful inferences: 116
2026-01-10 12:45:37,968 - INFO -    Failed inferences: 0
2026-01-10 12:45:37,968 - INFO -    Skipped countries: 4
2026-01-10 12:45:37,968 - INFO -    Average processing time: 3.1s per country
2026-01-10 12:45:37,968 - INFO - 
🚀 Processing Oman
2026-01-10 12:45:37,968 - INFO -    ILI cases: 22,673,707
2026-01-10 12:45:37,968 - INFO -    ARI cases: 24,136
2026-01-10 12:45:37,968 - INFO -    Data types: ARI, ILI
2026-01-10 12:45:37,969 - INFO - Running extraction: /home/david/miniconda3/bin/python enhanced_extract_country_data.py --country Oman --input data/who_flu_data.csv --output_dir data/extracted_data
2026-01-10 12:45:39,286 - INFO - ✅ Extraction successful for Oman
2026-01-10 12:45:39,286 - INFO - 🌦️  Attempting chronos inference with weather for Oman...
2026-01-10 12:45:43,250 - WARNING - ⚠️  Weather failed for Oman, trying without weather...
2026-01-10 12:45:48,076 - INFO - ✅ Inference successful for Oman without weather
2026-01-10 12:45:48,076 - INFO - 
🚀 Processing Pakistan
2026-01-10 12:45:48,076 - INFO -    ILI cases: 9,814
2026-01-10 12:45:48,077 - INFO -    ARI cases: 0
2026-01-10 12:45:48,077 - INFO -    Data types: ILI
2026-01-10 12:45:48,077 - INFO - Running extraction: /home/david/miniconda3/bin/python enhanced_extract_country_data.py --country Pakistan --input data/who_flu_data.csv --output_dir data/extracted_data
2026-01-10 12:45:49,407 - INFO - ✅ Extraction successful for Pakistan
2026-01-10 12:45:49,407 - INFO - 🌦️  Attempting chronos inference with weather for Pakistan...
2026-01-10 12:45:53,380 - WARNING - ⚠️  Weather failed for Pakistan, trying without weather...
2026-01-10 12:45:58,477 - INFO - ✅ Inference successful for Pakistan without weather
2026-01-10 12:45:58,478 - INFO - 
🚀 Processing Palau
2026-01-10 12:45:58,478 - INFO -    ILI cases: 6,641
2026-01-10 12:45:58,478 - INFO -    ARI cases: 0
2026-01-10 12:45:58,478 - INFO -    Data types: ILI
2026-01-10 12:45:58,478 - INFO - Running extraction: /home/david/miniconda3/bin/python enhanced_extract_country_data.py --country Palau --input data/who_flu_data.csv --output_dir data/extracted_data
2026-01-10 12:45:59,775 - INFO - ✅ Extraction successful for Palau
2026-01-10 12:45:59,775 - INFO - 🌦️  Attempting chronos inference with weather for Palau...
2026-01-10 12:46:05,045 - INFO - ✅ Inference successful for Palau with weather
2026-01-10 12:46:05,046 - INFO - 
🚀 Processing Panama
2026-01-10 12:46:05,046 - INFO -    ILI cases: 156,708
2026-01-10 12:46:05,046 - INFO -    ARI cases: 530
2026-01-10 12:46:05,046 - INFO -    Data types: ARI, ILI
2026-01-10 12:46:05,046 - INFO - Running extraction: /home/david/miniconda3/bin/python enhanced_extract_country_data.py --country Panama --input data/who_flu_data.csv --output_dir data/extracted_data
2026-01-10 12:46:06,362 - INFO - ✅ Extraction successful for Panama
2026-01-10 12:46:06,362 - INFO - 🌦️  Attempting chronos inference with weather for Panama...
2026-01-10 12:46:10,329 - WARNING - ⚠️  Weather failed for Panama, trying without weather...
2026-01-10 12:46:15,138 - INFO - ✅ Inference successful for Panama without weather
2026-01-10 12:46:15,139 - INFO - 
🚀 Processing Papua New Guinea
2026-01-10 12:46:15,139 - INFO -    ILI cases: 1,041
2026-01-10 12:46:15,139 - INFO -    ARI cases: 0
2026-01-10 12:46:15,139 - INFO -    Data types: ILI
2026-01-10 12:46:15,139 - INFO - Running extraction: /home/david/miniconda3/bin/python enhanced_extract_country_data.py --country Papua New Guinea --input data/who_flu_data.csv --output_dir data/extracted_data
2026-01-10 12:46:16,442 - INFO - ✅ Extraction successful for Papua New Guinea
2026-01-10 12:46:16,442 - INFO - 🌦️  Attempting chronos inference with weather for Papua New Guinea...
2026-01-10 12:46:20,423 - WARNING - ⚠️  Weather failed for Papua New Guinea, trying without weather...
2026-01-10 12:46:25,162 - INFO - ✅ Inference successful for Papua New Guinea without weather
2026-01-10 12:46:25,162 - INFO - 
📈 PROGRESS UPDATE
2026-01-10 12:46:25,162 - INFO -    Countries processed: 125/186
2026-01-10 12:46:25,162 - INFO -    Successful extractions: 121
2026-01-10 12:46:25,162 - INFO -    Failed extractions: 0
2026-01-10 12:46:25,162 - INFO -    Successful inferences: 121
2026-01-10 12:46:25,162 - INFO -    Failed inferences: 0
2026-01-10 12:46:25,162 - INFO -    Skipped countries: 4
2026-01-10 12:46:25,162 - INFO -    Average processing time: 3.1s per country
2026-01-10 12:46:25,163 - INFO - 
🚀 Processing Paraguay
2026-01-10 12:46:25,163 - INFO -    ILI cases: 616,234
2026-01-10 12:46:25,163 - INFO -    ARI cases: 24,841,353
2026-01-10 12:46:25,163 - INFO -    Data types: ARI, ILI
2026-01-10 12:46:25,163 - INFO - Running extraction: /home/david/miniconda3/bin/python enhanced_extract_country_data.py --country Paraguay --input data/who_flu_data.csv --output_dir data/extracted_data
2026-01-10 12:46:26,474 - INFO - ✅ Extraction successful for Paraguay
2026-01-10 12:46:26,474 - INFO - 🌦️  Attempting chronos inference with weather for Paraguay...
2026-01-10 12:46:30,432 - WARNING - ⚠️  Weather failed for Paraguay, trying without weather...
2026-01-10 12:46:35,261 - INFO - ✅ Inference successful for Paraguay without weather
2026-01-10 12:46:35,262 - INFO - 
🚀 Processing Peru
2026-01-10 12:46:35,262 - INFO -    ILI cases: 45,379
2026-01-10 12:46:35,262 - INFO -    ARI cases: 38,394,433
2026-01-10 12:46:35,262 - INFO -    Data types: ARI, ILI
2026-01-10 12:46:35,262 - INFO - Running extraction: /home/david/miniconda3/bin/python enhanced_extract_country_data.py --country Peru --input data/who_flu_data.csv --output_dir data/extracted_data
2026-01-10 12:46:36,550 - INFO - ✅ Extraction successful for Peru
2026-01-10 12:46:36,550 - INFO - 🌦️  Attempting chronos inference with weather for Peru...
2026-01-10 12:46:40,494 - WARNING - ⚠️  Weather failed for Peru, trying without weather...
2026-01-10 12:46:45,262 - INFO - ✅ Inference successful for Peru without weather
2026-01-10 12:46:45,262 - INFO - 
🚀 Processing Pitcairn
2026-01-10 12:46:45,262 - INFO -    ILI cases: 49
2026-01-10 12:46:45,263 - INFO -    ARI cases: 0
2026-01-10 12:46:45,263 - INFO -    Data types: ILI
2026-01-10 12:46:45,263 - INFO - Running extraction: /home/david/miniconda3/bin/python enhanced_extract_country_data.py --country Pitcairn --input data/who_flu_data.csv --output_dir data/extracted_data
2026-01-10 12:46:46,583 - INFO - ✅ Extraction successful for Pitcairn
2026-01-10 12:46:46,583 - INFO - 🌦️  Attempting chronos inference with weather for Pitcairn...
2026-01-10 12:46:50,624 - WARNING - ⚠️  Weather failed for Pitcairn, trying without weather...
2026-01-10 12:46:55,452 - INFO - ✅ Inference successful for Pitcairn without weather
2026-01-10 12:46:55,452 - INFO - 
🚀 Processing Poland
2026-01-10 12:46:55,452 - INFO -    ILI cases: 4,231,657
2026-01-10 12:46:55,452 - INFO -    ARI cases: 0
2026-01-10 12:46:55,452 - INFO -    Data types: ARI, ILI
2026-01-10 12:46:55,452 - INFO - Running extraction: /home/david/miniconda3/bin/python enhanced_extract_country_data.py --country Poland --input data/who_flu_data.csv --output_dir data/extracted_data
2026-01-10 12:46:56,752 - INFO - ✅ Extraction successful for Poland
2026-01-10 12:46:56,753 - INFO - 🌦️  Attempting chronos inference with weather for Poland...
2026-01-10 12:47:02,058 - INFO - ✅ Inference successful for Poland with weather
2026-01-10 12:47:02,059 - INFO - 
🚀 Processing Portugal
2026-01-10 12:47:02,060 - INFO -    ILI cases: 6,502
2026-01-10 12:47:02,060 - INFO -    ARI cases: 1,004
2026-01-10 12:47:02,060 - INFO -    Data types: ARI, ILI
2026-01-10 12:47:02,060 - INFO - Running extraction: /home/david/miniconda3/bin/python enhanced_extract_country_data.py --country Portugal --input data/who_flu_data.csv --output_dir data/extracted_data
2026-01-10 12:47:03,374 - INFO - ✅ Extraction successful for Portugal
2026-01-10 12:47:03,374 - INFO - 🌦️  Attempting chronos inference with weather for Portugal...
2026-01-10 12:47:08,610 - INFO - ✅ Inference successful for Portugal with weather
2026-01-10 12:47:08,610 - INFO - 
📈 PROGRESS UPDATE
2026-01-10 12:47:08,611 - INFO -    Countries processed: 130/186
2026-01-10 12:47:08,611 - INFO -    Successful extractions: 126
2026-01-10 12:47:08,611 - INFO -    Failed extractions: 0
2026-01-10 12:47:08,611 - INFO -    Successful inferences: 126
2026-01-10 12:47:08,611 - INFO -    Failed inferences: 0
2026-01-10 12:47:08,611 - INFO -    Skipped countries: 4
2026-01-10 12:47:08,611 - INFO -    Average processing time: 3.1s per country
2026-01-10 12:47:08,611 - INFO - 
🚀 Processing Qatar
2026-01-10 12:47:08,611 - INFO -    ILI cases: 16,664
2026-01-10 12:47:08,611 - INFO -    ARI cases: 0
2026-01-10 12:47:08,611 - INFO -    Data types: ILI
2026-01-10 12:47:08,611 - INFO - Running extraction: /home/david/miniconda3/bin/python enhanced_extract_country_data.py --country Qatar --input data/who_flu_data.csv --output_dir data/extracted_data
2026-01-10 12:47:09,908 - INFO - ✅ Extraction successful for Qatar
2026-01-10 12:47:09,909 - INFO - 🌦️  Attempting chronos inference with weather for Qatar...
2026-01-10 12:47:13,972 - WARNING - ⚠️  Weather failed for Qatar, trying without weather...
2026-01-10 12:47:18,781 - INFO - ✅ Inference successful for Qatar without weather
2026-01-10 12:47:18,781 - INFO - 
🚀 Processing Republic of Moldova
2026-01-10 12:47:18,781 - INFO -    ILI cases: 12,607,605
2026-01-10 12:47:18,781 - INFO -    ARI cases: 13,915,929
2026-01-10 12:47:18,781 - INFO -    Data types: ARI, ILI
2026-01-10 12:47:18,781 - INFO - Running extraction: /home/david/miniconda3/bin/python enhanced_extract_country_data.py --country Republic of Moldova --input data/who_flu_data.csv --output_dir data/extracted_data
2026-01-10 12:47:20,060 - INFO - ✅ Extraction successful for Republic of Moldova
2026-01-10 12:47:20,060 - INFO - 🌦️  Attempting chronos inference with weather for Republic of Moldova...
2026-01-10 12:47:25,459 - INFO - ✅ Inference successful for Republic of Moldova with weather
2026-01-10 12:47:25,460 - INFO - 
🚀 Processing Romania
2026-01-10 12:47:25,460 - INFO -    ILI cases: 29,670
2026-01-10 12:47:25,460 - INFO -    ARI cases: 5,292,138
2026-01-10 12:47:25,460 - INFO -    Data types: ARI, ILI
2026-01-10 12:47:25,460 - INFO - Running extraction: /home/david/miniconda3/bin/python enhanced_extract_country_data.py --country Romania --input data/who_flu_data.csv --output_dir data/extracted_data
2026-01-10 12:47:26,742 - INFO - ✅ Extraction successful for Romania
2026-01-10 12:47:26,742 - INFO - 🌦️  Attempting chronos inference with weather for Romania...
2026-01-10 12:47:32,039 - INFO - ✅ Inference successful for Romania with weather
2026-01-10 12:47:32,039 - INFO - 
🚀 Processing Russian Federation
2026-01-10 12:47:32,039 - INFO -    ILI cases: 1,645,491
2026-01-10 12:47:32,039 - INFO -    ARI cases: 471,858,357
2026-01-10 12:47:32,039 - INFO -    Data types: ARI, ILI
2026-01-10 12:47:32,039 - INFO - Running extraction: /home/david/miniconda3/bin/python enhanced_extract_country_data.py --country Russian Federation --input data/who_flu_data.csv --output_dir data/extracted_data
2026-01-10 12:47:33,336 - INFO - ✅ Extraction successful for Russian Federation
2026-01-10 12:47:33,337 - INFO - 🌦️  Attempting chronos inference with weather for Russian Federation...
2026-01-10 12:47:37,314 - WARNING - ⚠️  Weather failed for Russian Federation, trying without weather...
2026-01-10 12:47:42,112 - INFO - ✅ Inference successful for Russian Federation without weather
2026-01-10 12:47:42,113 - INFO - 
🚀 Processing Rwanda
2026-01-10 12:47:42,113 - INFO -    ILI cases: 5,507
2026-01-10 12:47:42,113 - INFO -    ARI cases: 0
2026-01-10 12:47:42,113 - INFO -    Data types: ILI
2026-01-10 12:47:42,113 - INFO - Running extraction: /home/david/miniconda3/bin/python enhanced_extract_country_data.py --country Rwanda --input data/who_flu_data.csv --output_dir data/extracted_data
2026-01-10 12:47:43,439 - INFO - ✅ Extraction successful for Rwanda
2026-01-10 12:47:43,439 - INFO - 🌦️  Attempting chronos inference with weather for Rwanda...
2026-01-10 12:47:47,439 - WARNING - ⚠️  Weather failed for Rwanda, trying without weather...
2026-01-10 12:47:52,293 - INFO - ✅ Inference successful for Rwanda without weather
2026-01-10 12:47:52,293 - INFO - 
📈 PROGRESS UPDATE
2026-01-10 12:47:52,293 - INFO -    Countries processed: 135/186
2026-01-10 12:47:52,293 - INFO -    Successful extractions: 131
2026-01-10 12:47:52,293 - INFO -    Failed extractions: 0
2026-01-10 12:47:52,293 - INFO -    Successful inferences: 131
2026-01-10 12:47:52,293 - INFO -    Failed inferences: 0
2026-01-10 12:47:52,293 - INFO -    Skipped countries: 4
2026-01-10 12:47:52,293 - INFO -    Average processing time: 3.1s per country
2026-01-10 12:47:52,293 - INFO - 
🚀 Processing Saint Kitts and Nevis
2026-01-10 12:47:52,293 - INFO -    ILI cases: 169
2026-01-10 12:47:52,293 - INFO -    ARI cases: 0
2026-01-10 12:47:52,294 - INFO -    Data types: ILI
2026-01-10 12:47:52,294 - INFO - Running extraction: /home/david/miniconda3/bin/python enhanced_extract_country_data.py --country Saint Kitts and Nevis --input data/who_flu_data.csv --output_dir data/extracted_data
2026-01-10 12:47:53,616 - INFO - ✅ Extraction successful for Saint Kitts and Nevis
2026-01-10 12:47:53,616 - INFO - 🌦️  Attempting chronos inference with weather for Saint Kitts and Nevis...
2026-01-10 12:47:58,529 - INFO - ✅ Inference successful for Saint Kitts and Nevis with weather
2026-01-10 12:47:58,529 - INFO - 
🚀 Processing Saint Lucia
2026-01-10 12:47:58,529 - INFO -    ILI cases: 2,468
2026-01-10 12:47:58,529 - INFO -    ARI cases: 3,566
2026-01-10 12:47:58,529 - INFO -    Data types: ARI, ILI
2026-01-10 12:47:58,529 - INFO - Running extraction: /home/david/miniconda3/bin/python enhanced_extract_country_data.py --country Saint Lucia --input data/who_flu_data.csv --output_dir data/extracted_data
2026-01-10 12:47:59,823 - INFO - ✅ Extraction successful for Saint Lucia
2026-01-10 12:47:59,824 - INFO - 🌦️  Attempting chronos inference with weather for Saint Lucia...
2026-01-10 12:48:03,818 - WARNING - ⚠️  Weather failed for Saint Lucia, trying without weather...
2026-01-10 12:48:08,603 - INFO - ✅ Inference successful for Saint Lucia without weather
2026-01-10 12:48:08,604 - INFO - 
🚀 Processing Saint Vincent and the Grenadines
2026-01-10 12:48:08,604 - INFO -    ILI cases: 3,426
2026-01-10 12:48:08,604 - INFO -    ARI cases: 13,941
2026-01-10 12:48:08,604 - INFO -    Data types: ARI, ILI
2026-01-10 12:48:08,604 - INFO - Running extraction: /home/david/miniconda3/bin/python enhanced_extract_country_data.py --country Saint Vincent and the Grenadines --input data/who_flu_data.csv --output_dir data/extracted_data
2026-01-10 12:48:09,915 - INFO - ✅ Extraction successful for Saint Vincent and the Grenadines
2026-01-10 12:48:09,915 - INFO - 🌦️  Attempting chronos inference with weather for Saint Vincent and the Grenadines...
2026-01-10 12:48:15,097 - INFO - ✅ Inference successful for Saint Vincent and the Grenadines with weather
2026-01-10 12:48:15,097 - INFO - 
🚀 Processing Samoa
2026-01-10 12:48:15,097 - INFO -    ILI cases: 460,408
2026-01-10 12:48:15,097 - INFO -    ARI cases: 0
2026-01-10 12:48:15,097 - INFO -    Data types: ILI
2026-01-10 12:48:15,097 - INFO - Running extraction: /home/david/miniconda3/bin/python enhanced_extract_country_data.py --country Samoa --input data/who_flu_data.csv --output_dir data/extracted_data
2026-01-10 12:48:16,409 - INFO - ✅ Extraction successful for Samoa
2026-01-10 12:48:16,409 - INFO - 🌦️  Attempting chronos inference with weather for Samoa...
2026-01-10 12:48:21,689 - INFO - ✅ Inference successful for Samoa with weather
2026-01-10 12:48:21,689 - INFO - 
🚀 Processing Saudi Arabia
2026-01-10 12:48:21,689 - INFO -    ILI cases: 203,898
2026-01-10 12:48:21,689 - INFO -    ARI cases: 0
2026-01-10 12:48:21,689 - INFO -    Data types: ILI
2026-01-10 12:48:21,689 - INFO - Running extraction: /home/david/miniconda3/bin/python enhanced_extract_country_data.py --country Saudi Arabia --input data/who_flu_data.csv --output_dir data/extracted_data
2026-01-10 12:48:23,016 - INFO - ✅ Extraction successful for Saudi Arabia
2026-01-10 12:48:23,016 - INFO - 🌦️  Attempting chronos inference with weather for Saudi Arabia...
2026-01-10 12:48:26,978 - WARNING - ⚠️  Weather failed for Saudi Arabia, trying without weather...
2026-01-10 12:48:31,812 - INFO - ✅ Inference successful for Saudi Arabia without weather
2026-01-10 12:48:31,812 - INFO - 
📈 PROGRESS UPDATE
2026-01-10 12:48:31,812 - INFO -    Countries processed: 140/186
2026-01-10 12:48:31,813 - INFO -    Successful extractions: 136
2026-01-10 12:48:31,813 - INFO -    Failed extractions: 0
2026-01-10 12:48:31,813 - INFO -    Successful inferences: 136
2026-01-10 12:48:31,813 - INFO -    Failed inferences: 0
2026-01-10 12:48:31,813 - INFO -    Skipped countries: 4
2026-01-10 12:48:31,813 - INFO -    Average processing time: 3.1s per country
2026-01-10 12:48:31,813 - INFO - 
🚀 Processing Senegal
2026-01-10 12:48:31,813 - INFO -    ILI cases: 69,240
2026-01-10 12:48:31,813 - INFO -    ARI cases: 0
2026-01-10 12:48:31,813 - INFO -    Data types: ILI
2026-01-10 12:48:31,813 - INFO - Running extraction: /home/david/miniconda3/bin/python enhanced_extract_country_data.py --country Senegal --input data/who_flu_data.csv --output_dir data/extracted_data
2026-01-10 12:48:33,111 - INFO - ✅ Extraction successful for Senegal
2026-01-10 12:48:33,111 - INFO - 🌦️  Attempting chronos inference with weather for Senegal...
2026-01-10 12:48:37,065 - WARNING - ⚠️  Weather failed for Senegal, trying without weather...
2026-01-10 12:48:41,817 - INFO - ✅ Inference successful for Senegal without weather
2026-01-10 12:48:41,817 - INFO - 
🚀 Processing Serbia
2026-01-10 12:48:41,819 - INFO -    ILI cases: 5,998,620
2026-01-10 12:48:41,819 - INFO -    ARI cases: 0
2026-01-10 12:48:41,819 - INFO -    Data types: ARI, ILI
2026-01-10 12:48:41,819 - INFO - Running extraction: /home/david/miniconda3/bin/python enhanced_extract_country_data.py --country Serbia --input data/who_flu_data.csv --output_dir data/extracted_data
2026-01-10 12:48:43,126 - INFO - ✅ Extraction successful for Serbia
2026-01-10 12:48:43,126 - INFO - 🌦️  Attempting chronos inference with weather for Serbia...
2026-01-10 12:48:47,124 - WARNING - ⚠️  Weather failed for Serbia, trying without weather...
2026-01-10 12:48:51,980 - INFO - ✅ Inference successful for Serbia without weather
2026-01-10 12:48:51,980 - INFO - 
🚀 Processing Sierra Leone
2026-01-10 12:48:51,980 - INFO -    ILI cases: 9,816
2026-01-10 12:48:51,980 - INFO -    ARI cases: 0
2026-01-10 12:48:51,980 - INFO -    Data types: ILI
2026-01-10 12:48:51,980 - INFO - Running extraction: /home/david/miniconda3/bin/python enhanced_extract_country_data.py --country Sierra Leone --input data/who_flu_data.csv --output_dir data/extracted_data
2026-01-10 12:48:53,298 - INFO - ✅ Extraction successful for Sierra Leone
2026-01-10 12:48:53,298 - INFO - 🌦️  Attempting chronos inference with weather for Sierra Leone...
2026-01-10 12:48:57,258 - WARNING - ⚠️  Weather failed for Sierra Leone, trying without weather...
2026-01-10 12:49:02,081 - INFO - ✅ Inference successful for Sierra Leone without weather
2026-01-10 12:49:02,082 - INFO - 
🚀 Processing Singapore
2026-01-10 12:49:02,082 - INFO -    ILI cases: 110,823
2026-01-10 12:49:02,082 - INFO -    ARI cases: 0
2026-01-10 12:49:02,082 - INFO -    Data types: ILI
2026-01-10 12:49:02,082 - INFO - Running extraction: /home/david/miniconda3/bin/python enhanced_extract_country_data.py --country Singapore --input data/who_flu_data.csv --output_dir data/extracted_data
2026-01-10 12:49:03,362 - INFO - ✅ Extraction successful for Singapore
2026-01-10 12:49:03,362 - INFO - 🌦️  Attempting chronos inference with weather for Singapore...
2026-01-10 12:49:07,330 - WARNING - ⚠️  Weather failed for Singapore, trying without weather...
2026-01-10 12:49:12,150 - INFO - ✅ Inference successful for Singapore without weather
2026-01-10 12:49:12,150 - INFO - 
🚀 Processing Sint Maarten (Dutch part)
2026-01-10 12:49:12,151 - INFO -    ILI cases: 685
2026-01-10 12:49:12,151 - INFO -    ARI cases: 0
2026-01-10 12:49:12,151 - INFO -    Data types: ILI
2026-01-10 12:49:12,151 - INFO - Running extraction: /home/david/miniconda3/bin/python enhanced_extract_country_data.py --country Sint Maarten (Dutch part) --input data/who_flu_data.csv --output_dir data/extracted_data
2026-01-10 12:49:13,461 - INFO - ✅ Extraction successful for Sint Maarten (Dutch part)
2026-01-10 12:49:13,461 - INFO - 🌦️  Attempting chronos inference with weather for Sint Maarten (Dutch part)...
2026-01-10 12:49:18,347 - INFO - ✅ Inference successful for Sint Maarten (Dutch part) with weather
2026-01-10 12:49:18,348 - INFO - 
📈 PROGRESS UPDATE
2026-01-10 12:49:18,348 - INFO -    Countries processed: 145/186
2026-01-10 12:49:18,348 - INFO -    Successful extractions: 141
2026-01-10 12:49:18,348 - INFO -    Failed extractions: 0
2026-01-10 12:49:18,348 - INFO -    Successful inferences: 141
2026-01-10 12:49:18,348 - INFO -    Failed inferences: 0
2026-01-10 12:49:18,348 - INFO -    Skipped countries: 4
2026-01-10 12:49:18,348 - INFO -    Average processing time: 3.0s per country
2026-01-10 12:49:18,348 - INFO - 
🚀 Processing Slovakia
2026-01-10 12:49:18,348 - INFO -    ILI cases: 6,272,156
2026-01-10 12:49:18,348 - INFO -    ARI cases: 60,282,674
2026-01-10 12:49:18,348 - INFO -    Data types: ARI, ILI
2026-01-10 12:49:18,348 - INFO - Running extraction: /home/david/miniconda3/bin/python enhanced_extract_country_data.py --country Slovakia --input data/who_flu_data.csv --output_dir data/extracted_data
2026-01-10 12:49:19,654 - INFO - ✅ Extraction successful for Slovakia
2026-01-10 12:49:19,654 - INFO - 🌦️  Attempting chronos inference with weather for Slovakia...
2026-01-10 12:49:25,027 - INFO - ✅ Inference successful for Slovakia with weather
2026-01-10 12:49:25,027 - INFO - 
🚀 Processing Slovenia
2026-01-10 12:49:25,027 - INFO -    ILI cases: 20,952
2026-01-10 12:49:25,027 - INFO -    ARI cases: 1,292,439
2026-01-10 12:49:25,027 - INFO -    Data types: ARI, ILI
2026-01-10 12:49:25,027 - INFO - Running extraction: /home/david/miniconda3/bin/python enhanced_extract_country_data.py --country Slovenia --input data/who_flu_data.csv --output_dir data/extracted_data
2026-01-10 12:49:26,306 - INFO - ✅ Extraction successful for Slovenia
2026-01-10 12:49:26,306 - INFO - 🌦️  Attempting chronos inference with weather for Slovenia...
2026-01-10 12:49:31,662 - INFO - ✅ Inference successful for Slovenia with weather
2026-01-10 12:49:31,662 - INFO - 
🚀 Processing Solomon Islands
2026-01-10 12:49:31,662 - INFO -    ILI cases: 162,281
2026-01-10 12:49:31,662 - INFO -    ARI cases: 0
2026-01-10 12:49:31,662 - INFO -    Data types: ILI
2026-01-10 12:49:31,662 - INFO - Running extraction: /home/david/miniconda3/bin/python enhanced_extract_country_data.py --country Solomon Islands --input data/who_flu_data.csv --output_dir data/extracted_data
2026-01-10 12:49:32,942 - INFO - ✅ Extraction successful for Solomon Islands
2026-01-10 12:49:32,942 - INFO - 🌦️  Attempting chronos inference with weather for Solomon Islands...
2026-01-10 12:49:36,968 - WARNING - ⚠️  Weather failed for Solomon Islands, trying without weather...
2026-01-10 12:49:41,760 - INFO - ✅ Inference successful for Solomon Islands without weather
2026-01-10 12:49:41,760 - INFO - 
🚀 Processing Somalia
2026-01-10 12:49:41,760 - INFO -    ILI cases: 17,492
2026-01-10 12:49:41,760 - INFO -    ARI cases: 0
2026-01-10 12:49:41,760 - INFO -    Data types: ILI
2026-01-10 12:49:41,760 - INFO - Running extraction: /home/david/miniconda3/bin/python enhanced_extract_country_data.py --country Somalia --input data/who_flu_data.csv --output_dir data/extracted_data
2026-01-10 12:49:43,094 - INFO - ✅ Extraction successful for Somalia
2026-01-10 12:49:43,094 - INFO - 🌦️  Attempting chronos inference with weather for Somalia...
2026-01-10 12:49:47,149 - WARNING - ⚠️  Weather failed for Somalia, trying without weather...
2026-01-10 12:49:51,895 - INFO - ✅ Inference successful for Somalia without weather
2026-01-10 12:49:51,896 - INFO - 
🚀 Processing South Africa
2026-01-10 12:49:51,896 - INFO -    ILI cases: 24,450
2026-01-10 12:49:51,896 - INFO -    ARI cases: 0
2026-01-10 12:49:51,896 - INFO -    Data types: ILI
2026-01-10 12:49:51,896 - INFO - Running extraction: /home/david/miniconda3/bin/python enhanced_extract_country_data.py --country South Africa --input data/who_flu_data.csv --output_dir data/extracted_data
2026-01-10 12:49:53,176 - INFO - ✅ Extraction successful for South Africa
2026-01-10 12:49:53,176 - INFO - 🌦️  Attempting chronos inference with weather for South Africa...
2026-01-10 12:49:57,143 - WARNING - ⚠️  Weather failed for South Africa, trying without weather...
2026-01-10 12:50:01,903 - INFO - ✅ Inference successful for South Africa without weather
2026-01-10 12:50:01,903 - INFO - 
📈 PROGRESS UPDATE
2026-01-10 12:50:01,903 - INFO -    Countries processed: 150/186
2026-01-10 12:50:01,903 - INFO -    Successful extractions: 146
2026-01-10 12:50:01,903 - INFO -    Failed extractions: 0
2026-01-10 12:50:01,903 - INFO -    Successful inferences: 146
2026-01-10 12:50:01,903 - INFO -    Failed inferences: 0
2026-01-10 12:50:01,903 - INFO -    Skipped countries: 4
2026-01-10 12:50:01,903 - INFO -    Average processing time: 3.0s per country
2026-01-10 12:50:01,904 - INFO - 
🚀 Processing South Sudan
2026-01-10 12:50:01,904 - INFO -    ILI cases: 65,986
2026-01-10 12:50:01,904 - INFO -    ARI cases: 0
2026-01-10 12:50:01,904 - INFO -    Data types: ILI
2026-01-10 12:50:01,904 - INFO - Running extraction: /home/david/miniconda3/bin/python enhanced_extract_country_data.py --country South Sudan --input data/who_flu_data.csv --output_dir data/extracted_data
2026-01-10 12:50:03,215 - INFO - ✅ Extraction successful for South Sudan
2026-01-10 12:50:03,215 - INFO - 🌦️  Attempting chronos inference with weather for South Sudan...
2026-01-10 12:50:07,196 - WARNING - ⚠️  Weather failed for South Sudan, trying without weather...
2026-01-10 12:50:11,963 - INFO - ✅ Inference successful for South Sudan without weather
2026-01-10 12:50:11,963 - INFO - 
🚀 Processing Spain
2026-01-10 12:50:11,963 - INFO -    ILI cases: 2,794,420
2026-01-10 12:50:11,963 - INFO -    ARI cases: 86,934,751
2026-01-10 12:50:11,963 - INFO -    Data types: ARI, ILI
2026-01-10 12:50:11,963 - INFO - Running extraction: /home/david/miniconda3/bin/python enhanced_extract_country_data.py --country Spain --input data/who_flu_data.csv --output_dir data/extracted_data
2026-01-10 12:50:13,263 - INFO - ✅ Extraction successful for Spain
2026-01-10 12:50:13,264 - INFO - 🌦️  Attempting chronos inference with weather for Spain...
2026-01-10 12:50:17,260 - WARNING - ⚠️  Weather failed for Spain, trying without weather...
2026-01-10 12:50:22,124 - INFO - ✅ Inference successful for Spain without weather
2026-01-10 12:50:22,125 - INFO - 
🚀 Processing Sri Lanka
2026-01-10 12:50:22,125 - INFO -    ILI cases: 1,478,968
2026-01-10 12:50:22,125 - INFO -    ARI cases: 0
2026-01-10 12:50:22,125 - INFO -    Data types: ILI
2026-01-10 12:50:22,125 - INFO - Running extraction: /home/david/miniconda3/bin/python enhanced_extract_country_data.py --country Sri Lanka --input data/who_flu_data.csv --output_dir data/extracted_data
2026-01-10 12:50:23,431 - INFO - ✅ Extraction successful for Sri Lanka
2026-01-10 12:50:23,431 - INFO - 🌦️  Attempting chronos inference with weather for Sri Lanka...
2026-01-10 12:50:27,387 - WARNING - ⚠️  Weather failed for Sri Lanka, trying without weather...
2026-01-10 12:50:32,170 - INFO - ✅ Inference successful for Sri Lanka without weather
2026-01-10 12:50:32,171 - INFO - 
🚀 Processing Sudan
2026-01-10 12:50:32,171 - INFO -    ILI cases: 114
2026-01-10 12:50:32,171 - INFO -    ARI cases: 0
2026-01-10 12:50:32,171 - INFO -    Data types: ILI
2026-01-10 12:50:32,171 - INFO - Running extraction: /home/david/miniconda3/bin/python enhanced_extract_country_data.py --country Sudan --input data/who_flu_data.csv --output_dir data/extracted_data
2026-01-10 12:50:33,485 - INFO - ✅ Extraction successful for Sudan
2026-01-10 12:50:33,485 - INFO - 🌦️  Attempting chronos inference with weather for Sudan...
2026-01-10 12:50:37,442 - WARNING - ⚠️  Weather failed for Sudan, trying without weather...
2026-01-10 12:50:42,248 - INFO - ✅ Inference successful for Sudan without weather
2026-01-10 12:50:42,248 - INFO - 
🚀 Processing Suriname
2026-01-10 12:50:42,248 - INFO -    ILI cases: 1,348
2026-01-10 12:50:42,248 - INFO -    ARI cases: 44,470
2026-01-10 12:50:42,248 - INFO -    Data types: ARI, ILI
2026-01-10 12:50:42,248 - INFO - Running extraction: /home/david/miniconda3/bin/python enhanced_extract_country_data.py --country Suriname --input data/who_flu_data.csv --output_dir data/extracted_data
2026-01-10 12:50:43,546 - INFO - ✅ Extraction successful for Suriname
2026-01-10 12:50:43,547 - INFO - 🌦️  Attempting chronos inference with weather for Suriname...
2026-01-10 12:50:47,517 - WARNING - ⚠️  Weather failed for Suriname, trying without weather...
2026-01-10 12:50:52,375 - INFO - ✅ Inference successful for Suriname without weather
2026-01-10 12:50:52,375 - INFO - 
📈 PROGRESS UPDATE
2026-01-10 12:50:52,375 - INFO -    Countries processed: 155/186
2026-01-10 12:50:52,375 - INFO -    Successful extractions: 151
2026-01-10 12:50:52,375 - INFO -    Failed extractions: 0
2026-01-10 12:50:52,375 - INFO -    Successful inferences: 151
2026-01-10 12:50:52,375 - INFO -    Failed inferences: 0
2026-01-10 12:50:52,375 - INFO -    Skipped countries: 4
2026-01-10 12:50:52,375 - INFO -    Average processing time: 3.0s per country
2026-01-10 12:50:52,375 - INFO - 
🚀 Processing Sweden
2026-01-10 12:50:52,375 - INFO -    ILI cases: 9,702
2026-01-10 12:50:52,375 - INFO -    ARI cases: 0
2026-01-10 12:50:52,375 - INFO -    Data types: ARI, ILI
2026-01-10 12:50:52,375 - INFO - Running extraction: /home/david/miniconda3/bin/python enhanced_extract_country_data.py --country Sweden --input data/who_flu_data.csv --output_dir data/extracted_data
2026-01-10 12:50:53,683 - INFO - ✅ Extraction successful for Sweden
2026-01-10 12:50:53,683 - INFO - 🌦️  Attempting chronos inference with weather for Sweden...
2026-01-10 12:50:57,658 - WARNING - ⚠️  Weather failed for Sweden, trying without weather...
2026-01-10 12:51:02,515 - INFO - ✅ Inference successful for Sweden without weather
2026-01-10 12:51:02,515 - INFO - 
🚀 Processing Switzerland
2026-01-10 12:51:02,515 - INFO -    ILI cases: 146,858
2026-01-10 12:51:02,515 - INFO -    ARI cases: 0
2026-01-10 12:51:02,515 - INFO -    Data types: ARI, ILI
2026-01-10 12:51:02,515 - INFO - Running extraction: /home/david/miniconda3/bin/python enhanced_extract_country_data.py --country Switzerland --input data/who_flu_data.csv --output_dir data/extracted_data
2026-01-10 12:51:03,834 - INFO - ✅ Extraction successful for Switzerland
2026-01-10 12:51:03,834 - INFO - 🌦️  Attempting chronos inference with weather for Switzerland...
2026-01-10 12:51:07,782 - WARNING - ⚠️  Weather failed for Switzerland, trying without weather...
2026-01-10 12:51:12,620 - INFO - ✅ Inference successful for Switzerland without weather
2026-01-10 12:51:12,620 - INFO - 
🚀 Processing Tajikistan
2026-01-10 12:51:12,620 - INFO -    ILI cases: 41,093
2026-01-10 12:51:12,620 - INFO -    ARI cases: 1,843,652
2026-01-10 12:51:12,620 - INFO -    Data types: ARI, ILI
2026-01-10 12:51:12,621 - INFO - Running extraction: /home/david/miniconda3/bin/python enhanced_extract_country_data.py --country Tajikistan --input data/who_flu_data.csv --output_dir data/extracted_data
2026-01-10 12:51:13,921 - INFO - ✅ Extraction successful for Tajikistan
2026-01-10 12:51:13,921 - INFO - 🌦️  Attempting chronos inference with weather for Tajikistan...
2026-01-10 12:51:17,885 - WARNING - ⚠️  Weather failed for Tajikistan, trying without weather...
2026-01-10 12:51:22,751 - INFO - ✅ Inference successful for Tajikistan without weather
2026-01-10 12:51:22,752 - INFO - 
🚀 Processing Thailand
2026-01-10 12:51:22,752 - INFO -    ILI cases: 37,661,158
2026-01-10 12:51:22,752 - INFO -    ARI cases: 0
2026-01-10 12:51:22,752 - INFO -    Data types: ILI
2026-01-10 12:51:22,752 - INFO - Running extraction: /home/david/miniconda3/bin/python enhanced_extract_country_data.py --country Thailand --input data/who_flu_data.csv --output_dir data/extracted_data
2026-01-10 12:51:24,052 - INFO - ✅ Extraction successful for Thailand
2026-01-10 12:51:24,052 - INFO - 🌦️  Attempting chronos inference with weather for Thailand...
2026-01-10 12:51:28,053 - WARNING - ⚠️  Weather failed for Thailand, trying without weather...
2026-01-10 12:51:32,943 - INFO - ✅ Inference successful for Thailand without weather
2026-01-10 12:51:32,944 - INFO - 
🚀 Processing Timor-Leste
2026-01-10 12:51:32,944 - INFO -    ILI cases: 11,485
2026-01-10 12:51:32,944 - INFO -    ARI cases: 0
2026-01-10 12:51:32,944 - INFO -    Data types: ILI
2026-01-10 12:51:32,944 - INFO - Running extraction: /home/david/miniconda3/bin/python enhanced_extract_country_data.py --country Timor-Leste --input data/who_flu_data.csv --output_dir data/extracted_data
2026-01-10 12:51:34,250 - INFO - ✅ Extraction successful for Timor-Leste
2026-01-10 12:51:34,251 - INFO - 🌦️  Attempting chronos inference with weather for Timor-Leste...
2026-01-10 12:51:38,190 - WARNING - ⚠️  Weather failed for Timor-Leste, trying without weather...
2026-01-10 12:51:42,913 - INFO - ✅ Inference successful for Timor-Leste without weather
2026-01-10 12:51:42,913 - INFO - 
📈 PROGRESS UPDATE
2026-01-10 12:51:42,913 - INFO -    Countries processed: 160/186
2026-01-10 12:51:42,913 - INFO -    Successful extractions: 156
2026-01-10 12:51:42,913 - INFO -    Failed extractions: 0
2026-01-10 12:51:42,913 - INFO -    Successful inferences: 156
2026-01-10 12:51:42,913 - INFO -    Failed inferences: 0
2026-01-10 12:51:42,913 - INFO -    Skipped countries: 4
2026-01-10 12:51:42,913 - INFO -    Average processing time: 3.0s per country
2026-01-10 12:51:42,913 - INFO - 
🚀 Processing Togo
2026-01-10 12:51:42,913 - INFO -    ILI cases: 30,018
2026-01-10 12:51:42,914 - INFO -    ARI cases: 0
2026-01-10 12:51:42,914 - INFO -    Data types: ILI
2026-01-10 12:51:42,914 - INFO - Running extraction: /home/david/miniconda3/bin/python enhanced_extract_country_data.py --country Togo --input data/who_flu_data.csv --output_dir data/extracted_data
2026-01-10 12:51:44,214 - INFO - ✅ Extraction successful for Togo
2026-01-10 12:51:44,214 - INFO - 🌦️  Attempting chronos inference with weather for Togo...
2026-01-10 12:51:48,190 - WARNING - ⚠️  Weather failed for Togo, trying without weather...
2026-01-10 12:51:53,008 - INFO - ✅ Inference successful for Togo without weather
2026-01-10 12:51:53,008 - INFO - 
🚀 Processing Tokelau
2026-01-10 12:51:53,008 - INFO -    ILI cases: 2,844
2026-01-10 12:51:53,008 - INFO -    ARI cases: 0
2026-01-10 12:51:53,008 - INFO -    Data types: ILI
2026-01-10 12:51:53,008 - INFO - Running extraction: /home/david/miniconda3/bin/python enhanced_extract_country_data.py --country Tokelau --input data/who_flu_data.csv --output_dir data/extracted_data
2026-01-10 12:51:54,324 - INFO - ✅ Extraction successful for Tokelau
2026-01-10 12:51:54,325 - INFO - 🌦️  Attempting chronos inference with weather for Tokelau...
2026-01-10 12:51:58,327 - WARNING - ⚠️  Weather failed for Tokelau, trying without weather...
2026-01-10 12:52:03,172 - INFO - ✅ Inference successful for Tokelau without weather
2026-01-10 12:52:03,172 - INFO - 
🚀 Processing Tonga
2026-01-10 12:52:03,172 - INFO -    ILI cases: 67,941
2026-01-10 12:52:03,172 - INFO -    ARI cases: 0
2026-01-10 12:52:03,172 - INFO -    Data types: ILI
2026-01-10 12:52:03,172 - INFO - Running extraction: /home/david/miniconda3/bin/python enhanced_extract_country_data.py --country Tonga --input data/who_flu_data.csv --output_dir data/extracted_data
2026-01-10 12:52:04,488 - INFO - ✅ Extraction successful for Tonga
2026-01-10 12:52:04,488 - INFO - 🌦️  Attempting chronos inference with weather for Tonga...
2026-01-10 12:52:09,801 - INFO - ✅ Inference successful for Tonga with weather
2026-01-10 12:52:09,801 - INFO - 
🚀 Processing Trinidad and Tobago
2026-01-10 12:52:09,801 - INFO -    ILI cases: 30,767
2026-01-10 12:52:09,801 - INFO -    ARI cases: 9,672
2026-01-10 12:52:09,801 - INFO -    Data types: ARI, ILI
2026-01-10 12:52:09,801 - INFO - Running extraction: /home/david/miniconda3/bin/python enhanced_extract_country_data.py --country Trinidad and Tobago --input data/who_flu_data.csv --output_dir data/extracted_data
2026-01-10 12:52:11,092 - INFO - ✅ Extraction successful for Trinidad and Tobago
2026-01-10 12:52:11,092 - INFO - 🌦️  Attempting chronos inference with weather for Trinidad and Tobago...
2026-01-10 12:52:15,091 - WARNING - ⚠️  Weather failed for Trinidad and Tobago, trying without weather...
2026-01-10 12:52:20,068 - INFO - ✅ Inference successful for Trinidad and Tobago without weather
2026-01-10 12:52:20,068 - INFO - 
🚀 Processing Turkmenistan
2026-01-10 12:52:20,068 - INFO -    ILI cases: 3,355
2026-01-10 12:52:20,068 - INFO -    ARI cases: 152,676
2026-01-10 12:52:20,068 - INFO -    Data types: ARI, ILI
2026-01-10 12:52:20,069 - INFO - Running extraction: /home/david/miniconda3/bin/python enhanced_extract_country_data.py --country Turkmenistan --input data/who_flu_data.csv --output_dir data/extracted_data
2026-01-10 12:52:21,367 - INFO - ✅ Extraction successful for Turkmenistan
2026-01-10 12:52:21,368 - INFO - 🌦️  Attempting chronos inference with weather for Turkmenistan...
2026-01-10 12:52:25,342 - WARNING - ⚠️  Weather failed for Turkmenistan, trying without weather...
2026-01-10 12:52:30,181 - INFO - ✅ Inference successful for Turkmenistan without weather
2026-01-10 12:52:30,181 - INFO - 
📈 PROGRESS UPDATE
2026-01-10 12:52:30,182 - INFO -    Countries processed: 165/186
2026-01-10 12:52:30,182 - INFO -    Successful extractions: 161
2026-01-10 12:52:30,182 - INFO -    Failed extractions: 0
2026-01-10 12:52:30,182 - INFO -    Successful inferences: 161
2026-01-10 12:52:30,182 - INFO -    Failed inferences: 0
2026-01-10 12:52:30,182 - INFO -    Skipped countries: 4
2026-01-10 12:52:30,182 - INFO -    Average processing time: 3.0s per country
2026-01-10 12:52:30,182 - INFO - 
🚀 Processing Turks and Caicos Islands
2026-01-10 12:52:30,182 - INFO -    ILI cases: 2,450
2026-01-10 12:52:30,182 - INFO -    ARI cases: 0
2026-01-10 12:52:30,182 - INFO -    Data types: ILI
2026-01-10 12:52:30,182 - INFO - Running extraction: /home/david/miniconda3/bin/python enhanced_extract_country_data.py --country Turks and Caicos Islands --input data/who_flu_data.csv --output_dir data/extracted_data
2026-01-10 12:52:31,477 - INFO - ✅ Extraction successful for Turks and Caicos Islands
2026-01-10 12:52:31,477 - INFO - 🌦️  Attempting chronos inference with weather for Turks and Caicos Islands...
2026-01-10 12:52:35,426 - WARNING - ⚠️  Weather failed for Turks and Caicos Islands, trying without weather...
2026-01-10 12:52:40,226 - INFO - ✅ Inference successful for Turks and Caicos Islands without weather
2026-01-10 12:52:40,226 - INFO - 
🚀 Processing Tuvalu
2026-01-10 12:52:40,226 - INFO -    ILI cases: 9,559
2026-01-10 12:52:40,226 - INFO -    ARI cases: 0
2026-01-10 12:52:40,226 - INFO -    Data types: ILI
2026-01-10 12:52:40,226 - INFO - Running extraction: /home/david/miniconda3/bin/python enhanced_extract_country_data.py --country Tuvalu --input data/who_flu_data.csv --output_dir data/extracted_data
2026-01-10 12:52:41,531 - INFO - ✅ Extraction successful for Tuvalu
2026-01-10 12:52:41,531 - INFO - 🌦️  Attempting chronos inference with weather for Tuvalu...
2026-01-10 12:52:46,774 - INFO - ✅ Inference successful for Tuvalu with weather
2026-01-10 12:52:46,774 - INFO - 
🚀 Processing Türkiye
2026-01-10 12:52:46,774 - INFO -    ILI cases: 3,161,460
2026-01-10 12:52:46,774 - INFO -    ARI cases: 882
2026-01-10 12:52:46,774 - INFO -    Data types: ARI, ILI
2026-01-10 12:52:46,774 - INFO - Running extraction: /home/david/miniconda3/bin/python enhanced_extract_country_data.py --country Türkiye --input data/who_flu_data.csv --output_dir data/extracted_data
2026-01-10 12:52:48,064 - INFO - ✅ Extraction successful for Türkiye
2026-01-10 12:52:48,064 - INFO - 🌦️  Attempting chronos inference with weather for Türkiye...
2026-01-10 12:52:52,053 - WARNING - ⚠️  Weather failed for Türkiye, trying without weather...
2026-01-10 12:52:56,926 - INFO - ✅ Inference successful for Türkiye without weather
2026-01-10 12:52:56,927 - INFO - 
🚀 Processing Uganda
2026-01-10 12:52:56,927 - INFO -    ILI cases: 3,504
2026-01-10 12:52:56,927 - INFO -    ARI cases: 0
2026-01-10 12:52:56,927 - INFO -    Data types: ILI
2026-01-10 12:52:56,927 - INFO - Running extraction: /home/david/miniconda3/bin/python enhanced_extract_country_data.py --country Uganda --input data/who_flu_data.csv --output_dir data/extracted_data
2026-01-10 12:52:58,236 - INFO - ✅ Extraction successful for Uganda
2026-01-10 12:52:58,236 - INFO - 🌦️  Attempting chronos inference with weather for Uganda...
2026-01-10 12:53:02,236 - WARNING - ⚠️  Weather failed for Uganda, trying without weather...
2026-01-10 12:53:07,011 - INFO - ✅ Inference successful for Uganda without weather
2026-01-10 12:53:07,012 - INFO - 
🚀 Processing Ukraine
2026-01-10 12:53:07,012 - INFO -    ILI cases: 11,340,142
2026-01-10 12:53:07,012 - INFO -    ARI cases: 141,147,177
2026-01-10 12:53:07,012 - INFO -    Data types: ARI, ILI
2026-01-10 12:53:07,012 - INFO - Running extraction: /home/david/miniconda3/bin/python enhanced_extract_country_data.py --country Ukraine --input data/who_flu_data.csv --output_dir data/extracted_data
2026-01-10 12:53:08,321 - INFO - ✅ Extraction successful for Ukraine
2026-01-10 12:53:08,321 - INFO - 🌦️  Attempting chronos inference with weather for Ukraine...
2026-01-10 12:53:12,311 - WARNING - ⚠️  Weather failed for Ukraine, trying without weather...
2026-01-10 12:53:17,145 - INFO - ✅ Inference successful for Ukraine without weather
2026-01-10 12:53:17,145 - INFO - 
📈 PROGRESS UPDATE
2026-01-10 12:53:17,145 - INFO -    Countries processed: 170/186
2026-01-10 12:53:17,145 - INFO -    Successful extractions: 166
2026-01-10 12:53:17,146 - INFO -    Failed extractions: 0
2026-01-10 12:53:17,146 - INFO -    Successful inferences: 166
2026-01-10 12:53:17,146 - INFO -    Failed inferences: 0
2026-01-10 12:53:17,146 - INFO -    Skipped countries: 4
2026-01-10 12:53:17,146 - INFO -    Average processing time: 3.0s per country
2026-01-10 12:53:17,146 - INFO - 
🚀 Processing United Arab Emirates
2026-01-10 12:53:17,146 - INFO -    ILI cases: 502,842
2026-01-10 12:53:17,146 - INFO -    ARI cases: 0
2026-01-10 12:53:17,146 - INFO -    Data types: ILI
2026-01-10 12:53:17,146 - INFO - Running extraction: /home/david/miniconda3/bin/python enhanced_extract_country_data.py --country United Arab Emirates --input data/who_flu_data.csv --output_dir data/extracted_data
2026-01-10 12:53:18,455 - INFO - ✅ Extraction successful for United Arab Emirates
2026-01-10 12:53:18,455 - INFO - 🌦️  Attempting chronos inference with weather for United Arab Emirates...
2026-01-10 12:53:22,427 - WARNING - ⚠️  Weather failed for United Arab Emirates, trying without weather...
2026-01-10 12:53:27,278 - INFO - ✅ Inference successful for United Arab Emirates without weather
2026-01-10 12:53:27,278 - INFO - 
🚀 Processing United Kingdom of Great Britain and Northern Ireland
2026-01-10 12:53:27,278 - INFO -    ILI cases: 36,252
2026-01-10 12:53:27,278 - INFO -    ARI cases: 937,786
2026-01-10 12:53:27,278 - INFO -    Data types: ARI, ILI
2026-01-10 12:53:27,278 - INFO - Running extraction: /home/david/miniconda3/bin/python enhanced_extract_country_data.py --country United Kingdom of Great Britain and Northern Ireland --input data/who_flu_data.csv --output_dir data/extracted_data
2026-01-10 12:53:28,586 - INFO - ✅ Extraction successful for United Kingdom of Great Britain and Northern Ireland
2026-01-10 12:53:28,586 - INFO - 🌦️  Attempting chronos inference with weather for United Kingdom of Great Britain and Northern Ireland...
2026-01-10 12:53:32,613 - WARNING - ⚠️  Weather failed for United Kingdom of Great Britain and Northern Ireland, trying without weather...
2026-01-10 12:53:37,425 - INFO - ✅ Inference successful for United Kingdom of Great Britain and Northern Ireland without weather
2026-01-10 12:53:37,425 - INFO - 
🚀 Processing United Kingdom, England
2026-01-10 12:53:37,425 - INFO -    ILI cases: 232,750
2026-01-10 12:53:37,425 - INFO -    ARI cases: 10,467,240
2026-01-10 12:53:37,425 - INFO -    Data types: ARI, ILI
2026-01-10 12:53:37,425 - INFO - Running extraction: /home/david/miniconda3/bin/python enhanced_extract_country_data.py --country United Kingdom, England --input data/who_flu_data.csv --output_dir data/extracted_data
2026-01-10 12:53:38,734 - INFO - ✅ Extraction successful for United Kingdom, England
2026-01-10 12:53:38,734 - INFO - 🌦️  Attempting chronos inference with weather for United Kingdom, England...
2026-01-10 12:53:42,578 - WARNING - ⚠️  Weather failed for United Kingdom, England, trying without weather...
2026-01-10 12:53:47,345 - INFO - ✅ Inference successful for United Kingdom, England without weather
2026-01-10 12:53:47,346 - INFO - 
🚀 Processing United Kingdom, Northern Ireland
2026-01-10 12:53:47,346 - INFO -    ILI cases: 52,518
2026-01-10 12:53:47,346 - INFO -    ARI cases: 1,105,633
2026-01-10 12:53:47,346 - INFO -    Data types: ARI, ILI
2026-01-10 12:53:47,346 - INFO - Running extraction: /home/david/miniconda3/bin/python enhanced_extract_country_data.py --country United Kingdom, Northern Ireland --input data/who_flu_data.csv --output_dir data/extracted_data
2026-01-10 12:53:48,664 - INFO - ✅ Extraction successful for United Kingdom, Northern Ireland
2026-01-10 12:53:48,664 - INFO - 🌦️  Attempting chronos inference with weather for United Kingdom, Northern Ireland...
2026-01-10 12:53:52,525 - WARNING - ⚠️  Weather failed for United Kingdom, Northern Ireland, trying without weather...
2026-01-10 12:53:57,311 - INFO - ✅ Inference successful for United Kingdom, Northern Ireland without weather
2026-01-10 12:53:57,311 - INFO - 
🚀 Processing United Kingdom, Scotland
2026-01-10 12:53:57,311 - INFO -    ILI cases: 151,768
2026-01-10 12:53:57,311 - INFO -    ARI cases: 5,327,760
2026-01-10 12:53:57,311 - INFO -    Data types: ARI, ILI
2026-01-10 12:53:57,311 - INFO - Running extraction: /home/david/miniconda3/bin/python enhanced_extract_country_data.py --country United Kingdom, Scotland --input data/who_flu_data.csv --output_dir data/extracted_data
2026-01-10 12:53:58,606 - INFO - ✅ Extraction successful for United Kingdom, Scotland
2026-01-10 12:53:58,606 - INFO - 🌦️  Attempting chronos inference with weather for United Kingdom, Scotland...
2026-01-10 12:54:02,438 - WARNING - ⚠️  Weather failed for United Kingdom, Scotland, trying without weather...
2026-01-10 12:54:07,333 - INFO - ✅ Inference successful for United Kingdom, Scotland without weather
2026-01-10 12:54:07,333 - INFO - 
📈 PROGRESS UPDATE
2026-01-10 12:54:07,333 - INFO -    Countries processed: 175/186
2026-01-10 12:54:07,333 - INFO -    Successful extractions: 171
2026-01-10 12:54:07,333 - INFO -    Failed extractions: 0
2026-01-10 12:54:07,333 - INFO -    Successful inferences: 171
2026-01-10 12:54:07,333 - INFO -    Failed inferences: 0
2026-01-10 12:54:07,333 - INFO -    Skipped countries: 4
2026-01-10 12:54:07,333 - INFO -    Average processing time: 3.0s per country
2026-01-10 12:54:07,333 - INFO - 
🚀 Processing United Kingdom, Wales
2026-01-10 12:54:07,333 - INFO -    ILI cases: 9,333
2026-01-10 12:54:07,333 - INFO -    ARI cases: 291,962
2026-01-10 12:54:07,333 - INFO -    Data types: ARI, ILI
2026-01-10 12:54:07,333 - INFO - Running extraction: /home/david/miniconda3/bin/python enhanced_extract_country_data.py --country United Kingdom, Wales --input data/who_flu_data.csv --output_dir data/extracted_data
2026-01-10 12:54:08,644 - INFO - ✅ Extraction successful for United Kingdom, Wales
2026-01-10 12:54:08,645 - INFO - 🌦️  Attempting chronos inference with weather for United Kingdom, Wales...
2026-01-10 12:54:12,491 - WARNING - ⚠️  Weather failed for United Kingdom, Wales, trying without weather...
2026-01-10 12:54:17,285 - INFO - ✅ Inference successful for United Kingdom, Wales without weather
2026-01-10 12:54:17,285 - INFO - 
🚀 Processing United Republic of Tanzania
2026-01-10 12:54:17,287 - INFO -    ILI cases: 3,921
2026-01-10 12:54:17,287 - INFO -    ARI cases: 0
2026-01-10 12:54:17,287 - INFO -    Data types: ILI
2026-01-10 12:54:17,287 - INFO - Running extraction: /home/david/miniconda3/bin/python enhanced_extract_country_data.py --country United Republic of Tanzania --input data/who_flu_data.csv --output_dir data/extracted_data
2026-01-10 12:54:18,572 - INFO - ✅ Extraction successful for United Republic of Tanzania
2026-01-10 12:54:18,572 - INFO - 🌦️  Attempting chronos inference with weather for United Republic of Tanzania...
2026-01-10 12:54:22,595 - WARNING - ⚠️  Weather failed for United Republic of Tanzania, trying without weather...
2026-01-10 12:54:27,351 - INFO - ✅ Inference successful for United Republic of Tanzania without weather
2026-01-10 12:54:27,351 - INFO - 
🚀 Processing United States of America
2026-01-10 12:54:27,353 - INFO -    ILI cases: 50,849,436
2026-01-10 12:54:27,353 - INFO -    ARI cases: 0
2026-01-10 12:54:27,353 - INFO -    Data types: ILI
2026-01-10 12:54:27,353 - INFO - Running extraction: /home/david/miniconda3/bin/python enhanced_extract_country_data.py --country United States of America --input data/who_flu_data.csv --output_dir data/extracted_data
2026-01-10 12:54:28,650 - INFO - ✅ Extraction successful for United States of America
2026-01-10 12:54:28,650 - INFO - 🌦️  Attempting chronos inference with weather for United States of America...
2026-01-10 12:54:33,987 - INFO - ✅ Inference successful for United States of America with weather
2026-01-10 12:54:33,988 - INFO - 
🚀 Processing Uruguay
2026-01-10 12:54:33,988 - INFO -    ILI cases: 698
2026-01-10 12:54:33,988 - INFO -    ARI cases: 0
2026-01-10 12:54:33,988 - INFO -    Data types: ILI
2026-01-10 12:54:33,988 - INFO - Running extraction: /home/david/miniconda3/bin/python enhanced_extract_country_data.py --country Uruguay --input data/who_flu_data.csv --output_dir data/extracted_data
2026-01-10 12:54:35,316 - INFO - ✅ Extraction successful for Uruguay
2026-01-10 12:54:35,317 - INFO - 🌦️  Attempting chronos inference with weather for Uruguay...
2026-01-10 12:54:39,304 - WARNING - ⚠️  Weather failed for Uruguay, trying without weather...
2026-01-10 12:54:44,087 - INFO - ✅ Inference successful for Uruguay without weather
2026-01-10 12:54:44,087 - INFO - 
🚀 Processing Uzbekistan
2026-01-10 12:54:44,087 - INFO -    ILI cases: 109,570
2026-01-10 12:54:44,087 - INFO -    ARI cases: 2,002,227
2026-01-10 12:54:44,087 - INFO -    Data types: ARI, ILI
2026-01-10 12:54:44,087 - INFO - Running extraction: /home/david/miniconda3/bin/python enhanced_extract_country_data.py --country Uzbekistan --input data/who_flu_data.csv --output_dir data/extracted_data
2026-01-10 12:54:45,392 - INFO - ✅ Extraction successful for Uzbekistan
2026-01-10 12:54:45,392 - INFO - 🌦️  Attempting chronos inference with weather for Uzbekistan...
2026-01-10 12:54:49,332 - WARNING - ⚠️  Weather failed for Uzbekistan, trying without weather...
2026-01-10 12:54:54,178 - INFO - ✅ Inference successful for Uzbekistan without weather
2026-01-10 12:54:54,179 - INFO - 
📈 PROGRESS UPDATE
2026-01-10 12:54:54,179 - INFO -    Countries processed: 180/186
2026-01-10 12:54:54,179 - INFO -    Successful extractions: 176
2026-01-10 12:54:54,179 - INFO -    Failed extractions: 0
2026-01-10 12:54:54,179 - INFO -    Successful inferences: 176
2026-01-10 12:54:54,179 - INFO -    Failed inferences: 0
2026-01-10 12:54:54,179 - INFO -    Skipped countries: 4
2026-01-10 12:54:54,179 - INFO -    Average processing time: 3.0s per country
2026-01-10 12:54:54,179 - INFO - 
🚀 Processing Vanuatu
2026-01-10 12:54:54,179 - INFO -    ILI cases: 144,369
2026-01-10 12:54:54,179 - INFO -    ARI cases: 0
2026-01-10 12:54:54,179 - INFO -    Data types: ILI
2026-01-10 12:54:54,179 - INFO - Running extraction: /home/david/miniconda3/bin/python enhanced_extract_country_data.py --country Vanuatu --input data/who_flu_data.csv --output_dir data/extracted_data
2026-01-10 12:54:55,463 - INFO - ✅ Extraction successful for Vanuatu
2026-01-10 12:54:55,463 - INFO - 🌦️  Attempting chronos inference with weather for Vanuatu...
2026-01-10 12:54:59,447 - WARNING - ⚠️  Weather failed for Vanuatu, trying without weather...
2026-01-10 12:55:04,312 - INFO - ✅ Inference successful for Vanuatu without weather
2026-01-10 12:55:04,312 - INFO - 
🚀 Processing Viet Nam
2026-01-10 12:55:04,312 - INFO -    ILI cases: 59,088
2026-01-10 12:55:04,312 - INFO -    ARI cases: 0
2026-01-10 12:55:04,312 - INFO -    Data types: ILI
2026-01-10 12:55:04,312 - INFO - Running extraction: /home/david/miniconda3/bin/python enhanced_extract_country_data.py --country Viet Nam --input data/who_flu_data.csv --output_dir data/extracted_data
2026-01-10 12:55:05,636 - INFO - ✅ Extraction successful for Viet Nam
2026-01-10 12:55:05,636 - INFO - 🌦️  Attempting chronos inference with weather for Viet Nam...
2026-01-10 12:55:09,720 - WARNING - ⚠️  Weather failed for Viet Nam, trying without weather...
2026-01-10 12:55:14,531 - INFO - ✅ Inference successful for Viet Nam without weather
2026-01-10 12:55:14,531 - INFO - 
🚀 Processing Wallis and Futuna
2026-01-10 12:55:14,531 - INFO -    ILI cases: 23,000
2026-01-10 12:55:14,531 - INFO -    ARI cases: 0
2026-01-10 12:55:14,531 - INFO -    Data types: ILI
2026-01-10 12:55:14,531 - INFO - Running extraction: /home/david/miniconda3/bin/python enhanced_extract_country_data.py --country Wallis and Futuna --input data/who_flu_data.csv --output_dir data/extracted_data
2026-01-10 12:55:15,841 - INFO - ✅ Extraction successful for Wallis and Futuna
2026-01-10 12:55:15,841 - INFO - 🌦️  Attempting chronos inference with weather for Wallis and Futuna...
2026-01-10 12:55:21,142 - INFO - ✅ Inference successful for Wallis and Futuna with weather
2026-01-10 12:55:21,142 - INFO - 
🚀 Processing Yemen
2026-01-10 12:55:21,142 - INFO -    ILI cases: 2,930
2026-01-10 12:55:21,142 - INFO -    ARI cases: 0
2026-01-10 12:55:21,142 - INFO -    Data types: ILI
2026-01-10 12:55:21,142 - INFO - Running extraction: /home/david/miniconda3/bin/python enhanced_extract_country_data.py --country Yemen --input data/who_flu_data.csv --output_dir data/extracted_data
2026-01-10 12:55:22,451 - INFO - ✅ Extraction successful for Yemen
2026-01-10 12:55:22,451 - INFO - 🌦️  Attempting chronos inference with weather for Yemen...
2026-01-10 12:55:26,421 - WARNING - ⚠️  Weather failed for Yemen, trying without weather...
2026-01-10 12:55:31,193 - INFO - ✅ Inference successful for Yemen without weather
2026-01-10 12:55:31,193 - INFO - 
🚀 Processing Zambia
2026-01-10 12:55:31,193 - INFO -    ILI cases: 695,114
2026-01-10 12:55:31,193 - INFO -    ARI cases: 0
2026-01-10 12:55:31,193 - INFO -    Data types: ILI
2026-01-10 12:55:31,193 - INFO - Running extraction: /home/david/miniconda3/bin/python enhanced_extract_country_data.py --country Zambia --input data/who_flu_data.csv --output_dir data/extracted_data
2026-01-10 12:55:32,488 - INFO - ✅ Extraction successful for Zambia
2026-01-10 12:55:32,488 - INFO - 🌦️  Attempting chronos inference with weather for Zambia...
2026-01-10 12:55:36,439 - WARNING - ⚠️  Weather failed for Zambia, trying without weather...
2026-01-10 12:55:41,188 - INFO - ✅ Inference successful for Zambia without weather
2026-01-10 12:55:41,188 - INFO - 
📈 PROGRESS UPDATE
2026-01-10 12:55:41,188 - INFO -    Countries processed: 185/186
2026-01-10 12:55:41,188 - INFO -    Successful extractions: 181
2026-01-10 12:55:41,188 - INFO -    Failed extractions: 0
2026-01-10 12:55:41,188 - INFO -    Successful inferences: 181
2026-01-10 12:55:41,188 - INFO -    Failed inferences: 0
2026-01-10 12:55:41,188 - INFO -    Skipped countries: 4
2026-01-10 12:55:41,188 - INFO -    Average processing time: 3.0s per country
2026-01-10 12:55:41,188 - INFO - 
🚀 Processing occupied Palestinian territory, including east Jerusalem
2026-01-10 12:55:41,189 - INFO -    ILI cases: 744
2026-01-10 12:55:41,189 - INFO -    ARI cases: 0
2026-01-10 12:55:41,189 - INFO -    Data types: ILI
2026-01-10 12:55:41,189 - INFO - Running extraction: /home/david/miniconda3/bin/python enhanced_extract_country_data.py --country occupied Palestinian territory, including east Jerusalem --input data/who_flu_data.csv --output_dir data/extracted_data
2026-01-10 12:55:42,506 - INFO - ✅ Extraction successful for occupied Palestinian territory, including east Jerusalem
2026-01-10 12:55:42,507 - INFO - 🌦️  Attempting chronos inference with weather for occupied Palestinian territory, including east Jerusalem...
2026-01-10 12:55:46,336 - WARNING - ⚠️  Weather failed for occupied Palestinian territory, including east Jerusalem, trying without weather...
2026-01-10 12:55:51,086 - INFO - ✅ Inference successful for occupied Palestinian territory, including east Jerusalem without weather
2026-01-10 12:55:51,086 - INFO - 
🎉 BATCH PROCESSING COMPLETE
2026-01-10 12:55:51,086 - INFO - ============================================================
2026-01-10 12:55:51,086 - INFO - 📊 SUMMARY STATISTICS:
2026-01-10 12:55:51,086 - INFO -    Total countries in dataset: 186
2026-01-10 12:55:51,086 - INFO -    Countries processed: 182
2026-01-10 12:55:51,086 - INFO -    Countries skipped (no data): 4
2026-01-10 12:55:51,086 - INFO -    Successful extractions: 182
2026-01-10 12:55:51,086 - INFO -    Failed extractions: 0
2026-01-10 12:55:51,086 - INFO -    Successful inferences: 182
2026-01-10 12:55:51,086 - INFO -    Failed inferences: 0
2026-01-10 12:55:51,086 - INFO -    Overall success rate: 100.0%
2026-01-10 12:55:51,086 - INFO - 
🌦️ WEATHER USAGE SUMMARY:
2026-01-10 12:55:51,086 - INFO -    Countries with weather: 101 (55.5%)
2026-01-10 12:55:51,086 - INFO -    Countries without weather: 81 (44.5%)
2026-01-10 12:55:51,086 - INFO - 
📋 COUNTRIES WITHOUT WEATHER DATA:
2026-01-10 12:55:51,086 - INFO -    ❌ Belize
2026-01-10 12:55:51,086 - INFO -    ❌ Bolivia (Plurinational State of)
2026-01-10 12:55:51,086 - INFO -    ❌ China, Hong Kong SAR
2026-01-10 12:55:51,086 - INFO -    ❌ Côte d’Ivoire
2026-01-10 12:55:51,086 - INFO -    ❌ Democratic Republic of the Congo
2026-01-10 12:55:51,086 - INFO -    ❌ Iceland
2026-01-10 12:55:51,086 - INFO -    ❌ Iran (Islamic Republic of)
2026-01-10 12:55:51,086 - INFO -    ❌ Jamaica
2026-01-10 12:55:51,086 - INFO -    ❌ Jordan
2026-01-10 12:55:51,086 - INFO -    ❌ Kosovo (in accordance with UN Security Council resolution 1244 (1999))
2026-01-10 12:55:51,086 - INFO -    ❌ Lao People's Democratic Republic
2026-01-10 12:55:51,086 - INFO -    ❌ Luxembourg
2026-01-10 12:55:51,086 - INFO -    ❌ Madagascar
2026-01-10 12:55:51,086 - INFO -    ❌ Maldives
2026-01-10 12:55:51,086 - INFO -    ❌ Marshall Islands
2026-01-10 12:55:51,086 - INFO -    ❌ Mauritania
2026-01-10 12:55:51,086 - INFO -    ❌ Mauritius
2026-01-10 12:55:51,086 - INFO -    ❌ Micronesia (Federated States of)
2026-01-10 12:55:51,086 - INFO -    ❌ Montenegro
2026-01-10 12:55:51,086 - INFO -    ❌ Morocco
2026-01-10 12:55:51,087 - INFO -    ❌ Mozambique
2026-01-10 12:55:51,087 - INFO -    ❌ Nepal
2026-01-10 12:55:51,087 - INFO -    ❌ Netherlands (Kingdom of the)
2026-01-10 12:55:51,087 - INFO -    ❌ New Caledonia
2026-01-10 12:55:51,087 - INFO -    ❌ New Zealand
2026-01-10 12:55:51,087 - INFO -    ❌ Nicaragua
2026-01-10 12:55:51,087 - INFO -    ❌ Niger
2026-01-10 12:55:51,087 - INFO -    ❌ Nigeria
2026-01-10 12:55:51,087 - INFO -    ❌ Niue
2026-01-10 12:55:51,087 - INFO -    ❌ North Macedonia
2026-01-10 12:55:51,087 - INFO -    ❌ Oman
2026-01-10 12:55:51,087 - INFO -    ❌ Pakistan
2026-01-10 12:55:51,087 - INFO -    ❌ Panama
2026-01-10 12:55:51,087 - INFO -    ❌ Papua New Guinea
2026-01-10 12:55:51,087 - INFO -    ❌ Paraguay
2026-01-10 12:55:51,087 - INFO -    ❌ Peru
2026-01-10 12:55:51,087 - INFO -    ❌ Pitcairn
2026-01-10 12:55:51,087 - INFO -    ❌ Qatar
2026-01-10 12:55:51,087 - INFO -    ❌ Russian Federation
2026-01-10 12:55:51,087 - INFO -    ❌ Rwanda
2026-01-10 12:55:51,087 - INFO -    ❌ Saint Lucia
2026-01-10 12:55:51,087 - INFO -    ❌ Saudi Arabia
2026-01-10 12:55:51,087 - INFO -    ❌ Senegal
2026-01-10 12:55:51,087 - INFO -    ❌ Serbia
2026-01-10 12:55:51,087 - INFO -    ❌ Sierra Leone
2026-01-10 12:55:51,087 - INFO -    ❌ Singapore
2026-01-10 12:55:51,087 - INFO -    ❌ Solomon Islands
2026-01-10 12:55:51,087 - INFO -    ❌ Somalia
2026-01-10 12:55:51,087 - INFO -    ❌ South Africa
2026-01-10 12:55:51,087 - INFO -    ❌ South Sudan
2026-01-10 12:55:51,087 - INFO -    ❌ Spain
2026-01-10 12:55:51,087 - INFO -    ❌ Sri Lanka
2026-01-10 12:55:51,087 - INFO -    ❌ Sudan
2026-01-10 12:55:51,087 - INFO -    ❌ Suriname
2026-01-10 12:55:51,087 - INFO -    ❌ Sweden
2026-01-10 12:55:51,087 - INFO -    ❌ Switzerland
2026-01-10 12:55:51,087 - INFO -    ❌ Tajikistan
2026-01-10 12:55:51,087 - INFO -    ❌ Thailand
2026-01-10 12:55:51,087 - INFO -    ❌ Timor-Leste
2026-01-10 12:55:51,087 - INFO -    ❌ Togo
2026-01-10 12:55:51,087 - INFO -    ❌ Tokelau
2026-01-10 12:55:51,087 - INFO -    ❌ Trinidad and Tobago
2026-01-10 12:55:51,087 - INFO -    ❌ Turkmenistan
2026-01-10 12:55:51,087 - INFO -    ❌ Turks and Caicos Islands
2026-01-10 12:55:51,088 - INFO -    ❌ Türkiye
2026-01-10 12:55:51,088 - INFO -    ❌ Uganda
2026-01-10 12:55:51,088 - INFO -    ❌ Ukraine
2026-01-10 12:55:51,088 - INFO -    ❌ United Arab Emirates
2026-01-10 12:55:51,088 - INFO -    ❌ United Kingdom of Great Britain and Northern Ireland
2026-01-10 12:55:51,088 - INFO -    ❌ United Kingdom, England
2026-01-10 12:55:51,088 - INFO -    ❌ United Kingdom, Northern Ireland
2026-01-10 12:55:51,088 - INFO -    ❌ United Kingdom, Scotland
2026-01-10 12:55:51,088 - INFO -    ❌ United Kingdom, Wales
2026-01-10 12:55:51,088 - INFO -    ❌ United Republic of Tanzania
2026-01-10 12:55:51,088 - INFO -    ❌ Uruguay
2026-01-10 12:55:51,088 - INFO -    ❌ Uzbekistan
2026-01-10 12:55:51,088 - INFO -    ❌ Vanuatu
2026-01-10 12:55:51,088 - INFO -    ❌ Viet Nam
2026-01-10 12:55:51,088 - INFO -    ❌ Yemen
2026-01-10 12:55:51,088 - INFO -    ❌ Zambia
2026-01-10 12:55:51,088 - INFO -    ❌ occupied Palestinian territory, including east Jerusalem
2026-01-10 12:55:51,088 - INFO -    Total processing time: 1474.8 seconds (0.41 hours)
2026-01-10 12:55:51,088 - INFO -    Average time per country: 3.0 seconds
2026-01-10 12:55:51,088 - INFO - 📊 Saved weather usage report with 182 countries
2026-01-10 12:55:51,088 - INFO - ============================================================
2026-01-10 12:55:51,088 - INFO - 📁 RESULTS SAVED TO: results/country_predictions
2026-01-10 12:55:51,088 - INFO - 📁 EXTRACTED DATA IN: data/extracted_data
2026-01-10 12:55:51,088 - INFO - 📄 DETAILED LOG: country_inference_batch.log
2026-01-10 12:55:51,089 - INFO - 📊 WEATHER REPORT: weather_usage_report.csv
2026-01-10 18:25:18,400 - INFO - Loaded country summary with 186 countries
2026-01-10 18:25:18,400 - INFO - 🌍 Starting batch processing of countries...
2026-01-10 18:25:18,400 - INFO - 📊 Total countries to process: 1
2026-01-10 18:25:18,400 - INFO - 
🚀 Processing Afghanistan
2026-01-10 18:25:18,400 - INFO -    ILI cases: 1,517,440
2026-01-10 18:25:18,400 - INFO -    ARI cases: 0
2026-01-10 18:25:18,400 - INFO -    Data types: ILI
2026-01-10 18:25:18,400 - INFO - Running extraction: /home/david/miniconda3/bin/python enhanced_extract_country_data.py --country Afghanistan --input data/who_flu_data.csv --output_dir data/extracted_data
2026-01-10 18:25:19,687 - INFO - ✅ Extraction successful for Afghanistan
2026-01-10 18:25:19,687 - INFO - 🌦️  Attempting chronos inference with weather for Afghanistan...
2026-01-10 18:25:24,830 - INFO - ✅ Inference successful for Afghanistan with weather
2026-01-10 18:25:24,831 - INFO - 
🎉 BATCH PROCESSING COMPLETE
2026-01-10 18:25:24,831 - INFO - ============================================================
2026-01-10 18:25:24,831 - INFO - 📊 SUMMARY STATISTICS:
2026-01-10 18:25:24,831 - INFO -    Total countries in dataset: 186
2026-01-10 18:25:24,831 - INFO -    Countries processed: 1
2026-01-10 18:25:24,831 - INFO -    Countries skipped (no data): 0
2026-01-10 18:25:24,831 - INFO -    Successful extractions: 1
2026-01-10 18:25:24,831 - INFO -    Failed extractions: 0
2026-01-10 18:25:24,831 - INFO -    Successful inferences: 1
2026-01-10 18:25:24,831 - INFO -    Failed inferences: 0
2026-01-10 18:25:24,831 - INFO -    Overall success rate: 0.5%
2026-01-10 18:25:24,831 - INFO - 
🌦️ WEATHER USAGE SUMMARY:
2026-01-10 18:25:24,831 - INFO -    Countries with weather: 1 (100.0%)
2026-01-10 18:25:24,831 - INFO -    Countries without weather: 0 (0.0%)
2026-01-10 18:25:24,831 - INFO -    Total processing time: 6.4 seconds (0.00 hours)
2026-01-10 18:25:24,831 - INFO -    Average time per country: 3.2 seconds
2026-01-10 18:25:24,831 - INFO -    Estimated time for remaining countries: 9.9 minutes
2026-01-10 18:25:24,831 - INFO - 📊 Saved weather usage report with 1 countries
2026-01-10 18:25:24,831 - INFO - ============================================================
2026-01-10 18:25:24,831 - INFO - 📁 RESULTS SAVED TO: results/country_predictions
2026-01-10 18:25:24,831 - INFO - 📁 EXTRACTED DATA IN: data/extracted_data
2026-01-10 18:25:24,831 - INFO - 📄 DETAILED LOG: country_inference_batch.log
2026-01-10 18:25:24,831 - INFO - 📊 WEATHER REPORT: weather_usage_report.csv
2026-01-10 18:27:11,532 - INFO - Loaded country summary with 186 countries
2026-01-10 18:27:11,532 - INFO - 🌍 Starting batch processing of countries...
2026-01-10 18:27:11,532 - INFO - 📊 Total countries to process: 2
2026-01-10 18:27:11,532 - INFO - 
🚀 Processing Afghanistan
2026-01-10 18:27:11,532 - INFO -    ILI cases: 1,517,440
2026-01-10 18:27:11,532 - INFO -    ARI cases: 0
2026-01-10 18:27:11,532 - INFO -    Data types: ILI
2026-01-10 18:27:11,532 - INFO - Running extraction: /home/david/miniconda3/bin/python enhanced_extract_country_data.py --country Afghanistan --input data/who_flu_data.csv --output_dir data/extracted_data
2026-01-10 18:27:12,811 - INFO - ✅ Extraction successful for Afghanistan
2026-01-10 18:27:12,811 - INFO - 🌦️  Attempting chronos inference with weather for Afghanistan...
2026-01-10 18:27:17,984 - INFO - ✅ Inference successful for Afghanistan with weather
2026-01-10 18:27:17,984 - INFO - 
🚀 Processing Albania
2026-01-10 18:27:17,984 - INFO -    ILI cases: 10,008
2026-01-10 18:27:17,985 - INFO -    ARI cases: 16,503,801
2026-01-10 18:27:17,985 - INFO -    Data types: ARI, ILI
2026-01-10 18:27:17,985 - INFO - Running extraction: /home/david/miniconda3/bin/python enhanced_extract_country_data.py --country Albania --input data/who_flu_data.csv --output_dir data/extracted_data
2026-01-10 18:27:19,255 - INFO - ✅ Extraction successful for Albania
2026-01-10 18:27:19,255 - INFO - 🌦️  Attempting chronos inference with weather for Albania...
2026-01-10 18:27:24,568 - INFO - ✅ Inference successful for Albania with weather
2026-01-10 18:27:24,569 - INFO - 
🎉 BATCH PROCESSING COMPLETE
2026-01-10 18:27:24,569 - INFO - ============================================================
2026-01-10 18:27:24,569 - INFO - 📊 SUMMARY STATISTICS:
2026-01-10 18:27:24,569 - INFO -    Total countries in dataset: 186
2026-01-10 18:27:24,569 - INFO -    Countries processed: 2
2026-01-10 18:27:24,569 - INFO -    Countries skipped (no data): 0
2026-01-10 18:27:24,569 - INFO -    Successful extractions: 2
2026-01-10 18:27:24,569 - INFO -    Failed extractions: 0
2026-01-10 18:27:24,569 - INFO -    Successful inferences: 2
2026-01-10 18:27:24,569 - INFO -    Failed inferences: 0
2026-01-10 18:27:24,569 - INFO -    Overall success rate: 1.1%
2026-01-10 18:27:24,569 - INFO - 
🌦️ WEATHER USAGE SUMMARY:
2026-01-10 18:27:24,569 - INFO -    Countries with weather: 2 (100.0%)
2026-01-10 18:27:24,569 - INFO -    Countries without weather: 0 (0.0%)
2026-01-10 18:27:24,569 - INFO -    Total processing time: 13.0 seconds (0.00 hours)
2026-01-10 18:27:24,569 - INFO -    Average time per country: 3.3 seconds
2026-01-10 18:27:24,569 - INFO -    Estimated time for remaining countries: 10.0 minutes
2026-01-10 18:27:24,569 - INFO - 📊 Saved weather usage report with 2 countries
2026-01-10 18:27:24,569 - INFO - ============================================================
2026-01-10 18:27:24,569 - INFO - 📁 RESULTS SAVED TO: results/country_predictions
2026-01-10 18:27:24,569 - INFO - 📁 EXTRACTED DATA IN: data/extracted_data
2026-01-10 18:27:24,569 - INFO - 📄 DETAILED LOG: country_inference_batch.log
2026-01-10 18:27:24,569 - INFO - 📊 WEATHER REPORT: weather_usage_report.csv
2026-01-10 18:29:05,140 - INFO - Loaded country summary with 186 countries
2026-01-10 18:29:05,140 - INFO - 🌍 Starting batch processing of countries...
2026-01-10 18:29:05,140 - INFO - 📊 Total countries to process: 186
2026-01-10 18:29:05,140 - INFO - 
🚀 Processing Afghanistan
2026-01-10 18:29:05,140 - INFO -    ILI cases: 1,517,440
2026-01-10 18:29:05,140 - INFO -    ARI cases: 0
2026-01-10 18:29:05,140 - INFO -    Data types: ILI
2026-01-10 18:29:05,140 - INFO - Running extraction: /home/david/miniconda3/bin/python enhanced_extract_country_data.py --country Afghanistan --input data/who_flu_data.csv --output_dir data/extracted_data
2026-01-10 18:29:06,418 - INFO - ✅ Extraction successful for Afghanistan
2026-01-10 18:29:06,418 - INFO - 🌦️  Attempting chronos inference with weather for Afghanistan...
2026-01-10 18:29:11,529 - INFO - ✅ Inference successful for Afghanistan with weather
2026-01-10 18:29:11,529 - INFO - 
🚀 Processing Albania
2026-01-10 18:29:11,530 - INFO -    ILI cases: 10,008
2026-01-10 18:29:11,530 - INFO -    ARI cases: 16,503,801
2026-01-10 18:29:11,530 - INFO -    Data types: ARI, ILI
2026-01-10 18:29:11,530 - INFO - Running extraction: /home/david/miniconda3/bin/python enhanced_extract_country_data.py --country Albania --input data/who_flu_data.csv --output_dir data/extracted_data
2026-01-10 18:29:12,818 - INFO - ✅ Extraction successful for Albania
2026-01-10 18:29:12,818 - INFO - 🌦️  Attempting chronos inference with weather for Albania...
2026-01-10 18:29:18,153 - INFO - ✅ Inference successful for Albania with weather
2026-01-10 18:29:18,153 - INFO - 
🚀 Processing Algeria
2026-01-10 18:29:18,153 - INFO -    ILI cases: 72,349
2026-01-10 18:29:18,153 - INFO -    ARI cases: 0
2026-01-10 18:29:18,153 - INFO -    Data types: ILI
2026-01-10 18:29:18,153 - INFO - Running extraction: /home/david/miniconda3/bin/python enhanced_extract_country_data.py --country Algeria --input data/who_flu_data.csv --output_dir data/extracted_data
2026-01-10 18:29:19,438 - INFO - ✅ Extraction successful for Algeria
2026-01-10 18:29:19,438 - INFO - 🌦️  Attempting chronos inference with weather for Algeria...
2026-01-10 18:29:24,279 - INFO - ✅ Inference successful for Algeria with weather
2026-01-10 18:29:24,279 - INFO - 
🚀 Processing American Samoa
2026-01-10 18:29:24,279 - INFO -    ILI cases: 23,645
2026-01-10 18:29:24,279 - INFO -    ARI cases: 0
2026-01-10 18:29:24,279 - INFO -    Data types: ILI
2026-01-10 18:29:24,279 - INFO - Running extraction: /home/david/miniconda3/bin/python enhanced_extract_country_data.py --country American Samoa --input data/who_flu_data.csv --output_dir data/extracted_data
2026-01-10 18:29:25,556 - INFO - ✅ Extraction successful for American Samoa
2026-01-10 18:29:25,556 - INFO - 🌦️  Attempting chronos inference with weather for American Samoa...
2026-01-10 18:29:30,579 - INFO - ✅ Inference successful for American Samoa with weather
2026-01-10 18:29:30,579 - INFO - 
🚀 Processing Anguilla
2026-01-10 18:29:30,579 - INFO -    ILI cases: 815
2026-01-10 18:29:30,580 - INFO -    ARI cases: 0
2026-01-10 18:29:30,580 - INFO -    Data types: ILI
2026-01-10 18:29:30,580 - INFO - Running extraction: /home/david/miniconda3/bin/python enhanced_extract_country_data.py --country Anguilla --input data/who_flu_data.csv --output_dir data/extracted_data
2026-01-10 18:29:31,859 - INFO - ✅ Extraction successful for Anguilla
2026-01-10 18:29:31,859 - INFO - 🌦️  Attempting chronos inference with weather for Anguilla...
2026-01-10 18:29:36,678 - INFO - ✅ Inference successful for Anguilla with weather
2026-01-10 18:29:36,678 - INFO - 
📈 PROGRESS UPDATE
2026-01-10 18:29:36,678 - INFO -    Countries processed: 5/186
2026-01-10 18:29:36,678 - INFO -    Successful extractions: 5
2026-01-10 18:29:36,678 - INFO -    Failed extractions: 0
2026-01-10 18:29:36,678 - INFO -    Successful inferences: 5
2026-01-10 18:29:36,678 - INFO -    Failed inferences: 0
2026-01-10 18:29:36,678 - INFO -    Skipped countries: 0
2026-01-10 18:29:36,678 - INFO -    Average processing time: 3.2s per country
2026-01-10 18:29:36,678 - INFO - 
🚀 Processing Antigua and Barbuda
2026-01-10 18:29:36,678 - INFO -    ILI cases: 4,093
2026-01-10 18:29:36,678 - INFO -    ARI cases: 0
2026-01-10 18:29:36,678 - INFO -    Data types: ILI
2026-01-10 18:29:36,678 - INFO - Running extraction: /home/david/miniconda3/bin/python enhanced_extract_country_data.py --country Antigua and Barbuda --input data/who_flu_data.csv --output_dir data/extracted_data
2026-01-10 18:29:37,969 - INFO - ✅ Extraction successful for Antigua and Barbuda
2026-01-10 18:29:37,969 - INFO - 🌦️  Attempting chronos inference with weather for Antigua and Barbuda...
2026-01-10 18:29:42,826 - INFO - ✅ Inference successful for Antigua and Barbuda with weather
2026-01-10 18:29:42,826 - INFO - 
🚀 Processing Argentina
2026-01-10 18:29:42,826 - INFO -    ILI cases: 19,019,429
2026-01-10 18:29:42,826 - INFO -    ARI cases: 2,789,474
2026-01-10 18:29:42,826 - INFO -    Data types: ARI, ILI
2026-01-10 18:29:42,827 - INFO - Running extraction: /home/david/miniconda3/bin/python enhanced_extract_country_data.py --country Argentina --input data/who_flu_data.csv --output_dir data/extracted_data
2026-01-10 18:29:44,129 - INFO - ✅ Extraction successful for Argentina
2026-01-10 18:29:44,129 - INFO - 🌦️  Attempting chronos inference with weather for Argentina...
2026-01-10 18:29:49,311 - INFO - ✅ Inference successful for Argentina with weather
2026-01-10 18:29:49,311 - INFO - 
🚀 Processing Armenia
2026-01-10 18:29:49,311 - INFO -    ILI cases: 14,492
2026-01-10 18:29:49,311 - INFO -    ARI cases: 5,287,920
2026-01-10 18:29:49,311 - INFO -    Data types: ARI, ILI
2026-01-10 18:29:49,312 - INFO - Running extraction: /home/david/miniconda3/bin/python enhanced_extract_country_data.py --country Armenia --input data/who_flu_data.csv --output_dir data/extracted_data
2026-01-10 18:29:50,607 - INFO - ✅ Extraction successful for Armenia
2026-01-10 18:29:50,607 - INFO - 🌦️  Attempting chronos inference with weather for Armenia...
2026-01-10 18:29:55,927 - INFO - ✅ Inference successful for Armenia with weather
2026-01-10 18:29:55,927 - INFO - 🔮 Skipping Aruba - no ILI or ARI data available
2026-01-10 18:29:55,927 - INFO - 
🚀 Processing Australia
2026-01-10 18:29:55,927 - INFO -    ILI cases: 81,414
2026-01-10 18:29:55,927 - INFO -    ARI cases: 0
2026-01-10 18:29:55,927 - INFO -    Data types: ILI
2026-01-10 18:29:55,927 - INFO - Running extraction: /home/david/miniconda3/bin/python enhanced_extract_country_data.py --country Australia --input data/who_flu_data.csv --output_dir data/extracted_data
2026-01-10 18:29:57,219 - INFO - ✅ Extraction successful for Australia
2026-01-10 18:29:57,220 - INFO - 🌦️  Attempting chronos inference with weather for Australia...
2026-01-10 18:30:02,442 - INFO - ✅ Inference successful for Australia with weather
2026-01-10 18:30:02,442 - INFO - 
📈 PROGRESS UPDATE
2026-01-10 18:30:02,442 - INFO -    Countries processed: 10/186
2026-01-10 18:30:02,442 - INFO -    Successful extractions: 9
2026-01-10 18:30:02,442 - INFO -    Failed extractions: 0
2026-01-10 18:30:02,442 - INFO -    Successful inferences: 9
2026-01-10 18:30:02,442 - INFO -    Failed inferences: 0
2026-01-10 18:30:02,442 - INFO -    Skipped countries: 1
2026-01-10 18:30:02,442 - INFO -    Average processing time: 3.2s per country
2026-01-10 18:30:02,442 - INFO - 
🚀 Processing Austria
2026-01-10 18:30:02,442 - INFO -    ILI cases: 371,646
2026-01-10 18:30:02,442 - INFO -    ARI cases: 0
2026-01-10 18:30:02,442 - INFO -    Data types: ARI, ILI
2026-01-10 18:30:02,442 - INFO - Running extraction: /home/david/miniconda3/bin/python enhanced_extract_country_data.py --country Austria --input data/who_flu_data.csv --output_dir data/extracted_data
2026-01-10 18:30:03,741 - INFO - ✅ Extraction successful for Austria
2026-01-10 18:30:03,741 - INFO - 🌦️  Attempting chronos inference with weather for Austria...
2026-01-10 18:30:09,043 - INFO - ✅ Inference successful for Austria with weather
2026-01-10 18:30:09,043 - INFO - 
🚀 Processing Azerbaijan
2026-01-10 18:30:09,043 - INFO -    ILI cases: 937,386
2026-01-10 18:30:09,043 - INFO -    ARI cases: 176,742
2026-01-10 18:30:09,043 - INFO -    Data types: ARI, ILI
2026-01-10 18:30:09,043 - INFO - Running extraction: /home/david/miniconda3/bin/python enhanced_extract_country_data.py --country Azerbaijan --input data/who_flu_data.csv --output_dir data/extracted_data
2026-01-10 18:30:10,316 - INFO - ✅ Extraction successful for Azerbaijan
2026-01-10 18:30:10,317 - INFO - 🌦️  Attempting chronos inference with weather for Azerbaijan...
2026-01-10 18:30:15,739 - INFO - ✅ Inference successful for Azerbaijan with weather
2026-01-10 18:30:15,739 - INFO - 
🚀 Processing Bahamas
2026-01-10 18:30:15,739 - INFO -    ILI cases: 5,803
2026-01-10 18:30:15,739 - INFO -    ARI cases: 1,413
2026-01-10 18:30:15,739 - INFO -    Data types: ARI, ILI
2026-01-10 18:30:15,739 - INFO - Running extraction: /home/david/miniconda3/bin/python enhanced_extract_country_data.py --country Bahamas --input data/who_flu_data.csv --output_dir data/extracted_data
2026-01-10 18:30:17,033 - INFO - ✅ Extraction successful for Bahamas
2026-01-10 18:30:17,033 - INFO - 🌦️  Attempting chronos inference with weather for Bahamas...
2026-01-10 18:30:22,113 - INFO - ✅ Inference successful for Bahamas with weather
2026-01-10 18:30:22,113 - INFO - 
🚀 Processing Bahrain
2026-01-10 18:30:22,114 - INFO -    ILI cases: 516,296
2026-01-10 18:30:22,114 - INFO -    ARI cases: 0
2026-01-10 18:30:22,114 - INFO -    Data types: ILI
2026-01-10 18:30:22,114 - INFO - Running extraction: /home/david/miniconda3/bin/python enhanced_extract_country_data.py --country Bahrain --input data/who_flu_data.csv --output_dir data/extracted_data
2026-01-10 18:30:23,419 - INFO - ✅ Extraction successful for Bahrain
2026-01-10 18:30:23,419 - INFO - 🌦️  Attempting chronos inference with weather for Bahrain...
2026-01-10 18:30:28,640 - INFO - ✅ Inference successful for Bahrain with weather
2026-01-10 18:30:28,640 - INFO - 
🚀 Processing Bangladesh
2026-01-10 18:30:28,640 - INFO -    ILI cases: 74,045
2026-01-10 18:30:28,640 - INFO -    ARI cases: 0
2026-01-10 18:30:28,640 - INFO -    Data types: ILI
2026-01-10 18:30:28,640 - INFO - Running extraction: /home/david/miniconda3/bin/python enhanced_extract_country_data.py --country Bangladesh --input data/who_flu_data.csv --output_dir data/extracted_data
2026-01-10 18:30:29,930 - INFO - ✅ Extraction successful for Bangladesh
2026-01-10 18:30:29,930 - INFO - 🌦️  Attempting chronos inference with weather for Bangladesh...
2026-01-10 18:30:35,025 - INFO - ✅ Inference successful for Bangladesh with weather
2026-01-10 18:30:35,026 - INFO - 
📈 PROGRESS UPDATE
2026-01-10 18:30:35,026 - INFO -    Countries processed: 15/186
2026-01-10 18:30:35,026 - INFO -    Successful extractions: 14
2026-01-10 18:30:35,026 - INFO -    Failed extractions: 0
2026-01-10 18:30:35,026 - INFO -    Successful inferences: 14
2026-01-10 18:30:35,026 - INFO -    Failed inferences: 0
2026-01-10 18:30:35,026 - INFO -    Skipped countries: 1
2026-01-10 18:30:35,026 - INFO -    Average processing time: 3.2s per country
2026-01-10 18:30:35,026 - INFO - 
🚀 Processing Barbados
2026-01-10 18:30:35,026 - INFO -    ILI cases: 8,328
2026-01-10 18:30:35,026 - INFO -    ARI cases: 9,207
2026-01-10 18:30:35,026 - INFO -    Data types: ARI, ILI
2026-01-10 18:30:35,026 - INFO - Running extraction: /home/david/miniconda3/bin/python enhanced_extract_country_data.py --country Barbados --input data/who_flu_data.csv --output_dir data/extracted_data
2026-01-10 18:30:36,312 - INFO - ✅ Extraction successful for Barbados
2026-01-10 18:30:36,312 - INFO - 🌦️  Attempting chronos inference with weather for Barbados...
2026-01-10 18:30:41,506 - INFO - ✅ Inference successful for Barbados with weather
2026-01-10 18:30:41,507 - INFO - 
🚀 Processing Belarus
2026-01-10 18:30:41,507 - INFO -    ILI cases: 45,330
2026-01-10 18:30:41,507 - INFO -    ARI cases: 69,991,357
2026-01-10 18:30:41,507 - INFO -    Data types: ARI, ILI
2026-01-10 18:30:41,507 - INFO - Running extraction: /home/david/miniconda3/bin/python enhanced_extract_country_data.py --country Belarus --input data/who_flu_data.csv --output_dir data/extracted_data
2026-01-10 18:30:42,813 - INFO - ✅ Extraction successful for Belarus
2026-01-10 18:30:42,813 - INFO - 🌦️  Attempting chronos inference with weather for Belarus...
2026-01-10 18:30:48,375 - INFO - ✅ Inference successful for Belarus with weather
2026-01-10 18:30:48,375 - INFO - 
🚀 Processing Belgium
2026-01-10 18:30:48,375 - INFO -    ILI cases: 221,398
2026-01-10 18:30:48,375 - INFO -    ARI cases: 2,111,161
2026-01-10 18:30:48,375 - INFO -    Data types: ARI, ILI
2026-01-10 18:30:48,375 - INFO - Running extraction: /home/david/miniconda3/bin/python enhanced_extract_country_data.py --country Belgium --input data/who_flu_data.csv --output_dir data/extracted_data
2026-01-10 18:30:49,687 - INFO - ✅ Extraction successful for Belgium
2026-01-10 18:30:49,687 - INFO - 🌦️  Attempting chronos inference with weather for Belgium...
2026-01-10 18:30:55,219 - INFO - ✅ Inference successful for Belgium with weather
2026-01-10 18:30:55,219 - INFO - 
🚀 Processing Belize
2026-01-10 18:30:55,219 - INFO -    ILI cases: 61,475
2026-01-10 18:30:55,219 - INFO -    ARI cases: 0
2026-01-10 18:30:55,219 - INFO -    Data types: ILI
2026-01-10 18:30:55,219 - INFO - Running extraction: /home/david/miniconda3/bin/python enhanced_extract_country_data.py --country Belize --input data/who_flu_data.csv --output_dir data/extracted_data
2026-01-10 18:30:56,510 - INFO - ✅ Extraction successful for Belize
2026-01-10 18:30:56,510 - INFO - 🌦️  Attempting chronos inference with weather for Belize...
2026-01-10 18:31:00,491 - WARNING - ⚠️  Weather failed for Belize, trying without weather...
2026-01-10 18:31:05,208 - INFO - ✅ Inference successful for Belize without weather
2026-01-10 18:31:05,208 - INFO - 
🚀 Processing Bermuda
2026-01-10 18:31:05,208 - INFO -    ILI cases: 1,786
2026-01-10 18:31:05,208 - INFO -    ARI cases: 0
2026-01-10 18:31:05,209 - INFO -    Data types: ILI
2026-01-10 18:31:05,209 - INFO - Running extraction: /home/david/miniconda3/bin/python enhanced_extract_country_data.py --country Bermuda --input data/who_flu_data.csv --output_dir data/extracted_data
2026-01-10 18:31:06,491 - INFO - ✅ Extraction successful for Bermuda
2026-01-10 18:31:06,491 - INFO - 🌦️  Attempting chronos inference with weather for Bermuda...
2026-01-10 18:31:11,409 - INFO - ✅ Inference successful for Bermuda with weather
2026-01-10 18:31:11,409 - INFO - 
📈 PROGRESS UPDATE
2026-01-10 18:31:11,409 - INFO -    Countries processed: 20/186
2026-01-10 18:31:11,409 - INFO -    Successful extractions: 19
2026-01-10 18:31:11,409 - INFO -    Failed extractions: 0
2026-01-10 18:31:11,409 - INFO -    Successful inferences: 19
2026-01-10 18:31:11,410 - INFO -    Failed inferences: 0
2026-01-10 18:31:11,410 - INFO -    Skipped countries: 1
2026-01-10 18:31:11,410 - INFO -    Average processing time: 3.2s per country
2026-01-10 18:31:11,410 - INFO - 
🚀 Processing Bhutan
2026-01-10 18:31:11,410 - INFO -    ILI cases: 244,930
2026-01-10 18:31:11,410 - INFO -    ARI cases: 0
2026-01-10 18:31:11,410 - INFO -    Data types: ILI
2026-01-10 18:31:11,410 - INFO - Running extraction: /home/david/miniconda3/bin/python enhanced_extract_country_data.py --country Bhutan --input data/who_flu_data.csv --output_dir data/extracted_data
2026-01-10 18:31:12,703 - INFO - ✅ Extraction successful for Bhutan
2026-01-10 18:31:12,704 - INFO - 🌦️  Attempting chronos inference with weather for Bhutan...
2026-01-10 18:31:17,962 - INFO - ✅ Inference successful for Bhutan with weather
2026-01-10 18:31:17,963 - INFO - 
🚀 Processing Bolivia (Plurinational State of)
2026-01-10 18:31:17,963 - INFO -    ILI cases: 7,358
2026-01-10 18:31:17,963 - INFO -    ARI cases: 5,811,234
2026-01-10 18:31:17,963 - INFO -    Data types: ARI, ILI
2026-01-10 18:31:17,963 - INFO - Running extraction: /home/david/miniconda3/bin/python enhanced_extract_country_data.py --country Bolivia (Plurinational State of) --input data/who_flu_data.csv --output_dir data/extracted_data
2026-01-10 18:31:19,243 - INFO - ✅ Extraction successful for Bolivia (Plurinational State of)
2026-01-10 18:31:19,244 - INFO - 🌦️  Attempting chronos inference with weather for Bolivia (Plurinational State of)...
2026-01-10 18:31:23,094 - WARNING - ⚠️  Weather failed for Bolivia (Plurinational State of), trying without weather...
2026-01-10 18:31:27,884 - INFO - ✅ Inference successful for Bolivia (Plurinational State of) without weather
2026-01-10 18:31:27,884 - INFO - 
🚀 Processing Bonaire, Sint Eustatius and Saba
2026-01-10 18:31:27,884 - INFO -    ILI cases: 2,096
2026-01-10 18:31:27,884 - INFO -    ARI cases: 0
2026-01-10 18:31:27,884 - INFO -    Data types: ILI
2026-01-10 18:31:27,884 - INFO - Running extraction: /home/david/miniconda3/bin/python enhanced_extract_country_data.py --country Bonaire, Sint Eustatius and Saba --input data/who_flu_data.csv --output_dir data/extracted_data
2026-01-10 18:31:29,173 - INFO - ✅ Extraction successful for Bonaire, Sint Eustatius and Saba
2026-01-10 18:31:29,174 - INFO - 🌦️  Attempting chronos inference with weather for Bonaire, Sint Eustatius and Saba...
2026-01-10 18:31:34,094 - INFO - ✅ Inference successful for Bonaire, Sint Eustatius and Saba with weather
2026-01-10 18:31:34,095 - INFO - 
🚀 Processing Bosnia and Herzegovina
2026-01-10 18:31:34,095 - INFO -    ILI cases: 44,138
2026-01-10 18:31:34,095 - INFO -    ARI cases: 119,458
2026-01-10 18:31:34,095 - INFO -    Data types: ARI, ILI
2026-01-10 18:31:34,095 - INFO - Running extraction: /home/david/miniconda3/bin/python enhanced_extract_country_data.py --country Bosnia and Herzegovina --input data/who_flu_data.csv --output_dir data/extracted_data
2026-01-10 18:31:35,393 - INFO - ✅ Extraction successful for Bosnia and Herzegovina
2026-01-10 18:31:35,393 - INFO - 🌦️  Attempting chronos inference with weather for Bosnia and Herzegovina...
2026-01-10 18:31:40,706 - INFO - ✅ Inference successful for Bosnia and Herzegovina with weather
2026-01-10 18:31:40,706 - INFO - 
🚀 Processing Brazil
2026-01-10 18:31:40,706 - INFO -    ILI cases: 20,828,951
2026-01-10 18:31:40,706 - INFO -    ARI cases: 0
2026-01-10 18:31:40,706 - INFO -    Data types: ILI
2026-01-10 18:31:40,706 - INFO - Running extraction: /home/david/miniconda3/bin/python enhanced_extract_country_data.py --country Brazil --input data/who_flu_data.csv --output_dir data/extracted_data
2026-01-10 18:31:41,998 - INFO - ✅ Extraction successful for Brazil
2026-01-10 18:31:41,998 - INFO - 🌦️  Attempting chronos inference with weather for Brazil...
2026-01-10 18:31:47,543 - INFO - ✅ Inference successful for Brazil with weather
2026-01-10 18:31:47,543 - INFO - 
📈 PROGRESS UPDATE
2026-01-10 18:31:47,543 - INFO -    Countries processed: 25/186
2026-01-10 18:31:47,543 - INFO -    Successful extractions: 24
2026-01-10 18:31:47,543 - INFO -    Failed extractions: 0
2026-01-10 18:31:47,543 - INFO -    Successful inferences: 24
2026-01-10 18:31:47,543 - INFO -    Failed inferences: 0
2026-01-10 18:31:47,543 - INFO -    Skipped countries: 1
2026-01-10 18:31:47,543 - INFO -    Average processing time: 3.2s per country
2026-01-10 18:31:47,543 - INFO - 
🚀 Processing British Virgin Islands
2026-01-10 18:31:47,543 - INFO -    ILI cases: 1,582
2026-01-10 18:31:47,543 - INFO -    ARI cases: 0
2026-01-10 18:31:47,543 - INFO -    Data types: ILI
2026-01-10 18:31:47,543 - INFO - Running extraction: /home/david/miniconda3/bin/python enhanced_extract_country_data.py --country British Virgin Islands --input data/who_flu_data.csv --output_dir data/extracted_data
2026-01-10 18:31:48,851 - INFO - ✅ Extraction successful for British Virgin Islands
2026-01-10 18:31:48,851 - INFO - 🌦️  Attempting chronos inference with weather for British Virgin Islands...
2026-01-10 18:31:53,781 - INFO - ✅ Inference successful for British Virgin Islands with weather
2026-01-10 18:31:53,782 - INFO - 
🚀 Processing Brunei Darussalam
2026-01-10 18:31:53,782 - INFO -    ILI cases: 1,451,170
2026-01-10 18:31:53,782 - INFO -    ARI cases: 0
2026-01-10 18:31:53,782 - INFO -    Data types: ILI
2026-01-10 18:31:53,782 - INFO - Running extraction: /home/david/miniconda3/bin/python enhanced_extract_country_data.py --country Brunei Darussalam --input data/who_flu_data.csv --output_dir data/extracted_data
2026-01-10 18:31:55,089 - INFO - ✅ Extraction successful for Brunei Darussalam
2026-01-10 18:31:55,089 - INFO - 🌦️  Attempting chronos inference with weather for Brunei Darussalam...
2026-01-10 18:32:00,010 - INFO - ✅ Inference successful for Brunei Darussalam with weather
2026-01-10 18:32:00,011 - INFO - 
🚀 Processing Bulgaria
2026-01-10 18:32:00,011 - INFO -    ILI cases: 0
2026-01-10 18:32:00,011 - INFO -    ARI cases: 4,166,871
2026-01-10 18:32:00,011 - INFO -    Data types: ARI, ILI
2026-01-10 18:32:00,011 - INFO - Running extraction: /home/david/miniconda3/bin/python enhanced_extract_country_data.py --country Bulgaria --input data/who_flu_data.csv --output_dir data/extracted_data
2026-01-10 18:32:01,329 - INFO - ✅ Extraction successful for Bulgaria
2026-01-10 18:32:01,329 - INFO - 🌦️  Attempting chronos inference with weather for Bulgaria...
2026-01-10 18:32:06,669 - INFO - ✅ Inference successful for Bulgaria with weather
2026-01-10 18:32:06,670 - INFO - 
🚀 Processing Burkina Faso
2026-01-10 18:32:06,670 - INFO -    ILI cases: 0
2026-01-10 18:32:06,670 - INFO -    ARI cases: 3,464
2026-01-10 18:32:06,670 - INFO -    Data types: ARI
2026-01-10 18:32:06,670 - INFO - Running extraction: /home/david/miniconda3/bin/python enhanced_extract_country_data.py --country Burkina Faso --input data/who_flu_data.csv --output_dir data/extracted_data
2026-01-10 18:32:07,991 - INFO - ✅ Extraction successful for Burkina Faso
2026-01-10 18:32:07,991 - INFO - 🌦️  Attempting chronos inference with weather for Burkina Faso...
2026-01-10 18:32:12,863 - INFO - ✅ Inference successful for Burkina Faso with weather
2026-01-10 18:32:12,864 - INFO - 
🚀 Processing Cambodia
2026-01-10 18:32:12,864 - INFO -    ILI cases: 171,958
2026-01-10 18:32:12,864 - INFO -    ARI cases: 0
2026-01-10 18:32:12,864 - INFO -    Data types: ILI
2026-01-10 18:32:12,864 - INFO - Running extraction: /home/david/miniconda3/bin/python enhanced_extract_country_data.py --country Cambodia --input data/who_flu_data.csv --output_dir data/extracted_data
2026-01-10 18:32:14,152 - INFO - ✅ Extraction successful for Cambodia
2026-01-10 18:32:14,152 - INFO - 🌦️  Attempting chronos inference with weather for Cambodia...
2026-01-10 18:32:19,352 - INFO - ✅ Inference successful for Cambodia with weather
2026-01-10 18:32:19,352 - INFO - 
📈 PROGRESS UPDATE
2026-01-10 18:32:19,352 - INFO -    Countries processed: 30/186
2026-01-10 18:32:19,352 - INFO -    Successful extractions: 29
2026-01-10 18:32:19,352 - INFO -    Failed extractions: 0
2026-01-10 18:32:19,352 - INFO -    Successful inferences: 29
2026-01-10 18:32:19,352 - INFO -    Failed inferences: 0
2026-01-10 18:32:19,352 - INFO -    Skipped countries: 1
2026-01-10 18:32:19,352 - INFO -    Average processing time: 3.2s per country
2026-01-10 18:32:19,352 - INFO - 
🚀 Processing Cameroon
2026-01-10 18:32:19,352 - INFO -    ILI cases: 36,779
2026-01-10 18:32:19,352 - INFO -    ARI cases: 36,188
2026-01-10 18:32:19,352 - INFO -    Data types: ARI, ILI
2026-01-10 18:32:19,352 - INFO - Running extraction: /home/david/miniconda3/bin/python enhanced_extract_country_data.py --country Cameroon --input data/who_flu_data.csv --output_dir data/extracted_data
2026-01-10 18:32:20,654 - INFO - ✅ Extraction successful for Cameroon
2026-01-10 18:32:20,654 - INFO - 🌦️  Attempting chronos inference with weather for Cameroon...
2026-01-10 18:32:25,883 - INFO - ✅ Inference successful for Cameroon with weather
2026-01-10 18:32:25,883 - INFO - 
🚀 Processing Canada
2026-01-10 18:32:25,883 - INFO -    ILI cases: 17,317
2026-01-10 18:32:25,883 - INFO -    ARI cases: 0
2026-01-10 18:32:25,883 - INFO -    Data types: ILI
2026-01-10 18:32:25,883 - INFO - Running extraction: /home/david/miniconda3/bin/python enhanced_extract_country_data.py --country Canada --input data/who_flu_data.csv --output_dir data/extracted_data
2026-01-10 18:32:27,184 - INFO - ✅ Extraction successful for Canada
2026-01-10 18:32:27,184 - INFO - 🌦️  Attempting chronos inference with weather for Canada...
2026-01-10 18:32:32,745 - INFO - ✅ Inference successful for Canada with weather
2026-01-10 18:32:32,746 - INFO - 
🚀 Processing Cayman Islands
2026-01-10 18:32:32,746 - INFO -    ILI cases: 4,742
2026-01-10 18:32:32,746 - INFO -    ARI cases: 6,364
2026-01-10 18:32:32,746 - INFO -    Data types: ARI, ILI
2026-01-10 18:32:32,746 - INFO - Running extraction: /home/david/miniconda3/bin/python enhanced_extract_country_data.py --country Cayman Islands --input data/who_flu_data.csv --output_dir data/extracted_data
2026-01-10 18:32:34,042 - INFO - ✅ Extraction successful for Cayman Islands
2026-01-10 18:32:34,042 - INFO - 🌦️  Attempting chronos inference with weather for Cayman Islands...
2026-01-10 18:32:39,155 - INFO - ✅ Inference successful for Cayman Islands with weather
2026-01-10 18:32:39,155 - INFO - 
🚀 Processing Central African Republic
2026-01-10 18:32:39,155 - INFO -    ILI cases: 14,099
2026-01-10 18:32:39,155 - INFO -    ARI cases: 1,512
2026-01-10 18:32:39,155 - INFO -    Data types: ARI, ILI
2026-01-10 18:32:39,155 - INFO - Running extraction: /home/david/miniconda3/bin/python enhanced_extract_country_data.py --country Central African Republic --input data/who_flu_data.csv --output_dir data/extracted_data
2026-01-10 18:32:40,438 - INFO - ✅ Extraction successful for Central African Republic
2026-01-10 18:32:40,438 - INFO - 🌦️  Attempting chronos inference with weather for Central African Republic...
2026-01-10 18:32:45,450 - INFO - ✅ Inference successful for Central African Republic with weather
2026-01-10 18:32:45,450 - INFO - 
🚀 Processing Chile
2026-01-10 18:32:45,450 - INFO -    ILI cases: 159,225
2026-01-10 18:32:45,450 - INFO -    ARI cases: 0
2026-01-10 18:32:45,450 - INFO -    Data types: ILI
2026-01-10 18:32:45,450 - INFO - Running extraction: /home/david/miniconda3/bin/python enhanced_extract_country_data.py --country Chile --input data/who_flu_data.csv --output_dir data/extracted_data
2026-01-10 18:32:46,761 - INFO - ✅ Extraction successful for Chile
2026-01-10 18:32:46,761 - INFO - 🌦️  Attempting chronos inference with weather for Chile...
2026-01-10 18:32:51,880 - INFO - ✅ Inference successful for Chile with weather
2026-01-10 18:32:51,880 - INFO - 
📈 PROGRESS UPDATE
2026-01-10 18:32:51,880 - INFO -    Countries processed: 35/186
2026-01-10 18:32:51,881 - INFO -    Successful extractions: 34
2026-01-10 18:32:51,881 - INFO -    Failed extractions: 0
2026-01-10 18:32:51,881 - INFO -    Successful inferences: 34
2026-01-10 18:32:51,881 - INFO -    Failed inferences: 0
2026-01-10 18:32:51,881 - INFO -    Skipped countries: 1
2026-01-10 18:32:51,881 - INFO -    Average processing time: 3.2s per country
2026-01-10 18:32:51,881 - INFO - 
🚀 Processing China, Hong Kong SAR
2026-01-10 18:32:51,881 - INFO -    ILI cases: 18,177
2026-01-10 18:32:51,881 - INFO -    ARI cases: 0
2026-01-10 18:32:51,881 - INFO -    Data types: ILI
2026-01-10 18:32:51,881 - INFO - Running extraction: /home/david/miniconda3/bin/python enhanced_extract_country_data.py --country China, Hong Kong SAR --input data/who_flu_data.csv --output_dir data/extracted_data
2026-01-10 18:32:53,166 - INFO - ✅ Extraction successful for China, Hong Kong SAR
2026-01-10 18:32:53,166 - INFO - 🌦️  Attempting chronos inference with weather for China, Hong Kong SAR...
2026-01-10 18:32:56,983 - WARNING - ⚠️  Weather failed for China, Hong Kong SAR, trying without weather...
2026-01-10 18:33:01,651 - INFO - ✅ Inference successful for China, Hong Kong SAR without weather
2026-01-10 18:33:01,651 - INFO - 
🚀 Processing Colombia
2026-01-10 18:33:01,651 - INFO -    ILI cases: 194,969
2026-01-10 18:33:01,651 - INFO -    ARI cases: 177,611,322
2026-01-10 18:33:01,651 - INFO -    Data types: ARI, ILI
2026-01-10 18:33:01,651 - INFO - Running extraction: /home/david/miniconda3/bin/python enhanced_extract_country_data.py --country Colombia --input data/who_flu_data.csv --output_dir data/extracted_data
2026-01-10 18:33:02,944 - INFO - ✅ Extraction successful for Colombia
2026-01-10 18:33:02,944 - INFO - 🌦️  Attempting chronos inference with weather for Colombia...
2026-01-10 18:33:08,129 - INFO - ✅ Inference successful for Colombia with weather
2026-01-10 18:33:08,129 - INFO - 
🚀 Processing Cook Islands
2026-01-10 18:33:08,129 - INFO -    ILI cases: 3,586
2026-01-10 18:33:08,129 - INFO -    ARI cases: 0
2026-01-10 18:33:08,129 - INFO -    Data types: ILI
2026-01-10 18:33:08,129 - INFO - Running extraction: /home/david/miniconda3/bin/python enhanced_extract_country_data.py --country Cook Islands --input data/who_flu_data.csv --output_dir data/extracted_data
2026-01-10 18:33:09,417 - INFO - ✅ Extraction successful for Cook Islands
2026-01-10 18:33:09,417 - INFO - 🌦️  Attempting chronos inference with weather for Cook Islands...
2026-01-10 18:33:14,674 - INFO - ✅ Inference successful for Cook Islands with weather
2026-01-10 18:33:14,674 - INFO - 
🚀 Processing Costa Rica
2026-01-10 18:33:14,674 - INFO -    ILI cases: 340,575
2026-01-10 18:33:14,674 - INFO -    ARI cases: 0
2026-01-10 18:33:14,674 - INFO -    Data types: ILI
2026-01-10 18:33:14,674 - INFO - Running extraction: /home/david/miniconda3/bin/python enhanced_extract_country_data.py --country Costa Rica --input data/who_flu_data.csv --output_dir data/extracted_data
2026-01-10 18:33:15,959 - INFO - ✅ Extraction successful for Costa Rica
2026-01-10 18:33:15,959 - INFO - 🌦️  Attempting chronos inference with weather for Costa Rica...
2026-01-10 18:33:21,329 - INFO - ✅ Inference successful for Costa Rica with weather
2026-01-10 18:33:21,329 - INFO - 
🚀 Processing Croatia
2026-01-10 18:33:21,329 - INFO -    ILI cases: 1,182,789
2026-01-10 18:33:21,329 - INFO -    ARI cases: 0
2026-01-10 18:33:21,329 - INFO -    Data types: ARI, ILI
2026-01-10 18:33:21,329 - INFO - Running extraction: /home/david/miniconda3/bin/python enhanced_extract_country_data.py --country Croatia --input data/who_flu_data.csv --output_dir data/extracted_data
2026-01-10 18:33:22,625 - INFO - ✅ Extraction successful for Croatia
2026-01-10 18:33:22,625 - INFO - 🌦️  Attempting chronos inference with weather for Croatia...
2026-01-10 18:33:27,905 - INFO - ✅ Inference successful for Croatia with weather
2026-01-10 18:33:27,905 - INFO - 
📈 PROGRESS UPDATE
2026-01-10 18:33:27,906 - INFO -    Countries processed: 40/186
2026-01-10 18:33:27,906 - INFO -    Successful extractions: 39
2026-01-10 18:33:27,906 - INFO -    Failed extractions: 0
2026-01-10 18:33:27,906 - INFO -    Successful inferences: 39
2026-01-10 18:33:27,906 - INFO -    Failed inferences: 0
2026-01-10 18:33:27,906 - INFO -    Skipped countries: 1
2026-01-10 18:33:27,906 - INFO -    Average processing time: 3.2s per country
2026-01-10 18:33:27,906 - INFO - 
🚀 Processing Cuba
2026-01-10 18:33:27,906 - INFO -    ILI cases: 5,960
2026-01-10 18:33:27,906 - INFO -    ARI cases: 0
2026-01-10 18:33:27,906 - INFO -    Data types: ILI
2026-01-10 18:33:27,906 - INFO - Running extraction: /home/david/miniconda3/bin/python enhanced_extract_country_data.py --country Cuba --input data/who_flu_data.csv --output_dir data/extracted_data
2026-01-10 18:33:29,210 - INFO - ✅ Extraction successful for Cuba
2026-01-10 18:33:29,211 - INFO - 🌦️  Attempting chronos inference with weather for Cuba...
2026-01-10 18:33:34,300 - INFO - ✅ Inference successful for Cuba with weather
2026-01-10 18:33:34,300 - INFO - 
🚀 Processing Curaçao
2026-01-10 18:33:34,300 - INFO -    ILI cases: 1,252
2026-01-10 18:33:34,300 - INFO -    ARI cases: 0
2026-01-10 18:33:34,301 - INFO -    Data types: ILI
2026-01-10 18:33:34,301 - INFO - Running extraction: /home/david/miniconda3/bin/python enhanced_extract_country_data.py --country Curaçao --input data/who_flu_data.csv --output_dir data/extracted_data
2026-01-10 18:33:35,566 - INFO - ✅ Extraction successful for Curaçao
2026-01-10 18:33:35,567 - INFO - 🌦️  Attempting chronos inference with weather for Curaçao...
2026-01-10 18:33:40,478 - INFO - ✅ Inference successful for Curaçao with weather
2026-01-10 18:33:40,479 - INFO - 
🚀 Processing Cyprus
2026-01-10 18:33:40,479 - INFO -    ILI cases: 13,430
2026-01-10 18:33:40,479 - INFO -    ARI cases: 168,146
2026-01-10 18:33:40,479 - INFO -    Data types: ARI, ILI
2026-01-10 18:33:40,479 - INFO - Running extraction: /home/david/miniconda3/bin/python enhanced_extract_country_data.py --country Cyprus --input data/who_flu_data.csv --output_dir data/extracted_data
2026-01-10 18:33:41,784 - INFO - ✅ Extraction successful for Cyprus
2026-01-10 18:33:41,785 - INFO - 🌦️  Attempting chronos inference with weather for Cyprus...
2026-01-10 18:33:47,080 - INFO - ✅ Inference successful for Cyprus with weather
2026-01-10 18:33:47,080 - INFO - 
🚀 Processing Czechia
2026-01-10 18:33:47,080 - INFO -    ILI cases: 2,639,044
2026-01-10 18:33:47,080 - INFO -    ARI cases: 60,161,920
2026-01-10 18:33:47,081 - INFO -    Data types: ARI, ILI
2026-01-10 18:33:47,081 - INFO - Running extraction: /home/david/miniconda3/bin/python enhanced_extract_country_data.py --country Czechia --input data/who_flu_data.csv --output_dir data/extracted_data
2026-01-10 18:33:48,364 - INFO - ✅ Extraction successful for Czechia
2026-01-10 18:33:48,364 - INFO - 🌦️  Attempting chronos inference with weather for Czechia...
2026-01-10 18:33:53,685 - INFO - ✅ Inference successful for Czechia with weather
2026-01-10 18:33:53,686 - INFO - 
🚀 Processing Côte d’Ivoire
2026-01-10 18:33:53,686 - INFO -    ILI cases: 225,944
2026-01-10 18:33:53,686 - INFO -    ARI cases: 0
2026-01-10 18:33:53,686 - INFO -    Data types: ILI
2026-01-10 18:33:53,686 - INFO - Running extraction: /home/david/miniconda3/bin/python enhanced_extract_country_data.py --country Côte d’Ivoire --input data/who_flu_data.csv --output_dir data/extracted_data
2026-01-10 18:33:54,997 - INFO - ✅ Extraction successful for Côte d’Ivoire
2026-01-10 18:33:54,997 - INFO - 🌦️  Attempting chronos inference with weather for Côte d’Ivoire...
2026-01-10 18:33:58,845 - WARNING - ⚠️  Weather failed for Côte d’Ivoire, trying without weather...
2026-01-10 18:34:03,652 - INFO - ✅ Inference successful for Côte d’Ivoire without weather
2026-01-10 18:34:03,653 - INFO - 
📈 PROGRESS UPDATE
2026-01-10 18:34:03,653 - INFO -    Countries processed: 45/186
2026-01-10 18:34:03,653 - INFO -    Successful extractions: 44
2026-01-10 18:34:03,653 - INFO -    Failed extractions: 0
2026-01-10 18:34:03,653 - INFO -    Successful inferences: 44
2026-01-10 18:34:03,653 - INFO -    Failed inferences: 0
2026-01-10 18:34:03,653 - INFO -    Skipped countries: 1
2026-01-10 18:34:03,653 - INFO -    Average processing time: 3.2s per country
2026-01-10 18:34:03,653 - INFO - 
🚀 Processing Democratic People's Republic of Korea
2026-01-10 18:34:03,653 - INFO -    ILI cases: 80,443
2026-01-10 18:34:03,653 - INFO -    ARI cases: 0
2026-01-10 18:34:03,653 - INFO -    Data types: ILI
2026-01-10 18:34:03,653 - INFO - Running extraction: /home/david/miniconda3/bin/python enhanced_extract_country_data.py --country Democratic People's Republic of Korea --input data/who_flu_data.csv --output_dir data/extracted_data
2026-01-10 18:34:04,952 - INFO - ✅ Extraction successful for Democratic People's Republic of Korea
2026-01-10 18:34:04,953 - INFO - 🌦️  Attempting chronos inference with weather for Democratic People's Republic of Korea...
2026-01-10 18:34:10,034 - INFO - ✅ Inference successful for Democratic People's Republic of Korea with weather
2026-01-10 18:34:10,034 - INFO - 
🚀 Processing Democratic Republic of the Congo
2026-01-10 18:34:10,034 - INFO -    ILI cases: 10,848
2026-01-10 18:34:10,034 - INFO -    ARI cases: 0
2026-01-10 18:34:10,034 - INFO -    Data types: ILI
2026-01-10 18:34:10,034 - INFO - Running extraction: /home/david/miniconda3/bin/python enhanced_extract_country_data.py --country Democratic Republic of the Congo --input data/who_flu_data.csv --output_dir data/extracted_data
2026-01-10 18:34:11,296 - INFO - ✅ Extraction successful for Democratic Republic of the Congo
2026-01-10 18:34:11,296 - INFO - 🌦️  Attempting chronos inference with weather for Democratic Republic of the Congo...
2026-01-10 18:34:15,142 - WARNING - ⚠️  Weather failed for Democratic Republic of the Congo, trying without weather...
2026-01-10 18:34:19,878 - INFO - ✅ Inference successful for Democratic Republic of the Congo without weather
2026-01-10 18:34:19,878 - INFO - 
🚀 Processing Denmark
2026-01-10 18:34:19,878 - INFO -    ILI cases: 233,079
2026-01-10 18:34:19,878 - INFO -    ARI cases: 0
2026-01-10 18:34:19,878 - INFO -    Data types: ARI, ILI
2026-01-10 18:34:19,878 - INFO - Running extraction: /home/david/miniconda3/bin/python enhanced_extract_country_data.py --country Denmark --input data/who_flu_data.csv --output_dir data/extracted_data
2026-01-10 18:34:21,153 - INFO - ✅ Extraction successful for Denmark
2026-01-10 18:34:21,153 - INFO - 🌦️  Attempting chronos inference with weather for Denmark...
2026-01-10 18:34:26,482 - INFO - ✅ Inference successful for Denmark with weather
2026-01-10 18:34:26,482 - INFO - 
🚀 Processing Dominica
2026-01-10 18:34:26,482 - INFO -    ILI cases: 1,550
2026-01-10 18:34:26,482 - INFO -    ARI cases: 129
2026-01-10 18:34:26,482 - INFO -    Data types: ARI, ILI
2026-01-10 18:34:26,482 - INFO - Running extraction: /home/david/miniconda3/bin/python enhanced_extract_country_data.py --country Dominica --input data/who_flu_data.csv --output_dir data/extracted_data
2026-01-10 18:34:27,791 - INFO - ✅ Extraction successful for Dominica
2026-01-10 18:34:27,791 - INFO - 🌦️  Attempting chronos inference with weather for Dominica...
2026-01-10 18:34:33,072 - INFO - ✅ Inference successful for Dominica with weather
2026-01-10 18:34:33,072 - INFO - 
🚀 Processing Dominican Republic
2026-01-10 18:34:33,072 - INFO -    ILI cases: 2,748
2026-01-10 18:34:33,072 - INFO -    ARI cases: 12,832,922
2026-01-10 18:34:33,072 - INFO -    Data types: ARI, ILI
2026-01-10 18:34:33,072 - INFO - Running extraction: /home/david/miniconda3/bin/python enhanced_extract_country_data.py --country Dominican Republic --input data/who_flu_data.csv --output_dir data/extracted_data
2026-01-10 18:34:34,383 - INFO - ✅ Extraction successful for Dominican Republic
2026-01-10 18:34:34,383 - INFO - 🌦️  Attempting chronos inference with weather for Dominican Republic...
2026-01-10 18:34:39,441 - INFO - ✅ Inference successful for Dominican Republic with weather
2026-01-10 18:34:39,441 - INFO - 
📈 PROGRESS UPDATE
2026-01-10 18:34:39,441 - INFO -    Countries processed: 50/186
2026-01-10 18:34:39,442 - INFO -    Successful extractions: 49
2026-01-10 18:34:39,442 - INFO -    Failed extractions: 0
2026-01-10 18:34:39,442 - INFO -    Successful inferences: 49
2026-01-10 18:34:39,442 - INFO -    Failed inferences: 0
2026-01-10 18:34:39,442 - INFO -    Skipped countries: 1
2026-01-10 18:34:39,442 - INFO -    Average processing time: 3.2s per country
2026-01-10 18:34:39,442 - INFO - 🔮 Skipping Ecuador - no ILI or ARI data available
2026-01-10 18:34:39,442 - INFO - 
🚀 Processing Egypt
2026-01-10 18:34:39,442 - INFO -    ILI cases: 3,908
2026-01-10 18:34:39,442 - INFO -    ARI cases: 0
2026-01-10 18:34:39,442 - INFO -    Data types: ILI
2026-01-10 18:34:39,442 - INFO - Running extraction: /home/david/miniconda3/bin/python enhanced_extract_country_data.py --country Egypt --input data/who_flu_data.csv --output_dir data/extracted_data
2026-01-10 18:34:40,734 - INFO - ✅ Extraction successful for Egypt
2026-01-10 18:34:40,734 - INFO - 🌦️  Attempting chronos inference with weather for Egypt...
2026-01-10 18:34:45,785 - INFO - ✅ Inference successful for Egypt with weather
2026-01-10 18:34:45,785 - INFO - 
🚀 Processing El Salvador
2026-01-10 18:34:45,785 - INFO -    ILI cases: 984
2026-01-10 18:34:45,785 - INFO -    ARI cases: 25,297
2026-01-10 18:34:45,785 - INFO -    Data types: ARI, ILI
2026-01-10 18:34:45,785 - INFO - Running extraction: /home/david/miniconda3/bin/python enhanced_extract_country_data.py --country El Salvador --input data/who_flu_data.csv --output_dir data/extracted_data
2026-01-10 18:34:47,105 - INFO - ✅ Extraction successful for El Salvador
2026-01-10 18:34:47,105 - INFO - 🌦️  Attempting chronos inference with weather for El Salvador...
2026-01-10 18:34:52,128 - INFO - ✅ Inference successful for El Salvador with weather
2026-01-10 18:34:52,129 - INFO - 
🚀 Processing Estonia
2026-01-10 18:34:52,129 - INFO -    ILI cases: 235,592
2026-01-10 18:34:52,129 - INFO -    ARI cases: 3,138,833
2026-01-10 18:34:52,129 - INFO -    Data types: ARI, ILI
2026-01-10 18:34:52,129 - INFO - Running extraction: /home/david/miniconda3/bin/python enhanced_extract_country_data.py --country Estonia --input data/who_flu_data.csv --output_dir data/extracted_data
2026-01-10 18:34:53,430 - INFO - ✅ Extraction successful for Estonia
2026-01-10 18:34:53,430 - INFO - 🌦️  Attempting chronos inference with weather for Estonia...
2026-01-10 18:34:58,765 - INFO - ✅ Inference successful for Estonia with weather
2026-01-10 18:34:58,765 - INFO - 
🚀 Processing Ethiopia
2026-01-10 18:34:58,765 - INFO -    ILI cases: 240,887
2026-01-10 18:34:58,765 - INFO -    ARI cases: 0
2026-01-10 18:34:58,765 - INFO -    Data types: ILI
2026-01-10 18:34:58,765 - INFO - Running extraction: /home/david/miniconda3/bin/python enhanced_extract_country_data.py --country Ethiopia --input data/who_flu_data.csv --output_dir data/extracted_data
2026-01-10 18:35:00,062 - INFO - ✅ Extraction successful for Ethiopia
2026-01-10 18:35:00,062 - INFO - 🌦️  Attempting chronos inference with weather for Ethiopia...
2026-01-10 18:35:05,259 - INFO - ✅ Inference successful for Ethiopia with weather
2026-01-10 18:35:05,260 - INFO - 
📈 PROGRESS UPDATE
2026-01-10 18:35:05,260 - INFO -    Countries processed: 55/186
2026-01-10 18:35:05,260 - INFO -    Successful extractions: 53
2026-01-10 18:35:05,260 - INFO -    Failed extractions: 0
2026-01-10 18:35:05,260 - INFO -    Successful inferences: 53
2026-01-10 18:35:05,260 - INFO -    Failed inferences: 0
2026-01-10 18:35:05,260 - INFO -    Skipped countries: 2
2026-01-10 18:35:05,260 - INFO -    Average processing time: 3.2s per country
2026-01-10 18:35:05,260 - INFO - 
🚀 Processing Fiji
2026-01-10 18:35:05,260 - INFO -    ILI cases: 150,216
2026-01-10 18:35:05,260 - INFO -    ARI cases: 26,450
2026-01-10 18:35:05,260 - INFO -    Data types: ARI, ILI
2026-01-10 18:35:05,261 - INFO - Running extraction: /home/david/miniconda3/bin/python enhanced_extract_country_data.py --country Fiji --input data/who_flu_data.csv --output_dir data/extracted_data
2026-01-10 18:35:06,550 - INFO - ✅ Extraction successful for Fiji
2026-01-10 18:35:06,550 - INFO - 🌦️  Attempting chronos inference with weather for Fiji...
2026-01-10 18:35:11,679 - INFO - ✅ Inference successful for Fiji with weather
2026-01-10 18:35:11,679 - INFO - 
🚀 Processing Finland
2026-01-10 18:35:11,679 - INFO -    ILI cases: 217,566
2026-01-10 18:35:11,679 - INFO -    ARI cases: 27,416,271
2026-01-10 18:35:11,679 - INFO -    Data types: ARI, ILI
2026-01-10 18:35:11,679 - INFO - Running extraction: /home/david/miniconda3/bin/python enhanced_extract_country_data.py --country Finland --input data/who_flu_data.csv --output_dir data/extracted_data
2026-01-10 18:35:12,986 - INFO - ✅ Extraction successful for Finland
2026-01-10 18:35:12,986 - INFO - 🌦️  Attempting chronos inference with weather for Finland...
2026-01-10 18:35:18,319 - INFO - ✅ Inference successful for Finland with weather
2026-01-10 18:35:18,319 - INFO - 
🚀 Processing France
2026-01-10 18:35:18,319 - INFO -    ILI cases: 57,613,926
2026-01-10 18:35:18,319 - INFO -    ARI cases: 52,818,682
2026-01-10 18:35:18,319 - INFO -    Data types: ARI, ILI
2026-01-10 18:35:18,319 - INFO - Running extraction: /home/david/miniconda3/bin/python enhanced_extract_country_data.py --country France --input data/who_flu_data.csv --output_dir data/extracted_data
2026-01-10 18:35:19,625 - INFO - ✅ Extraction successful for France
2026-01-10 18:35:19,625 - INFO - 🌦️  Attempting chronos inference with weather for France...
2026-01-10 18:35:24,963 - INFO - ✅ Inference successful for France with weather
2026-01-10 18:35:24,964 - INFO - 
🚀 Processing French Polynesia
2026-01-10 18:35:24,964 - INFO -    ILI cases: 73,156
2026-01-10 18:35:24,964 - INFO -    ARI cases: 0
2026-01-10 18:35:24,964 - INFO -    Data types: ILI
2026-01-10 18:35:24,964 - INFO - Running extraction: /home/david/miniconda3/bin/python enhanced_extract_country_data.py --country French Polynesia --input data/who_flu_data.csv --output_dir data/extracted_data
2026-01-10 18:35:26,287 - INFO - ✅ Extraction successful for French Polynesia
2026-01-10 18:35:26,287 - INFO - 🌦️  Attempting chronos inference with weather for French Polynesia...
2026-01-10 18:35:31,578 - INFO - ✅ Inference successful for French Polynesia with weather
2026-01-10 18:35:31,578 - INFO - 
🚀 Processing Gabon
2026-01-10 18:35:31,578 - INFO -    ILI cases: 1,620
2026-01-10 18:35:31,578 - INFO -    ARI cases: 0
2026-01-10 18:35:31,579 - INFO -    Data types: ILI
2026-01-10 18:35:31,579 - INFO - Running extraction: /home/david/miniconda3/bin/python enhanced_extract_country_data.py --country Gabon --input data/who_flu_data.csv --output_dir data/extracted_data
2026-01-10 18:35:32,871 - INFO - ✅ Extraction successful for Gabon
2026-01-10 18:35:32,871 - INFO - 🌦️  Attempting chronos inference with weather for Gabon...
2026-01-10 18:35:37,730 - INFO - ✅ Inference successful for Gabon with weather
2026-01-10 18:35:37,730 - INFO - 
📈 PROGRESS UPDATE
2026-01-10 18:35:37,731 - INFO -    Countries processed: 60/186
2026-01-10 18:35:37,731 - INFO -    Successful extractions: 58
2026-01-10 18:35:37,731 - INFO -    Failed extractions: 0
2026-01-10 18:35:37,731 - INFO -    Successful inferences: 58
2026-01-10 18:35:37,731 - INFO -    Failed inferences: 0
2026-01-10 18:35:37,731 - INFO -    Skipped countries: 2
2026-01-10 18:35:37,731 - INFO -    Average processing time: 3.2s per country
2026-01-10 18:35:37,731 - INFO - 
🚀 Processing Georgia
2026-01-10 18:35:37,731 - INFO -    ILI cases: 235,154
2026-01-10 18:35:37,731 - INFO -    ARI cases: 377,720
2026-01-10 18:35:37,731 - INFO -    Data types: ARI, ILI
2026-01-10 18:35:37,731 - INFO - Running extraction: /home/david/miniconda3/bin/python enhanced_extract_country_data.py --country Georgia --input data/who_flu_data.csv --output_dir data/extracted_data
2026-01-10 18:35:39,022 - INFO - ✅ Extraction successful for Georgia
2026-01-10 18:35:39,022 - INFO - 🌦️  Attempting chronos inference with weather for Georgia...
2026-01-10 18:35:44,333 - INFO - ✅ Inference successful for Georgia with weather
2026-01-10 18:35:44,333 - INFO - 
🚀 Processing Germany
2026-01-10 18:35:44,333 - INFO -    ILI cases: 0
2026-01-10 18:35:44,333 - INFO -    ARI cases: 19,318,638
2026-01-10 18:35:44,333 - INFO -    Data types: ARI, ILI
2026-01-10 18:35:44,333 - INFO - Running extraction: /home/david/miniconda3/bin/python enhanced_extract_country_data.py --country Germany --input data/who_flu_data.csv --output_dir data/extracted_data
2026-01-10 18:35:45,657 - INFO - ✅ Extraction successful for Germany
2026-01-10 18:35:45,657 - INFO - 🌦️  Attempting chronos inference with weather for Germany...
2026-01-10 18:35:50,957 - INFO - ✅ Inference successful for Germany with weather
2026-01-10 18:35:50,958 - INFO - 
🚀 Processing Ghana
2026-01-10 18:35:50,958 - INFO -    ILI cases: 104,346
2026-01-10 18:35:50,958 - INFO -    ARI cases: 0
2026-01-10 18:35:50,958 - INFO -    Data types: ILI
2026-01-10 18:35:50,958 - INFO - Running extraction: /home/david/miniconda3/bin/python enhanced_extract_country_data.py --country Ghana --input data/who_flu_data.csv --output_dir data/extracted_data
2026-01-10 18:35:52,267 - INFO - ✅ Extraction successful for Ghana
2026-01-10 18:35:52,267 - INFO - 🌦️  Attempting chronos inference with weather for Ghana...
2026-01-10 18:35:57,166 - INFO - ✅ Inference successful for Ghana with weather
2026-01-10 18:35:57,166 - INFO - 
🚀 Processing Greece
2026-01-10 18:35:57,166 - INFO -    ILI cases: 820,585
2026-01-10 18:35:57,166 - INFO -    ARI cases: 0
2026-01-10 18:35:57,166 - INFO -    Data types: ARI, ILI
2026-01-10 18:35:57,166 - INFO - Running extraction: /home/david/miniconda3/bin/python enhanced_extract_country_data.py --country Greece --input data/who_flu_data.csv --output_dir data/extracted_data
2026-01-10 18:35:58,442 - INFO - ✅ Extraction successful for Greece
2026-01-10 18:35:58,442 - INFO - 🌦️  Attempting chronos inference with weather for Greece...
2026-01-10 18:36:03,760 - INFO - ✅ Inference successful for Greece with weather
2026-01-10 18:36:03,760 - INFO - 
🚀 Processing Grenada
2026-01-10 18:36:03,760 - INFO -    ILI cases: 10,704
2026-01-10 18:36:03,760 - INFO -    ARI cases: 0
2026-01-10 18:36:03,760 - INFO -    Data types: ILI
2026-01-10 18:36:03,760 - INFO - Running extraction: /home/david/miniconda3/bin/python enhanced_extract_country_data.py --country Grenada --input data/who_flu_data.csv --output_dir data/extracted_data
2026-01-10 18:36:05,063 - INFO - ✅ Extraction successful for Grenada
2026-01-10 18:36:05,063 - INFO - 🌦️  Attempting chronos inference with weather for Grenada...
2026-01-10 18:36:09,965 - INFO - ✅ Inference successful for Grenada with weather
2026-01-10 18:36:09,965 - INFO - 
📈 PROGRESS UPDATE
2026-01-10 18:36:09,965 - INFO -    Countries processed: 65/186
2026-01-10 18:36:09,965 - INFO -    Successful extractions: 63
2026-01-10 18:36:09,965 - INFO -    Failed extractions: 0
2026-01-10 18:36:09,965 - INFO -    Successful inferences: 63
2026-01-10 18:36:09,965 - INFO -    Failed inferences: 0
2026-01-10 18:36:09,965 - INFO -    Skipped countries: 2
2026-01-10 18:36:09,965 - INFO -    Average processing time: 3.2s per country
2026-01-10 18:36:09,965 - INFO - 
🚀 Processing Guam
2026-01-10 18:36:09,965 - INFO -    ILI cases: 5,902
2026-01-10 18:36:09,965 - INFO -    ARI cases: 0
2026-01-10 18:36:09,965 - INFO -    Data types: ILI
2026-01-10 18:36:09,965 - INFO - Running extraction: /home/david/miniconda3/bin/python enhanced_extract_country_data.py --country Guam --input data/who_flu_data.csv --output_dir data/extracted_data
2026-01-10 18:36:11,236 - INFO - ✅ Extraction successful for Guam
2026-01-10 18:36:11,236 - INFO - 🌦️  Attempting chronos inference with weather for Guam...
2026-01-10 18:36:16,509 - INFO - ✅ Inference successful for Guam with weather
2026-01-10 18:36:16,509 - INFO - 
🚀 Processing Guatemala
2026-01-10 18:36:16,509 - INFO -    ILI cases: 62,360
2026-01-10 18:36:16,509 - INFO -    ARI cases: 34,360,534
2026-01-10 18:36:16,509 - INFO -    Data types: ARI, ILI
2026-01-10 18:36:16,509 - INFO - Running extraction: /home/david/miniconda3/bin/python enhanced_extract_country_data.py --country Guatemala --input data/who_flu_data.csv --output_dir data/extracted_data
2026-01-10 18:36:17,819 - INFO - ✅ Extraction successful for Guatemala
2026-01-10 18:36:17,820 - INFO - 🌦️  Attempting chronos inference with weather for Guatemala...
2026-01-10 18:36:22,897 - INFO - ✅ Inference successful for Guatemala with weather
2026-01-10 18:36:22,898 - INFO - 
🚀 Processing Guinea
2026-01-10 18:36:22,898 - INFO -    ILI cases: 65,082
2026-01-10 18:36:22,898 - INFO -    ARI cases: 0
2026-01-10 18:36:22,898 - INFO -    Data types: ILI
2026-01-10 18:36:22,898 - INFO - Running extraction: /home/david/miniconda3/bin/python enhanced_extract_country_data.py --country Guinea --input data/who_flu_data.csv --output_dir data/extracted_data
2026-01-10 18:36:24,200 - INFO - ✅ Extraction successful for Guinea
2026-01-10 18:36:24,200 - INFO - 🌦️  Attempting chronos inference with weather for Guinea...
2026-01-10 18:36:29,247 - INFO - ✅ Inference successful for Guinea with weather
2026-01-10 18:36:29,248 - INFO - 
🚀 Processing Guyana
2026-01-10 18:36:29,248 - INFO -    ILI cases: 52,849
2026-01-10 18:36:29,248 - INFO -    ARI cases: 3,505
2026-01-10 18:36:29,248 - INFO -    Data types: ARI, ILI
2026-01-10 18:36:29,248 - INFO - Running extraction: /home/david/miniconda3/bin/python enhanced_extract_country_data.py --country Guyana --input data/who_flu_data.csv --output_dir data/extracted_data
2026-01-10 18:36:30,515 - INFO - ✅ Extraction successful for Guyana
2026-01-10 18:36:30,515 - INFO - 🌦️  Attempting chronos inference with weather for Guyana...
2026-01-10 18:36:35,716 - INFO - ✅ Inference successful for Guyana with weather
2026-01-10 18:36:35,716 - INFO - 🔮 Skipping Haiti - no ILI or ARI data available
2026-01-10 18:36:35,716 - INFO - 
📈 PROGRESS UPDATE
2026-01-10 18:36:35,716 - INFO -    Countries processed: 70/186
2026-01-10 18:36:35,716 - INFO -    Successful extractions: 67
2026-01-10 18:36:35,716 - INFO -    Failed extractions: 0
2026-01-10 18:36:35,716 - INFO -    Successful inferences: 67
2026-01-10 18:36:35,716 - INFO -    Failed inferences: 0
2026-01-10 18:36:35,716 - INFO -    Skipped countries: 3
2026-01-10 18:36:35,717 - INFO -    Average processing time: 3.2s per country
2026-01-10 18:36:35,717 - INFO - 
🚀 Processing Honduras
2026-01-10 18:36:35,717 - INFO -    ILI cases: 382,656
2026-01-10 18:36:35,717 - INFO -    ARI cases: 0
2026-01-10 18:36:35,717 - INFO -    Data types: ILI
2026-01-10 18:36:35,717 - INFO - Running extraction: /home/david/miniconda3/bin/python enhanced_extract_country_data.py --country Honduras --input data/who_flu_data.csv --output_dir data/extracted_data
2026-01-10 18:36:37,026 - INFO - ✅ Extraction successful for Honduras
2026-01-10 18:36:37,026 - INFO - 🌦️  Attempting chronos inference with weather for Honduras...
2026-01-10 18:36:42,372 - INFO - ✅ Inference successful for Honduras with weather
2026-01-10 18:36:42,372 - INFO - 
🚀 Processing Hungary
2026-01-10 18:36:42,372 - INFO -    ILI cases: 3,728,299
2026-01-10 18:36:42,372 - INFO -    ARI cases: 9,196,798
2026-01-10 18:36:42,372 - INFO -    Data types: ARI, ILI
2026-01-10 18:36:42,372 - INFO - Running extraction: /home/david/miniconda3/bin/python enhanced_extract_country_data.py --country Hungary --input data/who_flu_data.csv --output_dir data/extracted_data
2026-01-10 18:36:43,665 - INFO - ✅ Extraction successful for Hungary
2026-01-10 18:36:43,665 - INFO - 🌦️  Attempting chronos inference with weather for Hungary...
2026-01-10 18:36:49,444 - INFO - ✅ Inference successful for Hungary with weather
2026-01-10 18:36:49,444 - INFO - 
🚀 Processing Iceland
2026-01-10 18:36:49,444 - INFO -    ILI cases: 67,603
2026-01-10 18:36:49,444 - INFO -    ARI cases: 666,686
2026-01-10 18:36:49,444 - INFO -    Data types: ARI, ILI
2026-01-10 18:36:49,444 - INFO - Running extraction: /home/david/miniconda3/bin/python enhanced_extract_country_data.py --country Iceland --input data/who_flu_data.csv --output_dir data/extracted_data
2026-01-10 18:36:50,751 - INFO - ✅ Extraction successful for Iceland
2026-01-10 18:36:50,751 - INFO - 🌦️  Attempting chronos inference with weather for Iceland...
2026-01-10 18:36:54,754 - WARNING - ⚠️  Weather failed for Iceland, trying without weather...
2026-01-10 18:36:59,569 - INFO - ✅ Inference successful for Iceland without weather
2026-01-10 18:36:59,570 - INFO - 
🚀 Processing Indonesia
2026-01-10 18:36:59,570 - INFO -    ILI cases: 58,165
2026-01-10 18:36:59,570 - INFO -    ARI cases: 0
2026-01-10 18:36:59,570 - INFO -    Data types: ILI
2026-01-10 18:36:59,570 - INFO - Running extraction: /home/david/miniconda3/bin/python enhanced_extract_country_data.py --country Indonesia --input data/who_flu_data.csv --output_dir data/extracted_data
2026-01-10 18:37:00,866 - INFO - ✅ Extraction successful for Indonesia
2026-01-10 18:37:00,866 - INFO - 🌦️  Attempting chronos inference with weather for Indonesia...
2026-01-10 18:37:06,057 - INFO - ✅ Inference successful for Indonesia with weather
2026-01-10 18:37:06,058 - INFO - 
🚀 Processing Iran (Islamic Republic of)
2026-01-10 18:37:06,058 - INFO -    ILI cases: 6,104
2026-01-10 18:37:06,058 - INFO -    ARI cases: 0
2026-01-10 18:37:06,058 - INFO -    Data types: ILI
2026-01-10 18:37:06,058 - INFO - Running extraction: /home/david/miniconda3/bin/python enhanced_extract_country_data.py --country Iran (Islamic Republic of) --input data/who_flu_data.csv --output_dir data/extracted_data
2026-01-10 18:37:07,349 - INFO - ✅ Extraction successful for Iran (Islamic Republic of)
2026-01-10 18:37:07,349 - INFO - 🌦️  Attempting chronos inference with weather for Iran (Islamic Republic of)...
2026-01-10 18:37:11,184 - WARNING - ⚠️  Weather failed for Iran (Islamic Republic of), trying without weather...
2026-01-10 18:37:15,940 - INFO - ✅ Inference successful for Iran (Islamic Republic of) without weather
2026-01-10 18:37:15,941 - INFO - 
📈 PROGRESS UPDATE
2026-01-10 18:37:15,941 - INFO -    Countries processed: 75/186
2026-01-10 18:37:15,941 - INFO -    Successful extractions: 72
2026-01-10 18:37:15,941 - INFO -    Failed extractions: 0
2026-01-10 18:37:15,941 - INFO -    Successful inferences: 72
2026-01-10 18:37:15,941 - INFO -    Failed inferences: 0
2026-01-10 18:37:15,941 - INFO -    Skipped countries: 3
2026-01-10 18:37:15,941 - INFO -    Average processing time: 3.2s per country
2026-01-10 18:37:15,941 - INFO - 
🚀 Processing Iraq
2026-01-10 18:37:15,941 - INFO -    ILI cases: 7,160
2026-01-10 18:37:15,941 - INFO -    ARI cases: 0
2026-01-10 18:37:15,941 - INFO -    Data types: ILI
2026-01-10 18:37:15,941 - INFO - Running extraction: /home/david/miniconda3/bin/python enhanced_extract_country_data.py --country Iraq --input data/who_flu_data.csv --output_dir data/extracted_data
2026-01-10 18:37:17,236 - INFO - ✅ Extraction successful for Iraq
2026-01-10 18:37:17,237 - INFO - 🌦️  Attempting chronos inference with weather for Iraq...
2026-01-10 18:37:22,136 - INFO - ✅ Inference successful for Iraq with weather
2026-01-10 18:37:22,137 - INFO - 
🚀 Processing Ireland
2026-01-10 18:37:22,137 - INFO -    ILI cases: 82,754
2026-01-10 18:37:22,137 - INFO -    ARI cases: 39,592
2026-01-10 18:37:22,137 - INFO -    Data types: ARI, ILI
2026-01-10 18:37:22,137 - INFO - Running extraction: /home/david/miniconda3/bin/python enhanced_extract_country_data.py --country Ireland --input data/who_flu_data.csv --output_dir data/extracted_data
2026-01-10 18:37:23,440 - INFO - ✅ Extraction successful for Ireland
2026-01-10 18:37:23,440 - INFO - 🌦️  Attempting chronos inference with weather for Ireland...
2026-01-10 18:37:28,762 - INFO - ✅ Inference successful for Ireland with weather
2026-01-10 18:37:28,762 - INFO - 
🚀 Processing Israel
2026-01-10 18:37:28,762 - INFO -    ILI cases: 884,816
2026-01-10 18:37:28,762 - INFO -    ARI cases: 0
2026-01-10 18:37:28,762 - INFO -    Data types: ARI, ILI
2026-01-10 18:37:28,762 - INFO - Running extraction: /home/david/miniconda3/bin/python enhanced_extract_country_data.py --country Israel --input data/who_flu_data.csv --output_dir data/extracted_data
2026-01-10 18:37:30,049 - INFO - ✅ Extraction successful for Israel
2026-01-10 18:37:30,049 - INFO - 🌦️  Attempting chronos inference with weather for Israel...
2026-01-10 18:37:35,396 - INFO - ✅ Inference successful for Israel with weather
2026-01-10 18:37:35,396 - INFO - 
🚀 Processing Italy
2026-01-10 18:37:35,396 - INFO -    ILI cases: 6,187,340
2026-01-10 18:37:35,396 - INFO -    ARI cases: 417,040
2026-01-10 18:37:35,396 - INFO -    Data types: ARI, ILI
2026-01-10 18:37:35,396 - INFO - Running extraction: /home/david/miniconda3/bin/python enhanced_extract_country_data.py --country Italy --input data/who_flu_data.csv --output_dir data/extracted_data
2026-01-10 18:37:36,690 - INFO - ✅ Extraction successful for Italy
2026-01-10 18:37:36,690 - INFO - 🌦️  Attempting chronos inference with weather for Italy...
2026-01-10 18:37:42,020 - INFO - ✅ Inference successful for Italy with weather
2026-01-10 18:37:42,021 - INFO - 
🚀 Processing Jamaica
2026-01-10 18:37:42,021 - INFO -    ILI cases: 0
2026-01-10 18:37:42,021 - INFO -    ARI cases: 1,373,120
2026-01-10 18:37:42,021 - INFO -    Data types: ARI
2026-01-10 18:37:42,021 - INFO - Running extraction: /home/david/miniconda3/bin/python enhanced_extract_country_data.py --country Jamaica --input data/who_flu_data.csv --output_dir data/extracted_data
2026-01-10 18:37:43,335 - INFO - ✅ Extraction successful for Jamaica
2026-01-10 18:37:43,335 - INFO - 🌦️  Attempting chronos inference with weather for Jamaica...
2026-01-10 18:37:47,330 - WARNING - ⚠️  Weather failed for Jamaica, trying without weather...
2026-01-10 18:37:52,202 - INFO - ✅ Inference successful for Jamaica without weather
2026-01-10 18:37:52,202 - INFO - 
📈 PROGRESS UPDATE
2026-01-10 18:37:52,202 - INFO -    Countries processed: 80/186
2026-01-10 18:37:52,202 - INFO -    Successful extractions: 77
2026-01-10 18:37:52,202 - INFO -    Failed extractions: 0
2026-01-10 18:37:52,202 - INFO -    Successful inferences: 77
2026-01-10 18:37:52,202 - INFO -    Failed inferences: 0
2026-01-10 18:37:52,202 - INFO -    Skipped countries: 3
2026-01-10 18:37:52,203 - INFO -    Average processing time: 3.2s per country
2026-01-10 18:37:52,203 - INFO - 
🚀 Processing Jordan
2026-01-10 18:37:52,203 - INFO -    ILI cases: 7,170
2026-01-10 18:37:52,203 - INFO -    ARI cases: 0
2026-01-10 18:37:52,203 - INFO -    Data types: ILI
2026-01-10 18:37:52,203 - INFO - Running extraction: /home/david/miniconda3/bin/python enhanced_extract_country_data.py --country Jordan --input data/who_flu_data.csv --output_dir data/extracted_data
2026-01-10 18:37:53,495 - INFO - ✅ Extraction successful for Jordan
2026-01-10 18:37:53,495 - INFO - 🌦️  Attempting chronos inference with weather for Jordan...
2026-01-10 18:37:57,502 - WARNING - ⚠️  Weather failed for Jordan, trying without weather...
2026-01-10 18:38:02,262 - INFO - ✅ Inference successful for Jordan without weather
2026-01-10 18:38:02,262 - INFO - 
🚀 Processing Kazakhstan
2026-01-10 18:38:02,262 - INFO -    ILI cases: 1,017,663
2026-01-10 18:38:02,262 - INFO -    ARI cases: 48,554,849
2026-01-10 18:38:02,262 - INFO -    Data types: ARI, ILI
2026-01-10 18:38:02,262 - INFO - Running extraction: /home/david/miniconda3/bin/python enhanced_extract_country_data.py --country Kazakhstan --input data/who_flu_data.csv --output_dir data/extracted_data
2026-01-10 18:38:03,550 - INFO - ✅ Extraction successful for Kazakhstan
2026-01-10 18:38:03,550 - INFO - 🌦️  Attempting chronos inference with weather for Kazakhstan...
2026-01-10 18:38:08,868 - INFO - ✅ Inference successful for Kazakhstan with weather
2026-01-10 18:38:08,868 - INFO - 
🚀 Processing Kenya
2026-01-10 18:38:08,868 - INFO -    ILI cases: 7,244
2026-01-10 18:38:08,868 - INFO -    ARI cases: 0
2026-01-10 18:38:08,868 - INFO -    Data types: ILI
2026-01-10 18:38:08,868 - INFO - Running extraction: /home/david/miniconda3/bin/python enhanced_extract_country_data.py --country Kenya --input data/who_flu_data.csv --output_dir data/extracted_data
2026-01-10 18:38:10,162 - INFO - ✅ Extraction successful for Kenya
2026-01-10 18:38:10,162 - INFO - 🌦️  Attempting chronos inference with weather for Kenya...
2026-01-10 18:38:15,426 - INFO - ✅ Inference successful for Kenya with weather
2026-01-10 18:38:15,427 - INFO - 
🚀 Processing Kiribati
2026-01-10 18:38:15,427 - INFO -    ILI cases: 205,651
2026-01-10 18:38:15,427 - INFO -    ARI cases: 0
2026-01-10 18:38:15,427 - INFO -    Data types: ILI
2026-01-10 18:38:15,427 - INFO - Running extraction: /home/david/miniconda3/bin/python enhanced_extract_country_data.py --country Kiribati --input data/who_flu_data.csv --output_dir data/extracted_data
2026-01-10 18:38:16,721 - INFO - ✅ Extraction successful for Kiribati
2026-01-10 18:38:16,722 - INFO - 🌦️  Attempting chronos inference with weather for Kiribati...
2026-01-10 18:38:21,872 - INFO - ✅ Inference successful for Kiribati with weather
2026-01-10 18:38:21,873 - INFO - 
🚀 Processing Kosovo (in accordance with UN Security Council resolution 1244 (1999))
2026-01-10 18:38:21,873 - INFO -    ILI cases: 1,392,536
2026-01-10 18:38:21,873 - INFO -    ARI cases: 146,940
2026-01-10 18:38:21,873 - INFO -    Data types: ARI, ILI
2026-01-10 18:38:21,873 - INFO - Running extraction: /home/david/miniconda3/bin/python enhanced_extract_country_data.py --country Kosovo (in accordance with UN Security Council resolution 1244 (1999)) --input data/who_flu_data.csv --output_dir data/extracted_data
2026-01-10 18:38:23,181 - INFO - ✅ Extraction successful for Kosovo (in accordance with UN Security Council resolution 1244 (1999))
2026-01-10 18:38:23,181 - INFO - 🌦️  Attempting chronos inference with weather for Kosovo (in accordance with UN Security Council resolution 1244 (1999))...
2026-01-10 18:38:27,013 - WARNING - ⚠️  Weather failed for Kosovo (in accordance with UN Security Council resolution 1244 (1999)), trying without weather...
2026-01-10 18:38:31,858 - INFO - ✅ Inference successful for Kosovo (in accordance with UN Security Council resolution 1244 (1999)) without weather
2026-01-10 18:38:31,858 - INFO - 
📈 PROGRESS UPDATE
2026-01-10 18:38:31,858 - INFO -    Countries processed: 85/186
2026-01-10 18:38:31,858 - INFO -    Successful extractions: 82
2026-01-10 18:38:31,858 - INFO -    Failed extractions: 0
2026-01-10 18:38:31,858 - INFO -    Successful inferences: 82
2026-01-10 18:38:31,858 - INFO -    Failed inferences: 0
2026-01-10 18:38:31,858 - INFO -    Skipped countries: 3
2026-01-10 18:38:31,858 - INFO -    Average processing time: 3.2s per country
2026-01-10 18:38:31,858 - INFO - 
🚀 Processing Kuwait
2026-01-10 18:38:31,858 - INFO -    ILI cases: 194
2026-01-10 18:38:31,858 - INFO -    ARI cases: 0
2026-01-10 18:38:31,858 - INFO -    Data types: ILI
2026-01-10 18:38:31,858 - INFO - Running extraction: /home/david/miniconda3/bin/python enhanced_extract_country_data.py --country Kuwait --input data/who_flu_data.csv --output_dir data/extracted_data
2026-01-10 18:38:33,151 - INFO - ✅ Extraction successful for Kuwait
2026-01-10 18:38:33,152 - INFO - 🌦️  Attempting chronos inference with weather for Kuwait...
2026-01-10 18:38:38,247 - INFO - ✅ Inference successful for Kuwait with weather
2026-01-10 18:38:38,247 - INFO - 
🚀 Processing Kyrgyzstan
2026-01-10 18:38:38,247 - INFO -    ILI cases: 18,071
2026-01-10 18:38:38,247 - INFO -    ARI cases: 5,613,842
2026-01-10 18:38:38,247 - INFO -    Data types: ARI, ILI
2026-01-10 18:38:38,247 - INFO - Running extraction: /home/david/miniconda3/bin/python enhanced_extract_country_data.py --country Kyrgyzstan --input data/who_flu_data.csv --output_dir data/extracted_data
2026-01-10 18:38:39,538 - INFO - ✅ Extraction successful for Kyrgyzstan
2026-01-10 18:38:39,539 - INFO - 🌦️  Attempting chronos inference with weather for Kyrgyzstan...
2026-01-10 18:38:44,774 - INFO - ✅ Inference successful for Kyrgyzstan with weather
2026-01-10 18:38:44,774 - INFO - 
🚀 Processing Lao People's Democratic Republic
2026-01-10 18:38:44,774 - INFO -    ILI cases: 280,940
2026-01-10 18:38:44,774 - INFO -    ARI cases: 0
2026-01-10 18:38:44,774 - INFO -    Data types: ILI
2026-01-10 18:38:44,774 - INFO - Running extraction: /home/david/miniconda3/bin/python enhanced_extract_country_data.py --country Lao People's Democratic Republic --input data/who_flu_data.csv --output_dir data/extracted_data
2026-01-10 18:38:46,081 - INFO - ✅ Extraction successful for Lao People's Democratic Republic
2026-01-10 18:38:46,081 - INFO - 🌦️  Attempting chronos inference with weather for Lao People's Democratic Republic...
2026-01-10 18:38:50,034 - WARNING - ⚠️  Weather failed for Lao People's Democratic Republic, trying without weather...
2026-01-10 18:38:54,823 - INFO - ✅ Inference successful for Lao People's Democratic Republic without weather
2026-01-10 18:38:54,824 - INFO - 
🚀 Processing Latvia
2026-01-10 18:38:54,824 - INFO -    ILI cases: 70,208
2026-01-10 18:38:54,824 - INFO -    ARI cases: 1,149,835
2026-01-10 18:38:54,824 - INFO -    Data types: ARI, ILI
2026-01-10 18:38:54,824 - INFO - Running extraction: /home/david/miniconda3/bin/python enhanced_extract_country_data.py --country Latvia --input data/who_flu_data.csv --output_dir data/extracted_data
2026-01-10 18:38:56,116 - INFO - ✅ Extraction successful for Latvia
2026-01-10 18:38:56,116 - INFO - 🌦️  Attempting chronos inference with weather for Latvia...
2026-01-10 18:39:01,381 - INFO - ✅ Inference successful for Latvia with weather
2026-01-10 18:39:01,381 - INFO - 
🚀 Processing Lebanon
2026-01-10 18:39:01,381 - INFO -    ILI cases: 40,382
2026-01-10 18:39:01,381 - INFO -    ARI cases: 0
2026-01-10 18:39:01,381 - INFO -    Data types: ILI
2026-01-10 18:39:01,381 - INFO - Running extraction: /home/david/miniconda3/bin/python enhanced_extract_country_data.py --country Lebanon --input data/who_flu_data.csv --output_dir data/extracted_data
2026-01-10 18:39:02,675 - INFO - ✅ Extraction successful for Lebanon
2026-01-10 18:39:02,675 - INFO - 🌦️  Attempting chronos inference with weather for Lebanon...
2026-01-10 18:39:07,923 - INFO - ✅ Inference successful for Lebanon with weather
2026-01-10 18:39:07,923 - INFO - 
📈 PROGRESS UPDATE
2026-01-10 18:39:07,923 - INFO -    Countries processed: 90/186
2026-01-10 18:39:07,923 - INFO -    Successful extractions: 87
2026-01-10 18:39:07,923 - INFO -    Failed extractions: 0
2026-01-10 18:39:07,923 - INFO -    Successful inferences: 87
2026-01-10 18:39:07,923 - INFO -    Failed inferences: 0
2026-01-10 18:39:07,923 - INFO -    Skipped countries: 3
2026-01-10 18:39:07,923 - INFO -    Average processing time: 3.2s per country
2026-01-10 18:39:07,923 - INFO - 🔮 Skipping Lesotho - no ILI or ARI data available
2026-01-10 18:39:07,924 - INFO - 
🚀 Processing Libya
2026-01-10 18:39:07,924 - INFO -    ILI cases: 3,070
2026-01-10 18:39:07,924 - INFO -    ARI cases: 0
2026-01-10 18:39:07,924 - INFO -    Data types: ILI
2026-01-10 18:39:07,924 - INFO - Running extraction: /home/david/miniconda3/bin/python enhanced_extract_country_data.py --country Libya --input data/who_flu_data.csv --output_dir data/extracted_data
2026-01-10 18:39:09,230 - INFO - ✅ Extraction successful for Libya
2026-01-10 18:39:09,230 - INFO - 🌦️  Attempting chronos inference with weather for Libya...
2026-01-10 18:39:14,161 - INFO - ✅ Inference successful for Libya with weather
2026-01-10 18:39:14,162 - INFO - 
🚀 Processing Lithuania
2026-01-10 18:39:14,162 - INFO -    ILI cases: 1,107,980
2026-01-10 18:39:14,162 - INFO -    ARI cases: 24,668,713
2026-01-10 18:39:14,162 - INFO -    Data types: ARI, ILI
2026-01-10 18:39:14,162 - INFO - Running extraction: /home/david/miniconda3/bin/python enhanced_extract_country_data.py --country Lithuania --input data/who_flu_data.csv --output_dir data/extracted_data
2026-01-10 18:39:15,482 - INFO - ✅ Extraction successful for Lithuania
2026-01-10 18:39:15,482 - INFO - 🌦️  Attempting chronos inference with weather for Lithuania...
2026-01-10 18:39:20,750 - INFO - ✅ Inference successful for Lithuania with weather
2026-01-10 18:39:20,751 - INFO - 
🚀 Processing Luxembourg
2026-01-10 18:39:20,751 - INFO -    ILI cases: 11,147
2026-01-10 18:39:20,751 - INFO -    ARI cases: 85,282
2026-01-10 18:39:20,751 - INFO -    Data types: ARI, ILI
2026-01-10 18:39:20,751 - INFO - Running extraction: /home/david/miniconda3/bin/python enhanced_extract_country_data.py --country Luxembourg --input data/who_flu_data.csv --output_dir data/extracted_data
2026-01-10 18:39:22,066 - INFO - ✅ Extraction successful for Luxembourg
2026-01-10 18:39:22,066 - INFO - 🌦️  Attempting chronos inference with weather for Luxembourg...
2026-01-10 18:39:25,987 - WARNING - ⚠️  Weather failed for Luxembourg, trying without weather...
2026-01-10 18:39:30,831 - INFO - ✅ Inference successful for Luxembourg without weather
2026-01-10 18:39:30,832 - INFO - 
🚀 Processing Madagascar
2026-01-10 18:39:30,832 - INFO -    ILI cases: 81,581
2026-01-10 18:39:30,832 - INFO -    ARI cases: 0
2026-01-10 18:39:30,832 - INFO -    Data types: ILI
2026-01-10 18:39:30,832 - INFO - Running extraction: /home/david/miniconda3/bin/python enhanced_extract_country_data.py --country Madagascar --input data/who_flu_data.csv --output_dir data/extracted_data
2026-01-10 18:39:32,116 - INFO - ✅ Extraction successful for Madagascar
2026-01-10 18:39:32,116 - INFO - 🌦️  Attempting chronos inference with weather for Madagascar...
2026-01-10 18:39:36,083 - WARNING - ⚠️  Weather failed for Madagascar, trying without weather...
2026-01-10 18:39:40,882 - INFO - ✅ Inference successful for Madagascar without weather
2026-01-10 18:39:40,882 - INFO - 
📈 PROGRESS UPDATE
2026-01-10 18:39:40,882 - INFO -    Countries processed: 95/186
2026-01-10 18:39:40,882 - INFO -    Successful extractions: 91
2026-01-10 18:39:40,882 - INFO -    Failed extractions: 0
2026-01-10 18:39:40,882 - INFO -    Successful inferences: 91
2026-01-10 18:39:40,882 - INFO -    Failed inferences: 0
2026-01-10 18:39:40,882 - INFO -    Skipped countries: 4
2026-01-10 18:39:40,883 - INFO -    Average processing time: 3.2s per country
2026-01-10 18:39:40,883 - INFO - 
🚀 Processing Maldives
2026-01-10 18:39:40,883 - INFO -    ILI cases: 373,359
2026-01-10 18:39:40,883 - INFO -    ARI cases: 1,084,367
2026-01-10 18:39:40,883 - INFO -    Data types: ARI, ILI
2026-01-10 18:39:40,883 - INFO - Running extraction: /home/david/miniconda3/bin/python enhanced_extract_country_data.py --country Maldives --input data/who_flu_data.csv --output_dir data/extracted_data
2026-01-10 18:39:42,173 - INFO - ✅ Extraction successful for Maldives
2026-01-10 18:39:42,173 - INFO - 🌦️  Attempting chronos inference with weather for Maldives...
2026-01-10 18:39:46,150 - WARNING - ⚠️  Weather failed for Maldives, trying without weather...
2026-01-10 18:39:51,058 - INFO - ✅ Inference successful for Maldives without weather
2026-01-10 18:39:51,058 - INFO - 
🚀 Processing Mali
2026-01-10 18:39:51,058 - INFO -    ILI cases: 5,555
2026-01-10 18:39:51,058 - INFO -    ARI cases: 0
2026-01-10 18:39:51,058 - INFO -    Data types: ILI
2026-01-10 18:39:51,058 - INFO - Running extraction: /home/david/miniconda3/bin/python enhanced_extract_country_data.py --country Mali --input data/who_flu_data.csv --output_dir data/extracted_data
2026-01-10 18:39:52,351 - INFO - ✅ Extraction successful for Mali
2026-01-10 18:39:52,351 - INFO - 🌦️  Attempting chronos inference with weather for Mali...
2026-01-10 18:39:57,265 - INFO - ✅ Inference successful for Mali with weather
2026-01-10 18:39:57,266 - INFO - 
🚀 Processing Malta
2026-01-10 18:39:57,266 - INFO -    ILI cases: 46,711
2026-01-10 18:39:57,266 - INFO -    ARI cases: 0
2026-01-10 18:39:57,266 - INFO -    Data types: ARI, ILI
2026-01-10 18:39:57,266 - INFO - Running extraction: /home/david/miniconda3/bin/python enhanced_extract_country_data.py --country Malta --input data/who_flu_data.csv --output_dir data/extracted_data
2026-01-10 18:39:58,597 - INFO - ✅ Extraction successful for Malta
2026-01-10 18:39:58,597 - INFO - 🌦️  Attempting chronos inference with weather for Malta...
2026-01-10 18:40:03,841 - INFO - ✅ Inference successful for Malta with weather
2026-01-10 18:40:03,841 - INFO - 
🚀 Processing Marshall Islands
2026-01-10 18:40:03,841 - INFO -    ILI cases: 16,111
2026-01-10 18:40:03,841 - INFO -    ARI cases: 0
2026-01-10 18:40:03,841 - INFO -    Data types: ILI
2026-01-10 18:40:03,841 - INFO - Running extraction: /home/david/miniconda3/bin/python enhanced_extract_country_data.py --country Marshall Islands --input data/who_flu_data.csv --output_dir data/extracted_data
2026-01-10 18:40:05,140 - INFO - ✅ Extraction successful for Marshall Islands
2026-01-10 18:40:05,140 - INFO - 🌦️  Attempting chronos inference with weather for Marshall Islands...
2026-01-10 18:40:09,099 - WARNING - ⚠️  Weather failed for Marshall Islands, trying without weather...
2026-01-10 18:40:13,952 - INFO - ✅ Inference successful for Marshall Islands without weather
2026-01-10 18:40:13,953 - INFO - 
🚀 Processing Mauritania
2026-01-10 18:40:13,953 - INFO -    ILI cases: 400
2026-01-10 18:40:13,953 - INFO -    ARI cases: 0
2026-01-10 18:40:13,953 - INFO -    Data types: ILI
2026-01-10 18:40:13,953 - INFO - Running extraction: /home/david/miniconda3/bin/python enhanced_extract_country_data.py --country Mauritania --input data/who_flu_data.csv --output_dir data/extracted_data
2026-01-10 18:40:15,257 - INFO - ✅ Extraction successful for Mauritania
2026-01-10 18:40:15,257 - INFO - 🌦️  Attempting chronos inference with weather for Mauritania...
2026-01-10 18:40:19,187 - WARNING - ⚠️  Weather failed for Mauritania, trying without weather...
2026-01-10 18:40:23,954 - INFO - ✅ Inference successful for Mauritania without weather
2026-01-10 18:40:23,954 - INFO - 
📈 PROGRESS UPDATE
2026-01-10 18:40:23,954 - INFO -    Countries processed: 100/186
2026-01-10 18:40:23,954 - INFO -    Successful extractions: 96
2026-01-10 18:40:23,954 - INFO -    Failed extractions: 0
2026-01-10 18:40:23,954 - INFO -    Successful inferences: 96
2026-01-10 18:40:23,954 - INFO -    Failed inferences: 0
2026-01-10 18:40:23,954 - INFO -    Skipped countries: 4
2026-01-10 18:40:23,954 - INFO -    Average processing time: 3.1s per country
2026-01-10 18:40:23,954 - INFO - 
🚀 Processing Mauritius
2026-01-10 18:40:23,955 - INFO -    ILI cases: 560
2026-01-10 18:40:23,955 - INFO -    ARI cases: 2,042,612
2026-01-10 18:40:23,955 - INFO -    Data types: ARI, ILI
2026-01-10 18:40:23,955 - INFO - Running extraction: /home/david/miniconda3/bin/python enhanced_extract_country_data.py --country Mauritius --input data/who_flu_data.csv --output_dir data/extracted_data
2026-01-10 18:40:25,257 - INFO - ✅ Extraction successful for Mauritius
2026-01-10 18:40:25,257 - INFO - 🌦️  Attempting chronos inference with weather for Mauritius...
2026-01-10 18:40:29,213 - WARNING - ⚠️  Weather failed for Mauritius, trying without weather...
2026-01-10 18:40:34,033 - INFO - ✅ Inference successful for Mauritius without weather
2026-01-10 18:40:34,033 - INFO - 
🚀 Processing Mexico
2026-01-10 18:40:34,033 - INFO -    ILI cases: 4,884,713
2026-01-10 18:40:34,033 - INFO -    ARI cases: 304,033,758
2026-01-10 18:40:34,033 - INFO -    Data types: ARI, ILI
2026-01-10 18:40:34,033 - INFO - Running extraction: /home/david/miniconda3/bin/python enhanced_extract_country_data.py --country Mexico --input data/who_flu_data.csv --output_dir data/extracted_data
2026-01-10 18:40:35,336 - INFO - ✅ Extraction successful for Mexico
2026-01-10 18:40:35,336 - INFO - 🌦️  Attempting chronos inference with weather for Mexico...
2026-01-10 18:40:40,699 - INFO - ✅ Inference successful for Mexico with weather
2026-01-10 18:40:40,699 - INFO - 
🚀 Processing Micronesia (Federated States of)
2026-01-10 18:40:40,699 - INFO -    ILI cases: 43,297
2026-01-10 18:40:40,699 - INFO -    ARI cases: 0
2026-01-10 18:40:40,699 - INFO -    Data types: ILI
2026-01-10 18:40:40,699 - INFO - Running extraction: /home/david/miniconda3/bin/python enhanced_extract_country_data.py --country Micronesia (Federated States of) --input data/who_flu_data.csv --output_dir data/extracted_data
2026-01-10 18:40:42,001 - INFO - ✅ Extraction successful for Micronesia (Federated States of)
2026-01-10 18:40:42,001 - INFO - 🌦️  Attempting chronos inference with weather for Micronesia (Federated States of)...
2026-01-10 18:40:45,861 - WARNING - ⚠️  Weather failed for Micronesia (Federated States of), trying without weather...
2026-01-10 18:40:50,680 - INFO - ✅ Inference successful for Micronesia (Federated States of) without weather
2026-01-10 18:40:50,680 - INFO - 
🚀 Processing Mongolia
2026-01-10 18:40:50,680 - INFO -    ILI cases: 5,337,490
2026-01-10 18:40:50,680 - INFO -    ARI cases: 0
2026-01-10 18:40:50,680 - INFO -    Data types: ILI
2026-01-10 18:40:50,680 - INFO - Running extraction: /home/david/miniconda3/bin/python enhanced_extract_country_data.py --country Mongolia --input data/who_flu_data.csv --output_dir data/extracted_data
2026-01-10 18:40:52,021 - INFO - ✅ Extraction successful for Mongolia
2026-01-10 18:40:52,021 - INFO - 🌦️  Attempting chronos inference with weather for Mongolia...
2026-01-10 18:40:57,168 - INFO - ✅ Inference successful for Mongolia with weather
2026-01-10 18:40:57,169 - INFO - 
🚀 Processing Montenegro
2026-01-10 18:40:57,169 - INFO -    ILI cases: 139,099
2026-01-10 18:40:57,169 - INFO -    ARI cases: 2,590,820
2026-01-10 18:40:57,169 - INFO -    Data types: ARI, ILI
2026-01-10 18:40:57,169 - INFO - Running extraction: /home/david/miniconda3/bin/python enhanced_extract_country_data.py --country Montenegro --input data/who_flu_data.csv --output_dir data/extracted_data
2026-01-10 18:40:58,456 - INFO - ✅ Extraction successful for Montenegro
2026-01-10 18:40:58,456 - INFO - 🌦️  Attempting chronos inference with weather for Montenegro...
2026-01-10 18:41:02,449 - WARNING - ⚠️  Weather failed for Montenegro, trying without weather...
2026-01-10 18:41:07,282 - INFO - ✅ Inference successful for Montenegro without weather
2026-01-10 18:41:07,282 - INFO - 
📈 PROGRESS UPDATE
2026-01-10 18:41:07,282 - INFO -    Countries processed: 105/186
2026-01-10 18:41:07,282 - INFO -    Successful extractions: 101
2026-01-10 18:41:07,282 - INFO -    Failed extractions: 0
2026-01-10 18:41:07,282 - INFO -    Successful inferences: 101
2026-01-10 18:41:07,283 - INFO -    Failed inferences: 0
2026-01-10 18:41:07,283 - INFO -    Skipped countries: 4
2026-01-10 18:41:07,283 - INFO -    Average processing time: 3.1s per country
2026-01-10 18:41:07,283 - INFO - 
🚀 Processing Montserrat
2026-01-10 18:41:07,283 - INFO -    ILI cases: 283
2026-01-10 18:41:07,283 - INFO -    ARI cases: 0
2026-01-10 18:41:07,283 - INFO -    Data types: ILI
2026-01-10 18:41:07,283 - INFO - Running extraction: /home/david/miniconda3/bin/python enhanced_extract_country_data.py --country Montserrat --input data/who_flu_data.csv --output_dir data/extracted_data
2026-01-10 18:41:08,576 - INFO - ✅ Extraction successful for Montserrat
2026-01-10 18:41:08,576 - INFO - 🌦️  Attempting chronos inference with weather for Montserrat...
2026-01-10 18:41:13,428 - INFO - ✅ Inference successful for Montserrat with weather
2026-01-10 18:41:13,428 - INFO - 
🚀 Processing Morocco
2026-01-10 18:41:13,428 - INFO -    ILI cases: 2,254,008
2026-01-10 18:41:13,428 - INFO -    ARI cases: 0
2026-01-10 18:41:13,428 - INFO -    Data types: ILI
2026-01-10 18:41:13,428 - INFO - Running extraction: /home/david/miniconda3/bin/python enhanced_extract_country_data.py --country Morocco --input data/who_flu_data.csv --output_dir data/extracted_data
2026-01-10 18:41:14,733 - INFO - ✅ Extraction successful for Morocco
2026-01-10 18:41:14,733 - INFO - 🌦️  Attempting chronos inference with weather for Morocco...
2026-01-10 18:41:18,738 - WARNING - ⚠️  Weather failed for Morocco, trying without weather...
2026-01-10 18:41:23,664 - INFO - ✅ Inference successful for Morocco without weather
2026-01-10 18:41:23,664 - INFO - 
🚀 Processing Mozambique
2026-01-10 18:41:23,664 - INFO -    ILI cases: 128,713
2026-01-10 18:41:23,665 - INFO -    ARI cases: 0
2026-01-10 18:41:23,665 - INFO -    Data types: ILI
2026-01-10 18:41:23,665 - INFO - Running extraction: /home/david/miniconda3/bin/python enhanced_extract_country_data.py --country Mozambique --input data/who_flu_data.csv --output_dir data/extracted_data
2026-01-10 18:41:24,964 - INFO - ✅ Extraction successful for Mozambique
2026-01-10 18:41:24,964 - INFO - 🌦️  Attempting chronos inference with weather for Mozambique...
2026-01-10 18:41:28,938 - WARNING - ⚠️  Weather failed for Mozambique, trying without weather...
2026-01-10 18:41:33,769 - INFO - ✅ Inference successful for Mozambique without weather
2026-01-10 18:41:33,769 - INFO - 
🚀 Processing Nauru
2026-01-10 18:41:33,769 - INFO -    ILI cases: 3,546
2026-01-10 18:41:33,769 - INFO -    ARI cases: 0
2026-01-10 18:41:33,769 - INFO -    Data types: ILI
2026-01-10 18:41:33,769 - INFO - Running extraction: /home/david/miniconda3/bin/python enhanced_extract_country_data.py --country Nauru --input data/who_flu_data.csv --output_dir data/extracted_data
2026-01-10 18:41:35,061 - INFO - ✅ Extraction successful for Nauru
2026-01-10 18:41:35,061 - INFO - 🌦️  Attempting chronos inference with weather for Nauru...
2026-01-10 18:41:40,351 - INFO - ✅ Inference successful for Nauru with weather
2026-01-10 18:41:40,352 - INFO - 
🚀 Processing Nepal
2026-01-10 18:41:40,352 - INFO -    ILI cases: 64,569
2026-01-10 18:41:40,352 - INFO -    ARI cases: 0
2026-01-10 18:41:40,352 - INFO -    Data types: ILI
2026-01-10 18:41:40,352 - INFO - Running extraction: /home/david/miniconda3/bin/python enhanced_extract_country_data.py --country Nepal --input data/who_flu_data.csv --output_dir data/extracted_data
2026-01-10 18:41:41,668 - INFO - ✅ Extraction successful for Nepal
2026-01-10 18:41:41,668 - INFO - 🌦️  Attempting chronos inference with weather for Nepal...
2026-01-10 18:41:45,652 - WARNING - ⚠️  Weather failed for Nepal, trying without weather...
2026-01-10 18:41:50,454 - INFO - ✅ Inference successful for Nepal without weather
2026-01-10 18:41:50,454 - INFO - 
📈 PROGRESS UPDATE
2026-01-10 18:41:50,454 - INFO -    Countries processed: 110/186
2026-01-10 18:41:50,454 - INFO -    Successful extractions: 106
2026-01-10 18:41:50,454 - INFO -    Failed extractions: 0
2026-01-10 18:41:50,455 - INFO -    Successful inferences: 106
2026-01-10 18:41:50,455 - INFO -    Failed inferences: 0
2026-01-10 18:41:50,455 - INFO -    Skipped countries: 4
2026-01-10 18:41:50,455 - INFO -    Average processing time: 3.1s per country
2026-01-10 18:41:50,455 - INFO - 
🚀 Processing Netherlands (Kingdom of the)
2026-01-10 18:41:50,455 - INFO -    ILI cases: 70,531
2026-01-10 18:41:50,455 - INFO -    ARI cases: 2,242,638
2026-01-10 18:41:50,455 - INFO -    Data types: ARI, ILI
2026-01-10 18:41:50,456 - INFO - Running extraction: /home/david/miniconda3/bin/python enhanced_extract_country_data.py --country Netherlands (Kingdom of the) --input data/who_flu_data.csv --output_dir data/extracted_data
2026-01-10 18:41:51,759 - INFO - ✅ Extraction successful for Netherlands (Kingdom of the)
2026-01-10 18:41:51,759 - INFO - 🌦️  Attempting chronos inference with weather for Netherlands (Kingdom of the)...
2026-01-10 18:41:55,615 - WARNING - ⚠️  Weather failed for Netherlands (Kingdom of the), trying without weather...
2026-01-10 18:42:00,476 - INFO - ✅ Inference successful for Netherlands (Kingdom of the) without weather
2026-01-10 18:42:00,476 - INFO - 
🚀 Processing New Caledonia
2026-01-10 18:42:00,476 - INFO -    ILI cases: 17,873
2026-01-10 18:42:00,476 - INFO -    ARI cases: 0
2026-01-10 18:42:00,476 - INFO -    Data types: ILI
2026-01-10 18:42:00,477 - INFO - Running extraction: /home/david/miniconda3/bin/python enhanced_extract_country_data.py --country New Caledonia --input data/who_flu_data.csv --output_dir data/extracted_data
2026-01-10 18:42:01,779 - INFO - ✅ Extraction successful for New Caledonia
2026-01-10 18:42:01,780 - INFO - 🌦️  Attempting chronos inference with weather for New Caledonia...
2026-01-10 18:42:05,752 - WARNING - ⚠️  Weather failed for New Caledonia, trying without weather...
2026-01-10 18:42:10,561 - INFO - ✅ Inference successful for New Caledonia without weather
2026-01-10 18:42:10,561 - INFO - 
🚀 Processing New Zealand
2026-01-10 18:42:10,562 - INFO -    ILI cases: 26,436
2026-01-10 18:42:10,562 - INFO -    ARI cases: 0
2026-01-10 18:42:10,562 - INFO -    Data types: ILI
2026-01-10 18:42:10,562 - INFO - Running extraction: /home/david/miniconda3/bin/python enhanced_extract_country_data.py --country New Zealand --input data/who_flu_data.csv --output_dir data/extracted_data
2026-01-10 18:42:11,869 - INFO - ✅ Extraction successful for New Zealand
2026-01-10 18:42:11,870 - INFO - 🌦️  Attempting chronos inference with weather for New Zealand...
2026-01-10 18:42:15,842 - WARNING - ⚠️  Weather failed for New Zealand, trying without weather...
2026-01-10 18:42:20,662 - INFO - ✅ Inference successful for New Zealand without weather
2026-01-10 18:42:20,663 - INFO - 
🚀 Processing Nicaragua
2026-01-10 18:42:20,663 - INFO -    ILI cases: 3,862
2026-01-10 18:42:20,663 - INFO -    ARI cases: 17,923,801
2026-01-10 18:42:20,663 - INFO -    Data types: ARI, ILI
2026-01-10 18:42:20,663 - INFO - Running extraction: /home/david/miniconda3/bin/python enhanced_extract_country_data.py --country Nicaragua --input data/who_flu_data.csv --output_dir data/extracted_data
2026-01-10 18:42:21,962 - INFO - ✅ Extraction successful for Nicaragua
2026-01-10 18:42:21,962 - INFO - 🌦️  Attempting chronos inference with weather for Nicaragua...
2026-01-10 18:42:25,884 - WARNING - ⚠️  Weather failed for Nicaragua, trying without weather...
2026-01-10 18:42:30,645 - INFO - ✅ Inference successful for Nicaragua without weather
2026-01-10 18:42:30,645 - INFO - 
🚀 Processing Niger
2026-01-10 18:42:30,645 - INFO -    ILI cases: 366,585
2026-01-10 18:42:30,645 - INFO -    ARI cases: 0
2026-01-10 18:42:30,645 - INFO -    Data types: ILI
2026-01-10 18:42:30,645 - INFO - Running extraction: /home/david/miniconda3/bin/python enhanced_extract_country_data.py --country Niger --input data/who_flu_data.csv --output_dir data/extracted_data
2026-01-10 18:42:31,937 - INFO - ✅ Extraction successful for Niger
2026-01-10 18:42:31,937 - INFO - 🌦️  Attempting chronos inference with weather for Niger...
2026-01-10 18:42:35,930 - WARNING - ⚠️  Weather failed for Niger, trying without weather...
2026-01-10 18:42:40,844 - INFO - ✅ Inference successful for Niger without weather
2026-01-10 18:42:40,844 - INFO - 
📈 PROGRESS UPDATE
2026-01-10 18:42:40,844 - INFO -    Countries processed: 115/186
2026-01-10 18:42:40,844 - INFO -    Successful extractions: 111
2026-01-10 18:42:40,844 - INFO -    Failed extractions: 0
2026-01-10 18:42:40,844 - INFO -    Successful inferences: 111
2026-01-10 18:42:40,844 - INFO -    Failed inferences: 0
2026-01-10 18:42:40,844 - INFO -    Skipped countries: 4
2026-01-10 18:42:40,844 - INFO -    Average processing time: 3.1s per country
2026-01-10 18:42:40,844 - INFO - 
🚀 Processing Nigeria
2026-01-10 18:42:40,844 - INFO -    ILI cases: 17,573
2026-01-10 18:42:40,844 - INFO -    ARI cases: 0
2026-01-10 18:42:40,845 - INFO -    Data types: ILI
2026-01-10 18:42:40,845 - INFO - Running extraction: /home/david/miniconda3/bin/python enhanced_extract_country_data.py --country Nigeria --input data/who_flu_data.csv --output_dir data/extracted_data
2026-01-10 18:42:42,131 - INFO - ✅ Extraction successful for Nigeria
2026-01-10 18:42:42,131 - INFO - 🌦️  Attempting chronos inference with weather for Nigeria...
2026-01-10 18:42:46,078 - WARNING - ⚠️  Weather failed for Nigeria, trying without weather...
2026-01-10 18:42:50,986 - INFO - ✅ Inference successful for Nigeria without weather
2026-01-10 18:42:50,987 - INFO - 
🚀 Processing Niue
2026-01-10 18:42:50,987 - INFO -    ILI cases: 4,465
2026-01-10 18:42:50,987 - INFO -    ARI cases: 0
2026-01-10 18:42:50,987 - INFO -    Data types: ILI
2026-01-10 18:42:50,987 - INFO - Running extraction: /home/david/miniconda3/bin/python enhanced_extract_country_data.py --country Niue --input data/who_flu_data.csv --output_dir data/extracted_data
2026-01-10 18:42:52,290 - INFO - ✅ Extraction successful for Niue
2026-01-10 18:42:52,290 - INFO - 🌦️  Attempting chronos inference with weather for Niue...
2026-01-10 18:42:56,191 - WARNING - ⚠️  Weather failed for Niue, trying without weather...
2026-01-10 18:43:01,134 - INFO - ✅ Inference successful for Niue without weather
2026-01-10 18:43:01,134 - INFO - 
🚀 Processing North Macedonia
2026-01-10 18:43:01,134 - INFO -    ILI cases: 574,986
2026-01-10 18:43:01,134 - INFO -    ARI cases: 0
2026-01-10 18:43:01,134 - INFO -    Data types: ARI, ILI
2026-01-10 18:43:01,134 - INFO - Running extraction: /home/david/miniconda3/bin/python enhanced_extract_country_data.py --country North Macedonia --input data/who_flu_data.csv --output_dir data/extracted_data
2026-01-10 18:43:02,432 - INFO - ✅ Extraction successful for North Macedonia
2026-01-10 18:43:02,432 - INFO - 🌦️  Attempting chronos inference with weather for North Macedonia...
2026-01-10 18:43:06,401 - WARNING - ⚠️  Weather failed for North Macedonia, trying without weather...
2026-01-10 18:43:11,285 - INFO - ✅ Inference successful for North Macedonia without weather
2026-01-10 18:43:11,286 - INFO - 
🚀 Processing Northern Mariana Islands
2026-01-10 18:43:11,286 - INFO -    ILI cases: 18,812
2026-01-10 18:43:11,286 - INFO -    ARI cases: 0
2026-01-10 18:43:11,286 - INFO -    Data types: ILI
2026-01-10 18:43:11,286 - INFO - Running extraction: /home/david/miniconda3/bin/python enhanced_extract_country_data.py --country Northern Mariana Islands --input data/who_flu_data.csv --output_dir data/extracted_data
2026-01-10 18:43:12,595 - INFO - ✅ Extraction successful for Northern Mariana Islands
2026-01-10 18:43:12,595 - INFO - 🌦️  Attempting chronos inference with weather for Northern Mariana Islands...
2026-01-10 18:43:18,058 - INFO - ✅ Inference successful for Northern Mariana Islands with weather
2026-01-10 18:43:18,058 - INFO - 
🚀 Processing Norway
2026-01-10 18:43:18,059 - INFO -    ILI cases: 2,580,758
2026-01-10 18:43:18,059 - INFO -    ARI cases: 0
2026-01-10 18:43:18,059 - INFO -    Data types: ARI, ILI
2026-01-10 18:43:18,059 - INFO - Running extraction: /home/david/miniconda3/bin/python enhanced_extract_country_data.py --country Norway --input data/who_flu_data.csv --output_dir data/extracted_data
2026-01-10 18:43:19,406 - INFO - ✅ Extraction successful for Norway
2026-01-10 18:43:19,406 - INFO - 🌦️  Attempting chronos inference with weather for Norway...
2026-01-10 18:43:24,723 - INFO - ✅ Inference successful for Norway with weather
2026-01-10 18:43:24,723 - INFO - 
📈 PROGRESS UPDATE
2026-01-10 18:43:24,723 - INFO -    Countries processed: 120/186
2026-01-10 18:43:24,723 - INFO -    Successful extractions: 116
2026-01-10 18:43:24,723 - INFO -    Failed extractions: 0
2026-01-10 18:43:24,723 - INFO -    Successful inferences: 116
2026-01-10 18:43:24,723 - INFO -    Failed inferences: 0
2026-01-10 18:43:24,723 - INFO -    Skipped countries: 4
2026-01-10 18:43:24,723 - INFO -    Average processing time: 3.1s per country
2026-01-10 18:43:24,724 - INFO - 
🚀 Processing Oman
2026-01-10 18:43:24,724 - INFO -    ILI cases: 22,673,707
2026-01-10 18:43:24,724 - INFO -    ARI cases: 24,136
2026-01-10 18:43:24,724 - INFO -    Data types: ARI, ILI
2026-01-10 18:43:24,724 - INFO - Running extraction: /home/david/miniconda3/bin/python enhanced_extract_country_data.py --country Oman --input data/who_flu_data.csv --output_dir data/extracted_data
2026-01-10 18:43:26,029 - INFO - ✅ Extraction successful for Oman
2026-01-10 18:43:26,030 - INFO - 🌦️  Attempting chronos inference with weather for Oman...
2026-01-10 18:43:30,051 - WARNING - ⚠️  Weather failed for Oman, trying without weather...
2026-01-10 18:43:34,831 - INFO - ✅ Inference successful for Oman without weather
2026-01-10 18:43:34,831 - INFO - 
🚀 Processing Pakistan
2026-01-10 18:43:34,831 - INFO -    ILI cases: 9,814
2026-01-10 18:43:34,831 - INFO -    ARI cases: 0
2026-01-10 18:43:34,831 - INFO -    Data types: ILI
2026-01-10 18:43:34,831 - INFO - Running extraction: /home/david/miniconda3/bin/python enhanced_extract_country_data.py --country Pakistan --input data/who_flu_data.csv --output_dir data/extracted_data
2026-01-10 18:43:36,152 - INFO - ✅ Extraction successful for Pakistan
2026-01-10 18:43:36,152 - INFO - 🌦️  Attempting chronos inference with weather for Pakistan...
2026-01-10 18:43:40,104 - WARNING - ⚠️  Weather failed for Pakistan, trying without weather...
2026-01-10 18:43:44,975 - INFO - ✅ Inference successful for Pakistan without weather
2026-01-10 18:43:44,976 - INFO - 
🚀 Processing Palau
2026-01-10 18:43:44,976 - INFO -    ILI cases: 6,641
2026-01-10 18:43:44,976 - INFO -    ARI cases: 0
2026-01-10 18:43:44,976 - INFO -    Data types: ILI
2026-01-10 18:43:44,976 - INFO - Running extraction: /home/david/miniconda3/bin/python enhanced_extract_country_data.py --country Palau --input data/who_flu_data.csv --output_dir data/extracted_data
2026-01-10 18:43:46,286 - INFO - ✅ Extraction successful for Palau
2026-01-10 18:43:46,286 - INFO - 🌦️  Attempting chronos inference with weather for Palau...
2026-01-10 18:43:51,658 - INFO - ✅ Inference successful for Palau with weather
2026-01-10 18:43:51,658 - INFO - 
🚀 Processing Panama
2026-01-10 18:43:51,659 - INFO -    ILI cases: 156,708
2026-01-10 18:43:51,659 - INFO -    ARI cases: 530
2026-01-10 18:43:51,659 - INFO -    Data types: ARI, ILI
2026-01-10 18:43:51,659 - INFO - Running extraction: /home/david/miniconda3/bin/python enhanced_extract_country_data.py --country Panama --input data/who_flu_data.csv --output_dir data/extracted_data
2026-01-10 18:43:52,970 - INFO - ✅ Extraction successful for Panama
2026-01-10 18:43:52,970 - INFO - 🌦️  Attempting chronos inference with weather for Panama...
2026-01-10 18:43:56,980 - WARNING - ⚠️  Weather failed for Panama, trying without weather...
2026-01-10 18:44:01,772 - INFO - ✅ Inference successful for Panama without weather
2026-01-10 18:44:01,772 - INFO - 
🚀 Processing Papua New Guinea
2026-01-10 18:44:01,772 - INFO -    ILI cases: 1,041
2026-01-10 18:44:01,772 - INFO -    ARI cases: 0
2026-01-10 18:44:01,772 - INFO -    Data types: ILI
2026-01-10 18:44:01,772 - INFO - Running extraction: /home/david/miniconda3/bin/python enhanced_extract_country_data.py --country Papua New Guinea --input data/who_flu_data.csv --output_dir data/extracted_data
2026-01-10 18:44:03,093 - INFO - ✅ Extraction successful for Papua New Guinea
2026-01-10 18:44:03,093 - INFO - 🌦️  Attempting chronos inference with weather for Papua New Guinea...
2026-01-10 18:44:07,092 - WARNING - ⚠️  Weather failed for Papua New Guinea, trying without weather...
2026-01-10 18:44:11,873 - INFO - ✅ Inference successful for Papua New Guinea without weather
2026-01-10 18:44:11,873 - INFO - 
📈 PROGRESS UPDATE
2026-01-10 18:44:11,873 - INFO -    Countries processed: 125/186
2026-01-10 18:44:11,873 - INFO -    Successful extractions: 121
2026-01-10 18:44:11,873 - INFO -    Failed extractions: 0
2026-01-10 18:44:11,873 - INFO -    Successful inferences: 121
2026-01-10 18:44:11,873 - INFO -    Failed inferences: 0
2026-01-10 18:44:11,873 - INFO -    Skipped countries: 4
2026-01-10 18:44:11,873 - INFO -    Average processing time: 3.1s per country
2026-01-10 18:44:11,874 - INFO - 
🚀 Processing Paraguay
2026-01-10 18:44:11,874 - INFO -    ILI cases: 616,234
2026-01-10 18:44:11,874 - INFO -    ARI cases: 24,841,353
2026-01-10 18:44:11,874 - INFO -    Data types: ARI, ILI
2026-01-10 18:44:11,874 - INFO - Running extraction: /home/david/miniconda3/bin/python enhanced_extract_country_data.py --country Paraguay --input data/who_flu_data.csv --output_dir data/extracted_data
2026-01-10 18:44:13,207 - INFO - ✅ Extraction successful for Paraguay
2026-01-10 18:44:13,207 - INFO - 🌦️  Attempting chronos inference with weather for Paraguay...
2026-01-10 18:44:17,186 - WARNING - ⚠️  Weather failed for Paraguay, trying without weather...
2026-01-10 18:44:20,451 - WARNING - 🛑 Processing interrupted by user
2026-01-10 18:44:20,452 - INFO - 
🎉 BATCH PROCESSING COMPLETE
2026-01-10 18:44:20,452 - INFO - ============================================================
2026-01-10 18:44:20,452 - INFO - 📊 SUMMARY STATISTICS:
2026-01-10 18:44:20,452 - INFO -    Total countries in dataset: 186
2026-01-10 18:44:20,452 - INFO -    Countries processed: 122
2026-01-10 18:44:20,452 - INFO -    Countries skipped (no data): 4
2026-01-10 18:44:20,452 - INFO -    Successful extractions: 122
2026-01-10 18:44:20,452 - INFO -    Failed extractions: 0
2026-01-10 18:44:20,452 - INFO -    Successful inferences: 121
2026-01-10 18:44:20,452 - INFO -    Failed inferences: 0
2026-01-10 18:44:20,452 - INFO -    Overall success rate: 66.5%
2026-01-10 18:44:20,452 - INFO - 
🌦️ WEATHER USAGE SUMMARY:
2026-01-10 18:44:20,452 - INFO -    Countries with weather: 87 (71.9%)
2026-01-10 18:44:20,452 - INFO -    Countries without weather: 34 (28.1%)
2026-01-10 18:44:20,452 - INFO - 
📋 COUNTRIES WITHOUT WEATHER DATA:
2026-01-10 18:44:20,452 - INFO -    ❌ Belize
2026-01-10 18:44:20,452 - INFO -    ❌ Bolivia (Plurinational State of)
2026-01-10 18:44:20,452 - INFO -    ❌ China, Hong Kong SAR
2026-01-10 18:44:20,452 - INFO -    ❌ Côte d’Ivoire
2026-01-10 18:44:20,452 - INFO -    ❌ Democratic Republic of the Congo
2026-01-10 18:44:20,452 - INFO -    ❌ Iceland
2026-01-10 18:44:20,452 - INFO -    ❌ Iran (Islamic Republic of)
2026-01-10 18:44:20,452 - INFO -    ❌ Jamaica
2026-01-10 18:44:20,452 - INFO -    ❌ Jordan
2026-01-10 18:44:20,452 - INFO -    ❌ Kosovo (in accordance with UN Security Council resolution 1244 (1999))
2026-01-10 18:44:20,452 - INFO -    ❌ Lao People's Democratic Republic
2026-01-10 18:44:20,452 - INFO -    ❌ Luxembourg
2026-01-10 18:44:20,452 - INFO -    ❌ Madagascar
2026-01-10 18:44:20,452 - INFO -    ❌ Maldives
2026-01-10 18:44:20,452 - INFO -    ❌ Marshall Islands
2026-01-10 18:44:20,452 - INFO -    ❌ Mauritania
2026-01-10 18:44:20,452 - INFO -    ❌ Mauritius
2026-01-10 18:44:20,453 - INFO -    ❌ Micronesia (Federated States of)
2026-01-10 18:44:20,453 - INFO -    ❌ Montenegro
2026-01-10 18:44:20,453 - INFO -    ❌ Morocco
2026-01-10 18:44:20,453 - INFO -    ❌ Mozambique
2026-01-10 18:44:20,453 - INFO -    ❌ Nepal
2026-01-10 18:44:20,453 - INFO -    ❌ Netherlands (Kingdom of the)
2026-01-10 18:44:20,453 - INFO -    ❌ New Caledonia
2026-01-10 18:44:20,453 - INFO -    ❌ New Zealand
2026-01-10 18:44:20,453 - INFO -    ❌ Nicaragua
2026-01-10 18:44:20,453 - INFO -    ❌ Niger
2026-01-10 18:44:20,453 - INFO -    ❌ Nigeria
2026-01-10 18:44:20,453 - INFO -    ❌ Niue
2026-01-10 18:44:20,453 - INFO -    ❌ North Macedonia
2026-01-10 18:44:20,453 - INFO -    ❌ Oman
2026-01-10 18:44:20,453 - INFO -    ❌ Pakistan
2026-01-10 18:44:20,453 - INFO -    ❌ Panama
2026-01-10 18:44:20,453 - INFO -    ❌ Papua New Guinea
2026-01-10 18:44:20,453 - INFO -    Total processing time: 915.3 seconds (0.25 hours)
2026-01-10 18:44:20,453 - INFO -    Average time per country: 3.1 seconds
2026-01-10 18:44:20,453 - INFO -    Estimated time for remaining countries: 3.1 minutes
2026-01-10 18:44:20,453 - INFO - 📊 Saved weather usage report with 121 countries
2026-01-10 18:44:20,453 - INFO - ============================================================
2026-01-10 18:44:20,453 - INFO - 📁 RESULTS SAVED TO: results/country_predictions
2026-01-10 18:44:20,453 - INFO - 📁 EXTRACTED DATA IN: data/extracted_data
2026-01-10 18:44:20,453 - INFO - 📄 DETAILED LOG: country_inference_batch.log
2026-01-10 18:44:20,453 - INFO - 📊 WEATHER REPORT: weather_usage_report.csv
2026-01-10 18:44:21,936 - INFO - Loaded country summary with 186 countries
2026-01-10 18:44:21,936 - INFO - 🌍 Starting batch processing of countries...
2026-01-10 18:44:21,936 - INFO - 📊 Total countries to process: 186
2026-01-10 18:44:21,936 - INFO - 
🚀 Processing Afghanistan
2026-01-10 18:44:21,936 - INFO -    ILI cases: 1,517,440
2026-01-10 18:44:21,936 - INFO -    ARI cases: 0
2026-01-10 18:44:21,936 - INFO -    Data types: ILI
2026-01-10 18:44:21,936 - INFO - Running extraction: /home/david/miniconda3/bin/python enhanced_extract_country_data.py --country Afghanistan --input data/who_flu_data.csv --output_dir data/extracted_data
2026-01-10 18:44:23,228 - INFO - ✅ Extraction successful for Afghanistan
2026-01-10 18:44:23,228 - INFO - 🌦️  Attempting chronos inference with weather for Afghanistan...
2026-01-10 18:44:28,368 - INFO - ✅ Inference successful for Afghanistan with weather
2026-01-10 18:44:28,368 - INFO - 
🚀 Processing Albania
2026-01-10 18:44:28,368 - INFO -    ILI cases: 10,008
2026-01-10 18:44:28,368 - INFO -    ARI cases: 16,503,801
2026-01-10 18:44:28,368 - INFO -    Data types: ARI, ILI
2026-01-10 18:44:28,368 - INFO - Running extraction: /home/david/miniconda3/bin/python enhanced_extract_country_data.py --country Albania --input data/who_flu_data.csv --output_dir data/extracted_data
2026-01-10 18:44:29,675 - INFO - ✅ Extraction successful for Albania
2026-01-10 18:44:29,675 - INFO - 🌦️  Attempting chronos inference with weather for Albania...
2026-01-10 18:44:34,944 - INFO - ✅ Inference successful for Albania with weather
2026-01-10 18:44:34,944 - INFO - 
🚀 Processing Algeria
2026-01-10 18:44:34,944 - INFO -    ILI cases: 72,349
2026-01-10 18:44:34,944 - INFO -    ARI cases: 0
2026-01-10 18:44:34,944 - INFO -    Data types: ILI
2026-01-10 18:44:34,945 - INFO - Running extraction: /home/david/miniconda3/bin/python enhanced_extract_country_data.py --country Algeria --input data/who_flu_data.csv --output_dir data/extracted_data
2026-01-10 18:44:36,255 - INFO - ✅ Extraction successful for Algeria
2026-01-10 18:44:36,255 - INFO - 🌦️  Attempting chronos inference with weather for Algeria...
2026-01-10 18:44:41,117 - INFO - ✅ Inference successful for Algeria with weather
2026-01-10 18:44:41,117 - INFO - 
🚀 Processing American Samoa
2026-01-10 18:44:41,117 - INFO -    ILI cases: 23,645
2026-01-10 18:44:41,117 - INFO -    ARI cases: 0
2026-01-10 18:44:41,117 - INFO -    Data types: ILI
2026-01-10 18:44:41,117 - INFO - Running extraction: /home/david/miniconda3/bin/python enhanced_extract_country_data.py --country American Samoa --input data/who_flu_data.csv --output_dir data/extracted_data
2026-01-10 18:44:42,423 - INFO - ✅ Extraction successful for American Samoa
2026-01-10 18:44:42,423 - INFO - 🌦️  Attempting chronos inference with weather for American Samoa...
2026-01-10 18:44:47,560 - INFO - ✅ Inference successful for American Samoa with weather
2026-01-10 18:44:47,561 - INFO - 
🚀 Processing Anguilla
2026-01-10 18:44:47,561 - INFO -    ILI cases: 815
2026-01-10 18:44:47,561 - INFO -    ARI cases: 0
2026-01-10 18:44:47,561 - INFO -    Data types: ILI
2026-01-10 18:44:47,561 - INFO - Running extraction: /home/david/miniconda3/bin/python enhanced_extract_country_data.py --country Anguilla --input data/who_flu_data.csv --output_dir data/extracted_data
2026-01-10 18:44:48,855 - INFO - ✅ Extraction successful for Anguilla
2026-01-10 18:44:48,855 - INFO - 🌦️  Attempting chronos inference with weather for Anguilla...
2026-01-10 18:44:53,709 - INFO - ✅ Inference successful for Anguilla with weather
2026-01-10 18:44:53,709 - INFO - 
📈 PROGRESS UPDATE
2026-01-10 18:44:53,709 - INFO -    Countries processed: 5/186
2026-01-10 18:44:53,709 - INFO -    Successful extractions: 5
2026-01-10 18:44:53,709 - INFO -    Failed extractions: 0
2026-01-10 18:44:53,709 - INFO -    Successful inferences: 5
2026-01-10 18:44:53,709 - INFO -    Failed inferences: 0
2026-01-10 18:44:53,709 - INFO -    Skipped countries: 0
2026-01-10 18:44:53,709 - INFO -    Average processing time: 3.2s per country
2026-01-10 18:44:53,709 - INFO - 
🚀 Processing Antigua and Barbuda
2026-01-10 18:44:53,709 - INFO -    ILI cases: 4,093
2026-01-10 18:44:53,709 - INFO -    ARI cases: 0
2026-01-10 18:44:53,709 - INFO -    Data types: ILI
2026-01-10 18:44:53,709 - INFO - Running extraction: /home/david/miniconda3/bin/python enhanced_extract_country_data.py --country Antigua and Barbuda --input data/who_flu_data.csv --output_dir data/extracted_data
2026-01-10 18:44:55,014 - INFO - ✅ Extraction successful for Antigua and Barbuda
2026-01-10 18:44:55,014 - INFO - 🌦️  Attempting chronos inference with weather for Antigua and Barbuda...
2026-01-10 18:44:59,884 - INFO - ✅ Inference successful for Antigua and Barbuda with weather
2026-01-10 18:44:59,885 - INFO - 
🚀 Processing Argentina
2026-01-10 18:44:59,885 - INFO -    ILI cases: 19,019,429
2026-01-10 18:44:59,885 - INFO -    ARI cases: 2,789,474
2026-01-10 18:44:59,885 - INFO -    Data types: ARI, ILI
2026-01-10 18:44:59,885 - INFO - Running extraction: /home/david/miniconda3/bin/python enhanced_extract_country_data.py --country Argentina --input data/who_flu_data.csv --output_dir data/extracted_data
2026-01-10 18:45:01,181 - INFO - ✅ Extraction successful for Argentina
2026-01-10 18:45:01,181 - INFO - 🌦️  Attempting chronos inference with weather for Argentina...
2026-01-10 18:45:06,475 - INFO - ✅ Inference successful for Argentina with weather
2026-01-10 18:45:06,475 - INFO - 
🚀 Processing Armenia
2026-01-10 18:45:06,475 - INFO -    ILI cases: 14,492
2026-01-10 18:45:06,475 - INFO -    ARI cases: 5,287,920
2026-01-10 18:45:06,475 - INFO -    Data types: ARI, ILI
2026-01-10 18:45:06,475 - INFO - Running extraction: /home/david/miniconda3/bin/python enhanced_extract_country_data.py --country Armenia --input data/who_flu_data.csv --output_dir data/extracted_data
2026-01-10 18:45:07,799 - INFO - ✅ Extraction successful for Armenia
2026-01-10 18:45:07,800 - INFO - 🌦️  Attempting chronos inference with weather for Armenia...
2026-01-10 18:45:13,110 - INFO - ✅ Inference successful for Armenia with weather
2026-01-10 18:45:13,110 - INFO - 🔮 Skipping Aruba - no ILI or ARI data available
2026-01-10 18:45:13,110 - INFO - 
🚀 Processing Australia
2026-01-10 18:45:13,110 - INFO -    ILI cases: 81,414
2026-01-10 18:45:13,110 - INFO -    ARI cases: 0
2026-01-10 18:45:13,110 - INFO -    Data types: ILI
2026-01-10 18:45:13,110 - INFO - Running extraction: /home/david/miniconda3/bin/python enhanced_extract_country_data.py --country Australia --input data/who_flu_data.csv --output_dir data/extracted_data
2026-01-10 18:45:14,408 - INFO - ✅ Extraction successful for Australia
2026-01-10 18:45:14,409 - INFO - 🌦️  Attempting chronos inference with weather for Australia...
2026-01-10 18:45:19,648 - INFO - ✅ Inference successful for Australia with weather
2026-01-10 18:45:19,648 - INFO - 
📈 PROGRESS UPDATE
2026-01-10 18:45:19,648 - INFO -    Countries processed: 10/186
2026-01-10 18:45:19,648 - INFO -    Successful extractions: 9
2026-01-10 18:45:19,648 - INFO -    Failed extractions: 0
2026-01-10 18:45:19,648 - INFO -    Successful inferences: 9
2026-01-10 18:45:19,648 - INFO -    Failed inferences: 0
2026-01-10 18:45:19,648 - INFO -    Skipped countries: 1
2026-01-10 18:45:19,648 - INFO -    Average processing time: 3.2s per country
2026-01-10 18:45:19,649 - INFO - 
🚀 Processing Austria
2026-01-10 18:45:19,649 - INFO -    ILI cases: 371,646
2026-01-10 18:45:19,649 - INFO -    ARI cases: 0
2026-01-10 18:45:19,649 - INFO -    Data types: ARI, ILI
2026-01-10 18:45:19,649 - INFO - Running extraction: /home/david/miniconda3/bin/python enhanced_extract_country_data.py --country Austria --input data/who_flu_data.csv --output_dir data/extracted_data
2026-01-10 18:45:20,961 - INFO - ✅ Extraction successful for Austria
2026-01-10 18:45:20,961 - INFO - 🌦️  Attempting chronos inference with weather for Austria...
2026-01-10 18:45:26,205 - INFO - ✅ Inference successful for Austria with weather
2026-01-10 18:45:26,205 - INFO - 
🚀 Processing Azerbaijan
2026-01-10 18:45:26,205 - INFO -    ILI cases: 937,386
2026-01-10 18:45:26,205 - INFO -    ARI cases: 176,742
2026-01-10 18:45:26,205 - INFO -    Data types: ARI, ILI
2026-01-10 18:45:26,205 - INFO - Running extraction: /home/david/miniconda3/bin/python enhanced_extract_country_data.py --country Azerbaijan --input data/who_flu_data.csv --output_dir data/extracted_data
2026-01-10 18:45:27,526 - INFO - ✅ Extraction successful for Azerbaijan
2026-01-10 18:45:27,526 - INFO - 🌦️  Attempting chronos inference with weather for Azerbaijan...
2026-01-10 18:45:32,917 - INFO - ✅ Inference successful for Azerbaijan with weather
2026-01-10 18:45:32,917 - INFO - 
🚀 Processing Bahamas
2026-01-10 18:45:32,917 - INFO -    ILI cases: 5,803
2026-01-10 18:45:32,917 - INFO -    ARI cases: 1,413
2026-01-10 18:45:32,917 - INFO -    Data types: ARI, ILI
2026-01-10 18:45:32,917 - INFO - Running extraction: /home/david/miniconda3/bin/python enhanced_extract_country_data.py --country Bahamas --input data/who_flu_data.csv --output_dir data/extracted_data
2026-01-10 18:45:34,225 - INFO - ✅ Extraction successful for Bahamas
2026-01-10 18:45:34,225 - INFO - 🌦️  Attempting chronos inference with weather for Bahamas...
2026-01-10 18:45:39,384 - INFO - ✅ Inference successful for Bahamas with weather
2026-01-10 18:45:39,384 - INFO - 
🚀 Processing Bahrain
2026-01-10 18:45:39,384 - INFO -    ILI cases: 516,296
2026-01-10 18:45:39,384 - INFO -    ARI cases: 0
2026-01-10 18:45:39,385 - INFO -    Data types: ILI
2026-01-10 18:45:39,385 - INFO - Running extraction: /home/david/miniconda3/bin/python enhanced_extract_country_data.py --country Bahrain --input data/who_flu_data.csv --output_dir data/extracted_data
2026-01-10 18:45:40,677 - INFO - ✅ Extraction successful for Bahrain
2026-01-10 18:45:40,678 - INFO - 🌦️  Attempting chronos inference with weather for Bahrain...
2026-01-10 18:45:45,890 - INFO - ✅ Inference successful for Bahrain with weather
2026-01-10 18:45:45,890 - INFO - 
🚀 Processing Bangladesh
2026-01-10 18:45:45,890 - INFO -    ILI cases: 74,045
2026-01-10 18:45:45,890 - INFO -    ARI cases: 0
2026-01-10 18:45:45,890 - INFO -    Data types: ILI
2026-01-10 18:45:45,890 - INFO - Running extraction: /home/david/miniconda3/bin/python enhanced_extract_country_data.py --country Bangladesh --input data/who_flu_data.csv --output_dir data/extracted_data
2026-01-10 18:45:47,185 - INFO - ✅ Extraction successful for Bangladesh
2026-01-10 18:45:47,185 - INFO - 🌦️  Attempting chronos inference with weather for Bangladesh...
2026-01-10 18:45:52,358 - INFO - ✅ Inference successful for Bangladesh with weather
2026-01-10 18:45:52,358 - INFO - 
📈 PROGRESS UPDATE
2026-01-10 18:45:52,358 - INFO -    Countries processed: 15/186
2026-01-10 18:45:52,358 - INFO -    Successful extractions: 14
2026-01-10 18:45:52,358 - INFO -    Failed extractions: 0
2026-01-10 18:45:52,358 - INFO -    Successful inferences: 14
2026-01-10 18:45:52,358 - INFO -    Failed inferences: 0
2026-01-10 18:45:52,358 - INFO -    Skipped countries: 1
2026-01-10 18:45:52,358 - INFO -    Average processing time: 3.2s per country
2026-01-10 18:45:52,358 - INFO - 
🚀 Processing Barbados
2026-01-10 18:45:52,358 - INFO -    ILI cases: 8,328
2026-01-10 18:45:52,358 - INFO -    ARI cases: 9,207
2026-01-10 18:45:52,358 - INFO -    Data types: ARI, ILI
2026-01-10 18:45:52,359 - INFO - Running extraction: /home/david/miniconda3/bin/python enhanced_extract_country_data.py --country Barbados --input data/who_flu_data.csv --output_dir data/extracted_data
2026-01-10 18:45:53,661 - INFO - ✅ Extraction successful for Barbados
2026-01-10 18:45:53,661 - INFO - 🌦️  Attempting chronos inference with weather for Barbados...
2026-01-10 18:45:58,933 - INFO - ✅ Inference successful for Barbados with weather
2026-01-10 18:45:58,933 - INFO - 
🚀 Processing Belarus
2026-01-10 18:45:58,933 - INFO -    ILI cases: 45,330
2026-01-10 18:45:58,933 - INFO -    ARI cases: 69,991,357
2026-01-10 18:45:58,933 - INFO -    Data types: ARI, ILI
2026-01-10 18:45:58,933 - INFO - Running extraction: /home/david/miniconda3/bin/python enhanced_extract_country_data.py --country Belarus --input data/who_flu_data.csv --output_dir data/extracted_data
2026-01-10 18:46:00,213 - INFO - ✅ Extraction successful for Belarus
2026-01-10 18:46:00,213 - INFO - 🌦️  Attempting chronos inference with weather for Belarus...
2026-01-10 18:46:05,555 - INFO - ✅ Inference successful for Belarus with weather
2026-01-10 18:46:05,556 - INFO - 
🚀 Processing Belgium
2026-01-10 18:46:05,556 - INFO -    ILI cases: 221,398
2026-01-10 18:46:05,556 - INFO -    ARI cases: 2,111,161
2026-01-10 18:46:05,556 - INFO -    Data types: ARI, ILI
2026-01-10 18:46:05,556 - INFO - Running extraction: /home/david/miniconda3/bin/python enhanced_extract_country_data.py --country Belgium --input data/who_flu_data.csv --output_dir data/extracted_data
2026-01-10 18:46:06,871 - INFO - ✅ Extraction successful for Belgium
2026-01-10 18:46:06,871 - INFO - 🌦️  Attempting chronos inference with weather for Belgium...
2026-01-10 18:46:12,244 - INFO - ✅ Inference successful for Belgium with weather
2026-01-10 18:46:12,244 - INFO - 
🚀 Processing Belize
2026-01-10 18:46:12,244 - INFO -    ILI cases: 61,475
2026-01-10 18:46:12,244 - INFO -    ARI cases: 0
2026-01-10 18:46:12,244 - INFO -    Data types: ILI
2026-01-10 18:46:12,244 - INFO - Running extraction: /home/david/miniconda3/bin/python enhanced_extract_country_data.py --country Belize --input data/who_flu_data.csv --output_dir data/extracted_data
2026-01-10 18:46:13,535 - INFO - ✅ Extraction successful for Belize
2026-01-10 18:46:13,535 - INFO - 🌦️  Attempting chronos inference with weather for Belize...
2026-01-10 18:46:17,534 - WARNING - ⚠️  Weather failed for Belize, trying without weather...
2026-01-10 18:46:22,275 - INFO - ✅ Inference successful for Belize without weather
2026-01-10 18:46:22,275 - INFO - 
🚀 Processing Bermuda
2026-01-10 18:46:22,275 - INFO -    ILI cases: 1,786
2026-01-10 18:46:22,275 - INFO -    ARI cases: 0
2026-01-10 18:46:22,275 - INFO -    Data types: ILI
2026-01-10 18:46:22,275 - INFO - Running extraction: /home/david/miniconda3/bin/python enhanced_extract_country_data.py --country Bermuda --input data/who_flu_data.csv --output_dir data/extracted_data
2026-01-10 18:46:23,587 - INFO - ✅ Extraction successful for Bermuda
2026-01-10 18:46:23,587 - INFO - 🌦️  Attempting chronos inference with weather for Bermuda...
2026-01-10 18:46:28,441 - INFO - ✅ Inference successful for Bermuda with weather
2026-01-10 18:46:28,441 - INFO - 
📈 PROGRESS UPDATE
2026-01-10 18:46:28,441 - INFO -    Countries processed: 20/186
2026-01-10 18:46:28,441 - INFO -    Successful extractions: 19
2026-01-10 18:46:28,441 - INFO -    Failed extractions: 0
2026-01-10 18:46:28,441 - INFO -    Successful inferences: 19
2026-01-10 18:46:28,442 - INFO -    Failed inferences: 0
2026-01-10 18:46:28,442 - INFO -    Skipped countries: 1
2026-01-10 18:46:28,442 - INFO -    Average processing time: 3.2s per country
2026-01-10 18:46:28,442 - INFO - 
🚀 Processing Bhutan
2026-01-10 18:46:28,442 - INFO -    ILI cases: 244,930
2026-01-10 18:46:28,442 - INFO -    ARI cases: 0
2026-01-10 18:46:28,442 - INFO -    Data types: ILI
2026-01-10 18:46:28,442 - INFO - Running extraction: /home/david/miniconda3/bin/python enhanced_extract_country_data.py --country Bhutan --input data/who_flu_data.csv --output_dir data/extracted_data
2026-01-10 18:46:29,732 - INFO - ✅ Extraction successful for Bhutan
2026-01-10 18:46:29,732 - INFO - 🌦️  Attempting chronos inference with weather for Bhutan...
2026-01-10 18:46:34,979 - INFO - ✅ Inference successful for Bhutan with weather
2026-01-10 18:46:34,979 - INFO - 
🚀 Processing Bolivia (Plurinational State of)
2026-01-10 18:46:34,979 - INFO -    ILI cases: 7,358
2026-01-10 18:46:34,979 - INFO -    ARI cases: 5,811,234
2026-01-10 18:46:34,979 - INFO -    Data types: ARI, ILI
2026-01-10 18:46:34,979 - INFO - Running extraction: /home/david/miniconda3/bin/python enhanced_extract_country_data.py --country Bolivia (Plurinational State of) --input data/who_flu_data.csv --output_dir data/extracted_data
2026-01-10 18:46:36,282 - INFO - ✅ Extraction successful for Bolivia (Plurinational State of)
2026-01-10 18:46:36,282 - INFO - 🌦️  Attempting chronos inference with weather for Bolivia (Plurinational State of)...
2026-01-10 18:46:40,127 - WARNING - ⚠️  Weather failed for Bolivia (Plurinational State of), trying without weather...
2026-01-10 18:46:45,330 - INFO - ✅ Inference successful for Bolivia (Plurinational State of) without weather
2026-01-10 18:46:45,330 - INFO - 
🚀 Processing Bonaire, Sint Eustatius and Saba
2026-01-10 18:46:45,330 - INFO -    ILI cases: 2,096
2026-01-10 18:46:45,330 - INFO -    ARI cases: 0
2026-01-10 18:46:45,330 - INFO -    Data types: ILI
2026-01-10 18:46:45,330 - INFO - Running extraction: /home/david/miniconda3/bin/python enhanced_extract_country_data.py --country Bonaire, Sint Eustatius and Saba --input data/who_flu_data.csv --output_dir data/extracted_data
2026-01-10 18:46:46,637 - INFO - ✅ Extraction successful for Bonaire, Sint Eustatius and Saba
2026-01-10 18:46:46,637 - INFO - 🌦️  Attempting chronos inference with weather for Bonaire, Sint Eustatius and Saba...
2026-01-10 18:46:51,527 - INFO - ✅ Inference successful for Bonaire, Sint Eustatius and Saba with weather
2026-01-10 18:46:51,528 - INFO - 
🚀 Processing Bosnia and Herzegovina
2026-01-10 18:46:51,528 - INFO -    ILI cases: 44,138
2026-01-10 18:46:51,528 - INFO -    ARI cases: 119,458
2026-01-10 18:46:51,528 - INFO -    Data types: ARI, ILI
2026-01-10 18:46:51,528 - INFO - Running extraction: /home/david/miniconda3/bin/python enhanced_extract_country_data.py --country Bosnia and Herzegovina --input data/who_flu_data.csv --output_dir data/extracted_data
2026-01-10 18:46:52,809 - INFO - ✅ Extraction successful for Bosnia and Herzegovina
2026-01-10 18:46:52,809 - INFO - 🌦️  Attempting chronos inference with weather for Bosnia and Herzegovina...
2026-01-10 18:46:58,250 - INFO - ✅ Inference successful for Bosnia and Herzegovina with weather
2026-01-10 18:46:58,251 - INFO - 
🚀 Processing Brazil
2026-01-10 18:46:58,251 - INFO -    ILI cases: 20,828,951
2026-01-10 18:46:58,251 - INFO -    ARI cases: 0
2026-01-10 18:46:58,251 - INFO -    Data types: ILI
2026-01-10 18:46:58,251 - INFO - Running extraction: /home/david/miniconda3/bin/python enhanced_extract_country_data.py --country Brazil --input data/who_flu_data.csv --output_dir data/extracted_data
2026-01-10 18:46:59,592 - INFO - ✅ Extraction successful for Brazil
2026-01-10 18:46:59,592 - INFO - 🌦️  Attempting chronos inference with weather for Brazil...
2026-01-10 18:47:04,691 - INFO - ✅ Inference successful for Brazil with weather
2026-01-10 18:47:04,691 - INFO - 
📈 PROGRESS UPDATE
2026-01-10 18:47:04,691 - INFO -    Countries processed: 25/186
2026-01-10 18:47:04,691 - INFO -    Successful extractions: 24
2026-01-10 18:47:04,692 - INFO -    Failed extractions: 0
2026-01-10 18:47:04,692 - INFO -    Successful inferences: 24
2026-01-10 18:47:04,692 - INFO -    Failed inferences: 0
2026-01-10 18:47:04,692 - INFO -    Skipped countries: 1
2026-01-10 18:47:04,692 - INFO -    Average processing time: 3.2s per country
2026-01-10 18:47:04,692 - INFO - 
🚀 Processing British Virgin Islands
2026-01-10 18:47:04,692 - INFO -    ILI cases: 1,582
2026-01-10 18:47:04,692 - INFO -    ARI cases: 0
2026-01-10 18:47:04,692 - INFO -    Data types: ILI
2026-01-10 18:47:04,692 - INFO - Running extraction: /home/david/miniconda3/bin/python enhanced_extract_country_data.py --country British Virgin Islands --input data/who_flu_data.csv --output_dir data/extracted_data
2026-01-10 18:47:06,004 - INFO - ✅ Extraction successful for British Virgin Islands
2026-01-10 18:47:06,004 - INFO - 🌦️  Attempting chronos inference with weather for British Virgin Islands...
2026-01-10 18:47:10,989 - INFO - ✅ Inference successful for British Virgin Islands with weather
2026-01-10 18:47:10,989 - INFO - 
🚀 Processing Brunei Darussalam
2026-01-10 18:47:10,989 - INFO -    ILI cases: 1,451,170
2026-01-10 18:47:10,989 - INFO -    ARI cases: 0
2026-01-10 18:47:10,989 - INFO -    Data types: ILI
2026-01-10 18:47:10,989 - INFO - Running extraction: /home/david/miniconda3/bin/python enhanced_extract_country_data.py --country Brunei Darussalam --input data/who_flu_data.csv --output_dir data/extracted_data
2026-01-10 18:47:12,296 - INFO - ✅ Extraction successful for Brunei Darussalam
2026-01-10 18:47:12,296 - INFO - 🌦️  Attempting chronos inference with weather for Brunei Darussalam...
2026-01-10 18:47:17,310 - INFO - ✅ Inference successful for Brunei Darussalam with weather
2026-01-10 18:47:17,310 - INFO - 
🚀 Processing Bulgaria
2026-01-10 18:47:17,310 - INFO -    ILI cases: 0
2026-01-10 18:47:17,310 - INFO -    ARI cases: 4,166,871
2026-01-10 18:47:17,310 - INFO -    Data types: ARI, ILI
2026-01-10 18:47:17,310 - INFO - Running extraction: /home/david/miniconda3/bin/python enhanced_extract_country_data.py --country Bulgaria --input data/who_flu_data.csv --output_dir data/extracted_data
2026-01-10 18:47:18,631 - INFO - ✅ Extraction successful for Bulgaria
2026-01-10 18:47:18,631 - INFO - 🌦️  Attempting chronos inference with weather for Bulgaria...
2026-01-10 18:47:23,941 - INFO - ✅ Inference successful for Bulgaria with weather
2026-01-10 18:47:23,941 - INFO - 
🚀 Processing Burkina Faso
2026-01-10 18:47:23,941 - INFO -    ILI cases: 0
2026-01-10 18:47:23,941 - INFO -    ARI cases: 3,464
2026-01-10 18:47:23,941 - INFO -    Data types: ARI
2026-01-10 18:47:23,941 - INFO - Running extraction: /home/david/miniconda3/bin/python enhanced_extract_country_data.py --country Burkina Faso --input data/who_flu_data.csv --output_dir data/extracted_data
2026-01-10 18:47:25,265 - INFO - ✅ Extraction successful for Burkina Faso
2026-01-10 18:47:25,266 - INFO - 🌦️  Attempting chronos inference with weather for Burkina Faso...
2026-01-10 18:47:30,161 - INFO - ✅ Inference successful for Burkina Faso with weather
2026-01-10 18:47:30,161 - INFO - 
🚀 Processing Cambodia
2026-01-10 18:47:30,161 - INFO -    ILI cases: 171,958
2026-01-10 18:47:30,161 - INFO -    ARI cases: 0
2026-01-10 18:47:30,161 - INFO -    Data types: ILI
2026-01-10 18:47:30,161 - INFO - Running extraction: /home/david/miniconda3/bin/python enhanced_extract_country_data.py --country Cambodia --input data/who_flu_data.csv --output_dir data/extracted_data
2026-01-10 18:47:31,450 - INFO - ✅ Extraction successful for Cambodia
2026-01-10 18:47:31,450 - INFO - 🌦️  Attempting chronos inference with weather for Cambodia...
2026-01-10 18:47:36,581 - INFO - ✅ Inference successful for Cambodia with weather
2026-01-10 18:47:36,581 - INFO - 
📈 PROGRESS UPDATE
2026-01-10 18:47:36,582 - INFO -    Countries processed: 30/186
2026-01-10 18:47:36,582 - INFO -    Successful extractions: 29
2026-01-10 18:47:36,582 - INFO -    Failed extractions: 0
2026-01-10 18:47:36,582 - INFO -    Successful inferences: 29
2026-01-10 18:47:36,582 - INFO -    Failed inferences: 0
2026-01-10 18:47:36,582 - INFO -    Skipped countries: 1
2026-01-10 18:47:36,582 - INFO -    Average processing time: 3.2s per country
2026-01-10 18:47:36,582 - INFO - 
🚀 Processing Cameroon
2026-01-10 18:47:36,582 - INFO -    ILI cases: 36,779
2026-01-10 18:47:36,582 - INFO -    ARI cases: 36,188
2026-01-10 18:47:36,582 - INFO -    Data types: ARI, ILI
2026-01-10 18:47:36,582 - INFO - Running extraction: /home/david/miniconda3/bin/python enhanced_extract_country_data.py --country Cameroon --input data/who_flu_data.csv --output_dir data/extracted_data
2026-01-10 18:47:37,900 - INFO - ✅ Extraction successful for Cameroon
2026-01-10 18:47:37,900 - INFO - 🌦️  Attempting chronos inference with weather for Cameroon...
2026-01-10 18:47:43,100 - INFO - ✅ Inference successful for Cameroon with weather
2026-01-10 18:47:43,100 - INFO - 
🚀 Processing Canada
2026-01-10 18:47:43,100 - INFO -    ILI cases: 17,317
2026-01-10 18:47:43,101 - INFO -    ARI cases: 0
2026-01-10 18:47:43,101 - INFO -    Data types: ILI
2026-01-10 18:47:43,101 - INFO - Running extraction: /home/david/miniconda3/bin/python enhanced_extract_country_data.py --country Canada --input data/who_flu_data.csv --output_dir data/extracted_data
2026-01-10 18:47:44,386 - INFO - ✅ Extraction successful for Canada
2026-01-10 18:47:44,387 - INFO - 🌦️  Attempting chronos inference with weather for Canada...
2026-01-10 18:47:49,989 - INFO - ✅ Inference successful for Canada with weather
2026-01-10 18:47:49,989 - INFO - 
🚀 Processing Cayman Islands
2026-01-10 18:47:49,990 - INFO -    ILI cases: 4,742
2026-01-10 18:47:49,990 - INFO -    ARI cases: 6,364
2026-01-10 18:47:49,990 - INFO -    Data types: ARI, ILI
2026-01-10 18:47:49,990 - INFO - Running extraction: /home/david/miniconda3/bin/python enhanced_extract_country_data.py --country Cayman Islands --input data/who_flu_data.csv --output_dir data/extracted_data
2026-01-10 18:47:51,307 - INFO - ✅ Extraction successful for Cayman Islands
2026-01-10 18:47:51,308 - INFO - 🌦️  Attempting chronos inference with weather for Cayman Islands...
2026-01-10 18:47:56,426 - INFO - ✅ Inference successful for Cayman Islands with weather
2026-01-10 18:47:56,426 - INFO - 
🚀 Processing Central African Republic
2026-01-10 18:47:56,426 - INFO -    ILI cases: 14,099
2026-01-10 18:47:56,426 - INFO -    ARI cases: 1,512
2026-01-10 18:47:56,426 - INFO -    Data types: ARI, ILI
2026-01-10 18:47:56,426 - INFO - Running extraction: /home/david/miniconda3/bin/python enhanced_extract_country_data.py --country Central African Republic --input data/who_flu_data.csv --output_dir data/extracted_data
2026-01-10 18:47:57,754 - INFO - ✅ Extraction successful for Central African Republic
2026-01-10 18:47:57,755 - INFO - 🌦️  Attempting chronos inference with weather for Central African Republic...
2026-01-10 18:48:02,746 - INFO - ✅ Inference successful for Central African Republic with weather
2026-01-10 18:48:02,746 - INFO - 
🚀 Processing Chile
2026-01-10 18:48:02,746 - INFO -    ILI cases: 159,225
2026-01-10 18:48:02,746 - INFO -    ARI cases: 0
2026-01-10 18:48:02,746 - INFO -    Data types: ILI
2026-01-10 18:48:02,746 - INFO - Running extraction: /home/david/miniconda3/bin/python enhanced_extract_country_data.py --country Chile --input data/who_flu_data.csv --output_dir data/extracted_data
2026-01-10 18:48:04,045 - INFO - ✅ Extraction successful for Chile
2026-01-10 18:48:04,045 - INFO - 🌦️  Attempting chronos inference with weather for Chile...
2026-01-10 18:48:09,210 - INFO - ✅ Inference successful for Chile with weather
2026-01-10 18:48:09,211 - INFO - 
📈 PROGRESS UPDATE
2026-01-10 18:48:09,211 - INFO -    Countries processed: 35/186
2026-01-10 18:48:09,211 - INFO -    Successful extractions: 34
2026-01-10 18:48:09,211 - INFO -    Failed extractions: 0
2026-01-10 18:48:09,211 - INFO -    Successful inferences: 34
2026-01-10 18:48:09,211 - INFO -    Failed inferences: 0
2026-01-10 18:48:09,211 - INFO -    Skipped countries: 1
2026-01-10 18:48:09,211 - INFO -    Average processing time: 3.2s per country
2026-01-10 18:48:09,211 - INFO - 
🚀 Processing China, Hong Kong SAR
2026-01-10 18:48:09,211 - INFO -    ILI cases: 18,177
2026-01-10 18:48:09,211 - INFO -    ARI cases: 0
2026-01-10 18:48:09,211 - INFO -    Data types: ILI
2026-01-10 18:48:09,211 - INFO - Running extraction: /home/david/miniconda3/bin/python enhanced_extract_country_data.py --country China, Hong Kong SAR --input data/who_flu_data.csv --output_dir data/extracted_data
2026-01-10 18:48:10,507 - INFO - ✅ Extraction successful for China, Hong Kong SAR
2026-01-10 18:48:10,508 - INFO - 🌦️  Attempting chronos inference with weather for China, Hong Kong SAR...
2026-01-10 18:48:14,369 - WARNING - ⚠️  Weather failed for China, Hong Kong SAR, trying without weather...
2026-01-10 18:48:19,135 - INFO - ✅ Inference successful for China, Hong Kong SAR without weather
2026-01-10 18:48:19,135 - INFO - 
🚀 Processing Colombia
2026-01-10 18:48:19,135 - INFO -    ILI cases: 194,969
2026-01-10 18:48:19,135 - INFO -    ARI cases: 177,611,322
2026-01-10 18:48:19,135 - INFO -    Data types: ARI, ILI
2026-01-10 18:48:19,135 - INFO - Running extraction: /home/david/miniconda3/bin/python enhanced_extract_country_data.py --country Colombia --input data/who_flu_data.csv --output_dir data/extracted_data
2026-01-10 18:48:20,447 - INFO - ✅ Extraction successful for Colombia
2026-01-10 18:48:20,447 - INFO - 🌦️  Attempting chronos inference with weather for Colombia...
2026-01-10 18:48:25,682 - INFO - ✅ Inference successful for Colombia with weather
2026-01-10 18:48:25,682 - INFO - 
🚀 Processing Cook Islands
2026-01-10 18:48:25,682 - INFO -    ILI cases: 3,586
2026-01-10 18:48:25,682 - INFO -    ARI cases: 0
2026-01-10 18:48:25,682 - INFO -    Data types: ILI
2026-01-10 18:48:25,682 - INFO - Running extraction: /home/david/miniconda3/bin/python enhanced_extract_country_data.py --country Cook Islands --input data/who_flu_data.csv --output_dir data/extracted_data
2026-01-10 18:48:26,985 - INFO - ✅ Extraction successful for Cook Islands
2026-01-10 18:48:26,985 - INFO - 🌦️  Attempting chronos inference with weather for Cook Islands...
2026-01-10 18:48:32,275 - INFO - ✅ Inference successful for Cook Islands with weather
2026-01-10 18:48:32,275 - INFO - 
🚀 Processing Costa Rica
2026-01-10 18:48:32,275 - INFO -    ILI cases: 340,575
2026-01-10 18:48:32,275 - INFO -    ARI cases: 0
2026-01-10 18:48:32,275 - INFO -    Data types: ILI
2026-01-10 18:48:32,275 - INFO - Running extraction: /home/david/miniconda3/bin/python enhanced_extract_country_data.py --country Costa Rica --input data/who_flu_data.csv --output_dir data/extracted_data
2026-01-10 18:48:33,612 - INFO - ✅ Extraction successful for Costa Rica
2026-01-10 18:48:33,612 - INFO - 🌦️  Attempting chronos inference with weather for Costa Rica...
2026-01-10 18:48:38,853 - INFO - ✅ Inference successful for Costa Rica with weather
2026-01-10 18:48:38,854 - INFO - 
🚀 Processing Croatia
2026-01-10 18:48:38,854 - INFO -    ILI cases: 1,182,789
2026-01-10 18:48:38,854 - INFO -    ARI cases: 0
2026-01-10 18:48:38,854 - INFO -    Data types: ARI, ILI
2026-01-10 18:48:38,854 - INFO - Running extraction: /home/david/miniconda3/bin/python enhanced_extract_country_data.py --country Croatia --input data/who_flu_data.csv --output_dir data/extracted_data
2026-01-10 18:48:40,127 - INFO - ✅ Extraction successful for Croatia
2026-01-10 18:48:40,127 - INFO - 🌦️  Attempting chronos inference with weather for Croatia...
2026-01-10 18:48:45,438 - INFO - ✅ Inference successful for Croatia with weather
2026-01-10 18:48:45,438 - INFO - 
📈 PROGRESS UPDATE
2026-01-10 18:48:45,439 - INFO -    Countries processed: 40/186
2026-01-10 18:48:45,439 - INFO -    Successful extractions: 39
2026-01-10 18:48:45,439 - INFO -    Failed extractions: 0
2026-01-10 18:48:45,439 - INFO -    Successful inferences: 39
2026-01-10 18:48:45,439 - INFO -    Failed inferences: 0
2026-01-10 18:48:45,439 - INFO -    Skipped countries: 1
2026-01-10 18:48:45,439 - INFO -    Average processing time: 3.2s per country
2026-01-10 18:48:45,439 - INFO - 
🚀 Processing Cuba
2026-01-10 18:48:45,439 - INFO -    ILI cases: 5,960
2026-01-10 18:48:45,439 - INFO -    ARI cases: 0
2026-01-10 18:48:45,439 - INFO -    Data types: ILI
2026-01-10 18:48:45,439 - INFO - Running extraction: /home/david/miniconda3/bin/python enhanced_extract_country_data.py --country Cuba --input data/who_flu_data.csv --output_dir data/extracted_data
2026-01-10 18:48:46,743 - INFO - ✅ Extraction successful for Cuba
2026-01-10 18:48:46,744 - INFO - 🌦️  Attempting chronos inference with weather for Cuba...
2026-01-10 18:48:51,969 - INFO - ✅ Inference successful for Cuba with weather
2026-01-10 18:48:51,970 - INFO - 
🚀 Processing Curaçao
2026-01-10 18:48:51,970 - INFO -    ILI cases: 1,252
2026-01-10 18:48:51,970 - INFO -    ARI cases: 0
2026-01-10 18:48:51,970 - INFO -    Data types: ILI
2026-01-10 18:48:51,970 - INFO - Running extraction: /home/david/miniconda3/bin/python enhanced_extract_country_data.py --country Curaçao --input data/who_flu_data.csv --output_dir data/extracted_data
2026-01-10 18:48:53,271 - INFO - ✅ Extraction successful for Curaçao
2026-01-10 18:48:53,271 - INFO - 🌦️  Attempting chronos inference with weather for Curaçao...
2026-01-10 18:48:58,178 - INFO - ✅ Inference successful for Curaçao with weather
2026-01-10 18:48:58,178 - INFO - 
🚀 Processing Cyprus
2026-01-10 18:48:58,178 - INFO -    ILI cases: 13,430
2026-01-10 18:48:58,179 - INFO -    ARI cases: 168,146
2026-01-10 18:48:58,179 - INFO -    Data types: ARI, ILI
2026-01-10 18:48:58,179 - INFO - Running extraction: /home/david/miniconda3/bin/python enhanced_extract_country_data.py --country Cyprus --input data/who_flu_data.csv --output_dir data/extracted_data
2026-01-10 18:48:59,480 - INFO - ✅ Extraction successful for Cyprus
2026-01-10 18:48:59,481 - INFO - 🌦️  Attempting chronos inference with weather for Cyprus...
2026-01-10 18:49:04,761 - INFO - ✅ Inference successful for Cyprus with weather
2026-01-10 18:49:04,762 - INFO - 
🚀 Processing Czechia
2026-01-10 18:49:04,762 - INFO -    ILI cases: 2,639,044
2026-01-10 18:49:04,762 - INFO -    ARI cases: 60,161,920
2026-01-10 18:49:04,762 - INFO -    Data types: ARI, ILI
2026-01-10 18:49:04,762 - INFO - Running extraction: /home/david/miniconda3/bin/python enhanced_extract_country_data.py --country Czechia --input data/who_flu_data.csv --output_dir data/extracted_data
2026-01-10 18:49:06,054 - INFO - ✅ Extraction successful for Czechia
2026-01-10 18:49:06,054 - INFO - 🌦️  Attempting chronos inference with weather for Czechia...
2026-01-10 18:49:11,347 - INFO - ✅ Inference successful for Czechia with weather
2026-01-10 18:49:11,347 - INFO - 
🚀 Processing Côte d’Ivoire
2026-01-10 18:49:11,347 - INFO -    ILI cases: 225,944
2026-01-10 18:49:11,347 - INFO -    ARI cases: 0
2026-01-10 18:49:11,347 - INFO -    Data types: ILI
2026-01-10 18:49:11,347 - INFO - Running extraction: /home/david/miniconda3/bin/python enhanced_extract_country_data.py --country Côte d’Ivoire --input data/who_flu_data.csv --output_dir data/extracted_data
2026-01-10 18:49:12,644 - INFO - ✅ Extraction successful for Côte d’Ivoire
2026-01-10 18:49:12,644 - INFO - 🌦️  Attempting chronos inference with weather for Côte d’Ivoire...
2026-01-10 18:49:16,494 - WARNING - ⚠️  Weather failed for Côte d’Ivoire, trying without weather...
2026-01-10 18:49:21,396 - INFO - ✅ Inference successful for Côte d’Ivoire without weather
2026-01-10 18:49:21,396 - INFO - 
📈 PROGRESS UPDATE
2026-01-10 18:49:21,396 - INFO -    Countries processed: 45/186
2026-01-10 18:49:21,396 - INFO -    Successful extractions: 44
2026-01-10 18:49:21,396 - INFO -    Failed extractions: 0
2026-01-10 18:49:21,396 - INFO -    Successful inferences: 44
2026-01-10 18:49:21,396 - INFO -    Failed inferences: 0
2026-01-10 18:49:21,396 - INFO -    Skipped countries: 1
2026-01-10 18:49:21,396 - INFO -    Average processing time: 3.2s per country
2026-01-10 18:49:21,396 - INFO - 
🚀 Processing Democratic People's Republic of Korea
2026-01-10 18:49:21,396 - INFO -    ILI cases: 80,443
2026-01-10 18:49:21,396 - INFO -    ARI cases: 0
2026-01-10 18:49:21,396 - INFO -    Data types: ILI
2026-01-10 18:49:21,396 - INFO - Running extraction: /home/david/miniconda3/bin/python enhanced_extract_country_data.py --country Democratic People's Republic of Korea --input data/who_flu_data.csv --output_dir data/extracted_data
2026-01-10 18:49:22,709 - INFO - ✅ Extraction successful for Democratic People's Republic of Korea
2026-01-10 18:49:22,709 - INFO - 🌦️  Attempting chronos inference with weather for Democratic People's Republic of Korea...
2026-01-10 18:49:27,675 - INFO - ✅ Inference successful for Democratic People's Republic of Korea with weather
2026-01-10 18:49:27,675 - INFO - 
🚀 Processing Democratic Republic of the Congo
2026-01-10 18:49:27,675 - INFO -    ILI cases: 10,848
2026-01-10 18:49:27,675 - INFO -    ARI cases: 0
2026-01-10 18:49:27,675 - INFO -    Data types: ILI
2026-01-10 18:49:27,675 - INFO - Running extraction: /home/david/miniconda3/bin/python enhanced_extract_country_data.py --country Democratic Republic of the Congo --input data/who_flu_data.csv --output_dir data/extracted_data
2026-01-10 18:49:28,971 - INFO - ✅ Extraction successful for Democratic Republic of the Congo
2026-01-10 18:49:28,971 - INFO - 🌦️  Attempting chronos inference with weather for Democratic Republic of the Congo...
2026-01-10 18:49:32,831 - WARNING - ⚠️  Weather failed for Democratic Republic of the Congo, trying without weather...
2026-01-10 18:49:37,585 - INFO - ✅ Inference successful for Democratic Republic of the Congo without weather
2026-01-10 18:49:37,585 - INFO - 
🚀 Processing Denmark
2026-01-10 18:49:37,585 - INFO -    ILI cases: 233,079
2026-01-10 18:49:37,585 - INFO -    ARI cases: 0
2026-01-10 18:49:37,585 - INFO -    Data types: ARI, ILI
2026-01-10 18:49:37,585 - INFO - Running extraction: /home/david/miniconda3/bin/python enhanced_extract_country_data.py --country Denmark --input data/who_flu_data.csv --output_dir data/extracted_data
2026-01-10 18:49:38,884 - INFO - ✅ Extraction successful for Denmark
2026-01-10 18:49:38,885 - INFO - 🌦️  Attempting chronos inference with weather for Denmark...
2026-01-10 18:49:44,132 - INFO - ✅ Inference successful for Denmark with weather
2026-01-10 18:49:44,133 - INFO - 
🚀 Processing Dominica
2026-01-10 18:49:44,133 - INFO -    ILI cases: 1,550
2026-01-10 18:49:44,133 - INFO -    ARI cases: 129
2026-01-10 18:49:44,133 - INFO -    Data types: ARI, ILI
2026-01-10 18:49:44,133 - INFO - Running extraction: /home/david/miniconda3/bin/python enhanced_extract_country_data.py --country Dominica --input data/who_flu_data.csv --output_dir data/extracted_data
2026-01-10 18:49:45,438 - INFO - ✅ Extraction successful for Dominica
2026-01-10 18:49:45,438 - INFO - 🌦️  Attempting chronos inference with weather for Dominica...
2026-01-10 18:49:50,690 - INFO - ✅ Inference successful for Dominica with weather
2026-01-10 18:49:50,691 - INFO - 
🚀 Processing Dominican Republic
2026-01-10 18:49:50,691 - INFO -    ILI cases: 2,748
2026-01-10 18:49:50,691 - INFO -    ARI cases: 12,832,922
2026-01-10 18:49:50,691 - INFO -    Data types: ARI, ILI
2026-01-10 18:49:50,691 - INFO - Running extraction: /home/david/miniconda3/bin/python enhanced_extract_country_data.py --country Dominican Republic --input data/who_flu_data.csv --output_dir data/extracted_data
2026-01-10 18:49:51,976 - INFO - ✅ Extraction successful for Dominican Republic
2026-01-10 18:49:51,976 - INFO - 🌦️  Attempting chronos inference with weather for Dominican Republic...
2026-01-10 18:49:57,049 - INFO - ✅ Inference successful for Dominican Republic with weather
2026-01-10 18:49:57,049 - INFO - 
📈 PROGRESS UPDATE
2026-01-10 18:49:57,049 - INFO -    Countries processed: 50/186
2026-01-10 18:49:57,049 - INFO -    Successful extractions: 49
2026-01-10 18:49:57,049 - INFO -    Failed extractions: 0
2026-01-10 18:49:57,049 - INFO -    Successful inferences: 49
2026-01-10 18:49:57,049 - INFO -    Failed inferences: 0
2026-01-10 18:49:57,049 - INFO -    Skipped countries: 1
2026-01-10 18:49:57,049 - INFO -    Average processing time: 3.2s per country
2026-01-10 18:49:57,049 - INFO - 🔮 Skipping Ecuador - no ILI or ARI data available
2026-01-10 18:49:57,049 - INFO - 
🚀 Processing Egypt
2026-01-10 18:49:57,049 - INFO -    ILI cases: 3,908
2026-01-10 18:49:57,050 - INFO -    ARI cases: 0
2026-01-10 18:49:57,050 - INFO -    Data types: ILI
2026-01-10 18:49:57,050 - INFO - Running extraction: /home/david/miniconda3/bin/python enhanced_extract_country_data.py --country Egypt --input data/who_flu_data.csv --output_dir data/extracted_data
2026-01-10 18:49:58,358 - INFO - ✅ Extraction successful for Egypt
2026-01-10 18:49:58,358 - INFO - 🌦️  Attempting chronos inference with weather for Egypt...
2026-01-10 18:50:03,431 - INFO - ✅ Inference successful for Egypt with weather
2026-01-10 18:50:03,432 - INFO - 
🚀 Processing El Salvador
2026-01-10 18:50:03,432 - INFO -    ILI cases: 984
2026-01-10 18:50:03,432 - INFO -    ARI cases: 25,297
2026-01-10 18:50:03,432 - INFO -    Data types: ARI, ILI
2026-01-10 18:50:03,432 - INFO - Running extraction: /home/david/miniconda3/bin/python enhanced_extract_country_data.py --country El Salvador --input data/who_flu_data.csv --output_dir data/extracted_data
2026-01-10 18:50:04,747 - INFO - ✅ Extraction successful for El Salvador
2026-01-10 18:50:04,747 - INFO - 🌦️  Attempting chronos inference with weather for El Salvador...
2026-01-10 18:50:09,954 - INFO - ✅ Inference successful for El Salvador with weather
2026-01-10 18:50:09,954 - INFO - 
🚀 Processing Estonia
2026-01-10 18:50:09,954 - INFO -    ILI cases: 235,592
2026-01-10 18:50:09,954 - INFO -    ARI cases: 3,138,833
2026-01-10 18:50:09,954 - INFO -    Data types: ARI, ILI
2026-01-10 18:50:09,955 - INFO - Running extraction: /home/david/miniconda3/bin/python enhanced_extract_country_data.py --country Estonia --input data/who_flu_data.csv --output_dir data/extracted_data
2026-01-10 18:50:11,253 - INFO - ✅ Extraction successful for Estonia
2026-01-10 18:50:11,253 - INFO - 🌦️  Attempting chronos inference with weather for Estonia...
2026-01-10 18:50:16,682 - INFO - ✅ Inference successful for Estonia with weather
2026-01-10 18:50:16,682 - INFO - 
🚀 Processing Ethiopia
2026-01-10 18:50:16,682 - INFO -    ILI cases: 240,887
2026-01-10 18:50:16,682 - INFO -    ARI cases: 0
2026-01-10 18:50:16,683 - INFO -    Data types: ILI
2026-01-10 18:50:16,683 - INFO - Running extraction: /home/david/miniconda3/bin/python enhanced_extract_country_data.py --country Ethiopia --input data/who_flu_data.csv --output_dir data/extracted_data
2026-01-10 18:50:17,984 - INFO - ✅ Extraction successful for Ethiopia
2026-01-10 18:50:17,985 - INFO - 🌦️  Attempting chronos inference with weather for Ethiopia...
2026-01-10 18:50:23,192 - INFO - ✅ Inference successful for Ethiopia with weather
2026-01-10 18:50:23,193 - INFO - 
📈 PROGRESS UPDATE
2026-01-10 18:50:23,193 - INFO -    Countries processed: 55/186
2026-01-10 18:50:23,193 - INFO -    Successful extractions: 53
2026-01-10 18:50:23,193 - INFO -    Failed extractions: 0
2026-01-10 18:50:23,193 - INFO -    Successful inferences: 53
2026-01-10 18:50:23,193 - INFO -    Failed inferences: 0
2026-01-10 18:50:23,193 - INFO -    Skipped countries: 2
2026-01-10 18:50:23,193 - INFO -    Average processing time: 3.2s per country
2026-01-10 18:50:23,193 - INFO - 
🚀 Processing Fiji
2026-01-10 18:50:23,193 - INFO -    ILI cases: 150,216
2026-01-10 18:50:23,193 - INFO -    ARI cases: 26,450
2026-01-10 18:50:23,193 - INFO -    Data types: ARI, ILI
2026-01-10 18:50:23,193 - INFO - Running extraction: /home/david/miniconda3/bin/python enhanced_extract_country_data.py --country Fiji --input data/who_flu_data.csv --output_dir data/extracted_data
2026-01-10 18:50:24,495 - INFO - ✅ Extraction successful for Fiji
2026-01-10 18:50:24,495 - INFO - 🌦️  Attempting chronos inference with weather for Fiji...
2026-01-10 18:50:29,629 - INFO - ✅ Inference successful for Fiji with weather
2026-01-10 18:50:29,630 - INFO - 
🚀 Processing Finland
2026-01-10 18:50:29,630 - INFO -    ILI cases: 217,566
2026-01-10 18:50:29,630 - INFO -    ARI cases: 27,416,271
2026-01-10 18:50:29,630 - INFO -    Data types: ARI, ILI
2026-01-10 18:50:29,630 - INFO - Running extraction: /home/david/miniconda3/bin/python enhanced_extract_country_data.py --country Finland --input data/who_flu_data.csv --output_dir data/extracted_data
2026-01-10 18:50:30,925 - INFO - ✅ Extraction successful for Finland
2026-01-10 18:50:30,925 - INFO - 🌦️  Attempting chronos inference with weather for Finland...
2026-01-10 18:50:36,262 - INFO - ✅ Inference successful for Finland with weather
2026-01-10 18:50:36,262 - INFO - 
🚀 Processing France
2026-01-10 18:50:36,262 - INFO -    ILI cases: 57,613,926
2026-01-10 18:50:36,262 - INFO -    ARI cases: 52,818,682
2026-01-10 18:50:36,262 - INFO -    Data types: ARI, ILI
2026-01-10 18:50:36,262 - INFO - Running extraction: /home/david/miniconda3/bin/python enhanced_extract_country_data.py --country France --input data/who_flu_data.csv --output_dir data/extracted_data
2026-01-10 18:50:37,607 - INFO - ✅ Extraction successful for France
2026-01-10 18:50:37,607 - INFO - 🌦️  Attempting chronos inference with weather for France...
2026-01-10 18:50:42,874 - INFO - ✅ Inference successful for France with weather
2026-01-10 18:50:42,874 - INFO - 
🚀 Processing French Polynesia
2026-01-10 18:50:42,874 - INFO -    ILI cases: 73,156
2026-01-10 18:50:42,874 - INFO -    ARI cases: 0
2026-01-10 18:50:42,874 - INFO -    Data types: ILI
2026-01-10 18:50:42,874 - INFO - Running extraction: /home/david/miniconda3/bin/python enhanced_extract_country_data.py --country French Polynesia --input data/who_flu_data.csv --output_dir data/extracted_data
2026-01-10 18:50:44,173 - INFO - ✅ Extraction successful for French Polynesia
2026-01-10 18:50:44,173 - INFO - 🌦️  Attempting chronos inference with weather for French Polynesia...
2026-01-10 18:50:49,412 - INFO - ✅ Inference successful for French Polynesia with weather
2026-01-10 18:50:49,413 - INFO - 
🚀 Processing Gabon
2026-01-10 18:50:49,413 - INFO -    ILI cases: 1,620
2026-01-10 18:50:49,413 - INFO -    ARI cases: 0
2026-01-10 18:50:49,413 - INFO -    Data types: ILI
2026-01-10 18:50:49,413 - INFO - Running extraction: /home/david/miniconda3/bin/python enhanced_extract_country_data.py --country Gabon --input data/who_flu_data.csv --output_dir data/extracted_data
2026-01-10 18:50:50,728 - INFO - ✅ Extraction successful for Gabon
2026-01-10 18:50:50,728 - INFO - 🌦️  Attempting chronos inference with weather for Gabon...
2026-01-10 18:50:55,623 - INFO - ✅ Inference successful for Gabon with weather
2026-01-10 18:50:55,624 - INFO - 
📈 PROGRESS UPDATE
2026-01-10 18:50:55,624 - INFO -    Countries processed: 60/186
2026-01-10 18:50:55,624 - INFO -    Successful extractions: 58
2026-01-10 18:50:55,624 - INFO -    Failed extractions: 0
2026-01-10 18:50:55,624 - INFO -    Successful inferences: 58
2026-01-10 18:50:55,624 - INFO -    Failed inferences: 0
2026-01-10 18:50:55,624 - INFO -    Skipped countries: 2
2026-01-10 18:50:55,624 - INFO -    Average processing time: 3.2s per country
2026-01-10 18:50:55,624 - INFO - 
🚀 Processing Georgia
2026-01-10 18:50:55,624 - INFO -    ILI cases: 235,154
2026-01-10 18:50:55,624 - INFO -    ARI cases: 377,720
2026-01-10 18:50:55,624 - INFO -    Data types: ARI, ILI
2026-01-10 18:50:55,624 - INFO - Running extraction: /home/david/miniconda3/bin/python enhanced_extract_country_data.py --country Georgia --input data/who_flu_data.csv --output_dir data/extracted_data
2026-01-10 18:50:56,921 - INFO - ✅ Extraction successful for Georgia
2026-01-10 18:50:56,922 - INFO - 🌦️  Attempting chronos inference with weather for Georgia...
2026-01-10 18:51:02,380 - INFO - ✅ Inference successful for Georgia with weather
2026-01-10 18:51:02,381 - INFO - 
🚀 Processing Germany
2026-01-10 18:51:02,381 - INFO -    ILI cases: 0
2026-01-10 18:51:02,381 - INFO -    ARI cases: 19,318,638
2026-01-10 18:51:02,381 - INFO -    Data types: ARI, ILI
2026-01-10 18:51:02,381 - INFO - Running extraction: /home/david/miniconda3/bin/python enhanced_extract_country_data.py --country Germany --input data/who_flu_data.csv --output_dir data/extracted_data
2026-01-10 18:51:03,701 - INFO - ✅ Extraction successful for Germany
2026-01-10 18:51:03,702 - INFO - 🌦️  Attempting chronos inference with weather for Germany...
2026-01-10 18:51:08,986 - INFO - ✅ Inference successful for Germany with weather
2026-01-10 18:51:08,986 - INFO - 
🚀 Processing Ghana
2026-01-10 18:51:08,986 - INFO -    ILI cases: 104,346
2026-01-10 18:51:08,986 - INFO -    ARI cases: 0
2026-01-10 18:51:08,986 - INFO -    Data types: ILI
2026-01-10 18:51:08,986 - INFO - Running extraction: /home/david/miniconda3/bin/python enhanced_extract_country_data.py --country Ghana --input data/who_flu_data.csv --output_dir data/extracted_data
2026-01-10 18:51:10,309 - INFO - ✅ Extraction successful for Ghana
2026-01-10 18:51:10,309 - INFO - 🌦️  Attempting chronos inference with weather for Ghana...
2026-01-10 18:51:15,278 - INFO - ✅ Inference successful for Ghana with weather
2026-01-10 18:51:15,279 - INFO - 
🚀 Processing Greece
2026-01-10 18:51:15,279 - INFO -    ILI cases: 820,585
2026-01-10 18:51:15,279 - INFO -    ARI cases: 0
2026-01-10 18:51:15,279 - INFO -    Data types: ARI, ILI
2026-01-10 18:51:15,279 - INFO - Running extraction: /home/david/miniconda3/bin/python enhanced_extract_country_data.py --country Greece --input data/who_flu_data.csv --output_dir data/extracted_data
2026-01-10 18:51:16,591 - INFO - ✅ Extraction successful for Greece
2026-01-10 18:51:16,591 - INFO - 🌦️  Attempting chronos inference with weather for Greece...
2026-01-10 18:51:21,891 - INFO - ✅ Inference successful for Greece with weather
2026-01-10 18:51:21,891 - INFO - 
🚀 Processing Grenada
2026-01-10 18:51:21,891 - INFO -    ILI cases: 10,704
2026-01-10 18:51:21,891 - INFO -    ARI cases: 0
2026-01-10 18:51:21,891 - INFO -    Data types: ILI
2026-01-10 18:51:21,891 - INFO - Running extraction: /home/david/miniconda3/bin/python enhanced_extract_country_data.py --country Grenada --input data/who_flu_data.csv --output_dir data/extracted_data
2026-01-10 18:51:23,210 - INFO - ✅ Extraction successful for Grenada
2026-01-10 18:51:23,210 - INFO - 🌦️  Attempting chronos inference with weather for Grenada...
2026-01-10 18:51:28,093 - INFO - ✅ Inference successful for Grenada with weather
2026-01-10 18:51:28,093 - INFO - 
📈 PROGRESS UPDATE
2026-01-10 18:51:28,093 - INFO -    Countries processed: 65/186
2026-01-10 18:51:28,093 - INFO -    Successful extractions: 63
2026-01-10 18:51:28,093 - INFO -    Failed extractions: 0
2026-01-10 18:51:28,093 - INFO -    Successful inferences: 63
2026-01-10 18:51:28,093 - INFO -    Failed inferences: 0
2026-01-10 18:51:28,093 - INFO -    Skipped countries: 2
2026-01-10 18:51:28,093 - INFO -    Average processing time: 3.2s per country
2026-01-10 18:51:28,093 - INFO - 
🚀 Processing Guam
2026-01-10 18:51:28,093 - INFO -    ILI cases: 5,902
2026-01-10 18:51:28,093 - INFO -    ARI cases: 0
2026-01-10 18:51:28,093 - INFO -    Data types: ILI
2026-01-10 18:51:28,093 - INFO - Running extraction: /home/david/miniconda3/bin/python enhanced_extract_country_data.py --country Guam --input data/who_flu_data.csv --output_dir data/extracted_data
2026-01-10 18:51:29,409 - INFO - ✅ Extraction successful for Guam
2026-01-10 18:51:29,409 - INFO - 🌦️  Attempting chronos inference with weather for Guam...
2026-01-10 18:51:34,685 - INFO - ✅ Inference successful for Guam with weather
2026-01-10 18:51:34,686 - INFO - 
🚀 Processing Guatemala
2026-01-10 18:51:34,686 - INFO -    ILI cases: 62,360
2026-01-10 18:51:34,686 - INFO -    ARI cases: 34,360,534
2026-01-10 18:51:34,686 - INFO -    Data types: ARI, ILI
2026-01-10 18:51:34,686 - INFO - Running extraction: /home/david/miniconda3/bin/python enhanced_extract_country_data.py --country Guatemala --input data/who_flu_data.csv --output_dir data/extracted_data
2026-01-10 18:51:35,993 - INFO - ✅ Extraction successful for Guatemala
2026-01-10 18:51:35,993 - INFO - 🌦️  Attempting chronos inference with weather for Guatemala...
2026-01-10 18:51:41,092 - INFO - ✅ Inference successful for Guatemala with weather
2026-01-10 18:51:41,092 - INFO - 
🚀 Processing Guinea
2026-01-10 18:51:41,092 - INFO -    ILI cases: 65,082
2026-01-10 18:51:41,092 - INFO -    ARI cases: 0
2026-01-10 18:51:41,092 - INFO -    Data types: ILI
2026-01-10 18:51:41,092 - INFO - Running extraction: /home/david/miniconda3/bin/python enhanced_extract_country_data.py --country Guinea --input data/who_flu_data.csv --output_dir data/extracted_data
2026-01-10 18:51:42,415 - INFO - ✅ Extraction successful for Guinea
2026-01-10 18:51:42,415 - INFO - 🌦️  Attempting chronos inference with weather for Guinea...
2026-01-10 18:51:47,469 - INFO - ✅ Inference successful for Guinea with weather
2026-01-10 18:51:47,470 - INFO - 
🚀 Processing Guyana
2026-01-10 18:51:47,470 - INFO -    ILI cases: 52,849
2026-01-10 18:51:47,470 - INFO -    ARI cases: 3,505
2026-01-10 18:51:47,470 - INFO -    Data types: ARI, ILI
2026-01-10 18:51:47,470 - INFO - Running extraction: /home/david/miniconda3/bin/python enhanced_extract_country_data.py --country Guyana --input data/who_flu_data.csv --output_dir data/extracted_data
2026-01-10 18:51:48,769 - INFO - ✅ Extraction successful for Guyana
2026-01-10 18:51:48,769 - INFO - 🌦️  Attempting chronos inference with weather for Guyana...
2026-01-10 18:51:54,034 - INFO - ✅ Inference successful for Guyana with weather
2026-01-10 18:51:54,034 - INFO - 🔮 Skipping Haiti - no ILI or ARI data available
2026-01-10 18:51:54,034 - INFO - 
📈 PROGRESS UPDATE
2026-01-10 18:51:54,034 - INFO -    Countries processed: 70/186
2026-01-10 18:51:54,034 - INFO -    Successful extractions: 67
2026-01-10 18:51:54,034 - INFO -    Failed extractions: 0
2026-01-10 18:51:54,034 - INFO -    Successful inferences: 67
2026-01-10 18:51:54,034 - INFO -    Failed inferences: 0
2026-01-10 18:51:54,034 - INFO -    Skipped countries: 3
2026-01-10 18:51:54,034 - INFO -    Average processing time: 3.2s per country
2026-01-10 18:51:54,034 - INFO - 
🚀 Processing Honduras
2026-01-10 18:51:54,035 - INFO -    ILI cases: 382,656
2026-01-10 18:51:54,035 - INFO -    ARI cases: 0
2026-01-10 18:51:54,035 - INFO -    Data types: ILI
2026-01-10 18:51:54,035 - INFO - Running extraction: /home/david/miniconda3/bin/python enhanced_extract_country_data.py --country Honduras --input data/who_flu_data.csv --output_dir data/extracted_data
2026-01-10 18:51:55,329 - INFO - ✅ Extraction successful for Honduras
2026-01-10 18:51:55,329 - INFO - 🌦️  Attempting chronos inference with weather for Honduras...
2026-01-10 18:52:00,693 - INFO - ✅ Inference successful for Honduras with weather
2026-01-10 18:52:00,693 - INFO - 
🚀 Processing Hungary
2026-01-10 18:52:00,693 - INFO -    ILI cases: 3,728,299
2026-01-10 18:52:00,693 - INFO -    ARI cases: 9,196,798
2026-01-10 18:52:00,693 - INFO -    Data types: ARI, ILI
2026-01-10 18:52:00,693 - INFO - Running extraction: /home/david/miniconda3/bin/python enhanced_extract_country_data.py --country Hungary --input data/who_flu_data.csv --output_dir data/extracted_data
2026-01-10 18:52:02,011 - INFO - ✅ Extraction successful for Hungary
2026-01-10 18:52:02,011 - INFO - 🌦️  Attempting chronos inference with weather for Hungary...
2026-01-10 18:52:07,908 - INFO - ✅ Inference successful for Hungary with weather
2026-01-10 18:52:07,909 - INFO - 
🚀 Processing Iceland
2026-01-10 18:52:07,909 - INFO -    ILI cases: 67,603
2026-01-10 18:52:07,909 - INFO -    ARI cases: 666,686
2026-01-10 18:52:07,909 - INFO -    Data types: ARI, ILI
2026-01-10 18:52:07,909 - INFO - Running extraction: /home/david/miniconda3/bin/python enhanced_extract_country_data.py --country Iceland --input data/who_flu_data.csv --output_dir data/extracted_data
2026-01-10 18:52:09,218 - INFO - ✅ Extraction successful for Iceland
2026-01-10 18:52:09,218 - INFO - 🌦️  Attempting chronos inference with weather for Iceland...
2026-01-10 18:52:13,205 - WARNING - ⚠️  Weather failed for Iceland, trying without weather...
2026-01-10 18:52:18,065 - INFO - ✅ Inference successful for Iceland without weather
2026-01-10 18:52:18,065 - INFO - 
🚀 Processing Indonesia
2026-01-10 18:52:18,065 - INFO -    ILI cases: 58,165
2026-01-10 18:52:18,065 - INFO -    ARI cases: 0
2026-01-10 18:52:18,065 - INFO -    Data types: ILI
2026-01-10 18:52:18,065 - INFO - Running extraction: /home/david/miniconda3/bin/python enhanced_extract_country_data.py --country Indonesia --input data/who_flu_data.csv --output_dir data/extracted_data
2026-01-10 18:52:19,381 - INFO - ✅ Extraction successful for Indonesia
2026-01-10 18:52:19,381 - INFO - 🌦️  Attempting chronos inference with weather for Indonesia...
2026-01-10 18:52:24,570 - INFO - ✅ Inference successful for Indonesia with weather
2026-01-10 18:52:24,570 - INFO - 
🚀 Processing Iran (Islamic Republic of)
2026-01-10 18:52:24,571 - INFO -    ILI cases: 6,104
2026-01-10 18:52:24,571 - INFO -    ARI cases: 0
2026-01-10 18:52:24,571 - INFO -    Data types: ILI
2026-01-10 18:52:24,571 - INFO - Running extraction: /home/david/miniconda3/bin/python enhanced_extract_country_data.py --country Iran (Islamic Republic of) --input data/who_flu_data.csv --output_dir data/extracted_data
2026-01-10 18:52:25,879 - INFO - ✅ Extraction successful for Iran (Islamic Republic of)
2026-01-10 18:52:25,879 - INFO - 🌦️  Attempting chronos inference with weather for Iran (Islamic Republic of)...
2026-01-10 18:52:29,753 - WARNING - ⚠️  Weather failed for Iran (Islamic Republic of), trying without weather...
2026-01-10 18:52:34,547 - INFO - ✅ Inference successful for Iran (Islamic Republic of) without weather
2026-01-10 18:52:34,547 - INFO - 
📈 PROGRESS UPDATE
2026-01-10 18:52:34,547 - INFO -    Countries processed: 75/186
2026-01-10 18:52:34,547 - INFO -    Successful extractions: 72
2026-01-10 18:52:34,547 - INFO -    Failed extractions: 0
2026-01-10 18:52:34,547 - INFO -    Successful inferences: 72
2026-01-10 18:52:34,547 - INFO -    Failed inferences: 0
2026-01-10 18:52:34,547 - INFO -    Skipped countries: 3
2026-01-10 18:52:34,547 - INFO -    Average processing time: 3.2s per country
2026-01-10 18:52:34,547 - INFO - 
🚀 Processing Iraq
2026-01-10 18:52:34,548 - INFO -    ILI cases: 7,160
2026-01-10 18:52:34,548 - INFO -    ARI cases: 0
2026-01-10 18:52:34,548 - INFO -    Data types: ILI
2026-01-10 18:52:34,548 - INFO - Running extraction: /home/david/miniconda3/bin/python enhanced_extract_country_data.py --country Iraq --input data/who_flu_data.csv --output_dir data/extracted_data
2026-01-10 18:52:35,843 - INFO - ✅ Extraction successful for Iraq
2026-01-10 18:52:35,843 - INFO - 🌦️  Attempting chronos inference with weather for Iraq...
2026-01-10 18:52:40,826 - INFO - ✅ Inference successful for Iraq with weather
2026-01-10 18:52:40,826 - INFO - 
🚀 Processing Ireland
2026-01-10 18:52:40,826 - INFO -    ILI cases: 82,754
2026-01-10 18:52:40,826 - INFO -    ARI cases: 39,592
2026-01-10 18:52:40,826 - INFO -    Data types: ARI, ILI
2026-01-10 18:52:40,826 - INFO - Running extraction: /home/david/miniconda3/bin/python enhanced_extract_country_data.py --country Ireland --input data/who_flu_data.csv --output_dir data/extracted_data
2026-01-10 18:52:42,140 - INFO - ✅ Extraction successful for Ireland
2026-01-10 18:52:42,140 - INFO - 🌦️  Attempting chronos inference with weather for Ireland...
2026-01-10 18:52:47,475 - INFO - ✅ Inference successful for Ireland with weather
2026-01-10 18:52:47,475 - INFO - 
🚀 Processing Israel
2026-01-10 18:52:47,475 - INFO -    ILI cases: 884,816
2026-01-10 18:52:47,475 - INFO -    ARI cases: 0
2026-01-10 18:52:47,475 - INFO -    Data types: ARI, ILI
2026-01-10 18:52:47,475 - INFO - Running extraction: /home/david/miniconda3/bin/python enhanced_extract_country_data.py --country Israel --input data/who_flu_data.csv --output_dir data/extracted_data
2026-01-10 18:52:48,776 - INFO - ✅ Extraction successful for Israel
2026-01-10 18:52:48,776 - INFO - 🌦️  Attempting chronos inference with weather for Israel...
2026-01-10 18:52:54,055 - INFO - ✅ Inference successful for Israel with weather
2026-01-10 18:52:54,055 - INFO - 
🚀 Processing Italy
2026-01-10 18:52:54,055 - INFO -    ILI cases: 6,187,340
2026-01-10 18:52:54,055 - INFO -    ARI cases: 417,040
2026-01-10 18:52:54,055 - INFO -    Data types: ARI, ILI
2026-01-10 18:52:54,055 - INFO - Running extraction: /home/david/miniconda3/bin/python enhanced_extract_country_data.py --country Italy --input data/who_flu_data.csv --output_dir data/extracted_data
2026-01-10 18:52:55,345 - INFO - ✅ Extraction successful for Italy
2026-01-10 18:52:55,346 - INFO - 🌦️  Attempting chronos inference with weather for Italy...
2026-01-10 18:53:00,949 - INFO - ✅ Inference successful for Italy with weather
2026-01-10 18:53:00,949 - INFO - 
🚀 Processing Jamaica
2026-01-10 18:53:00,949 - INFO -    ILI cases: 0
2026-01-10 18:53:00,949 - INFO -    ARI cases: 1,373,120
2026-01-10 18:53:00,949 - INFO -    Data types: ARI
2026-01-10 18:53:00,949 - INFO - Running extraction: /home/david/miniconda3/bin/python enhanced_extract_country_data.py --country Jamaica --input data/who_flu_data.csv --output_dir data/extracted_data
2026-01-10 18:53:02,278 - INFO - ✅ Extraction successful for Jamaica
2026-01-10 18:53:02,278 - INFO - 🌦️  Attempting chronos inference with weather for Jamaica...
2026-01-10 18:53:06,236 - WARNING - ⚠️  Weather failed for Jamaica, trying without weather...
2026-01-10 18:53:11,037 - INFO - ✅ Inference successful for Jamaica without weather
2026-01-10 18:53:11,037 - INFO - 
📈 PROGRESS UPDATE
2026-01-10 18:53:11,037 - INFO -    Countries processed: 80/186
2026-01-10 18:53:11,037 - INFO -    Successful extractions: 77
2026-01-10 18:53:11,037 - INFO -    Failed extractions: 0
2026-01-10 18:53:11,037 - INFO -    Successful inferences: 77
2026-01-10 18:53:11,037 - INFO -    Failed inferences: 0
2026-01-10 18:53:11,037 - INFO -    Skipped countries: 3
2026-01-10 18:53:11,037 - INFO -    Average processing time: 3.2s per country
2026-01-10 18:53:11,038 - INFO - 
🚀 Processing Jordan
2026-01-10 18:53:11,038 - INFO -    ILI cases: 7,170
2026-01-10 18:53:11,038 - INFO -    ARI cases: 0
2026-01-10 18:53:11,038 - INFO -    Data types: ILI
2026-01-10 18:53:11,038 - INFO - Running extraction: /home/david/miniconda3/bin/python enhanced_extract_country_data.py --country Jordan --input data/who_flu_data.csv --output_dir data/extracted_data
2026-01-10 18:53:12,333 - INFO - ✅ Extraction successful for Jordan
2026-01-10 18:53:12,333 - INFO - 🌦️  Attempting chronos inference with weather for Jordan...
2026-01-10 18:53:16,284 - WARNING - ⚠️  Weather failed for Jordan, trying without weather...
2026-01-10 18:53:21,006 - INFO - ✅ Inference successful for Jordan without weather
2026-01-10 18:53:21,007 - INFO - 
🚀 Processing Kazakhstan
2026-01-10 18:53:21,007 - INFO -    ILI cases: 1,017,663
2026-01-10 18:53:21,007 - INFO -    ARI cases: 48,554,849
2026-01-10 18:53:21,007 - INFO -    Data types: ARI, ILI
2026-01-10 18:53:21,007 - INFO - Running extraction: /home/david/miniconda3/bin/python enhanced_extract_country_data.py --country Kazakhstan --input data/who_flu_data.csv --output_dir data/extracted_data
2026-01-10 18:53:22,309 - INFO - ✅ Extraction successful for Kazakhstan
2026-01-10 18:53:22,309 - INFO - 🌦️  Attempting chronos inference with weather for Kazakhstan...
2026-01-10 18:53:27,639 - INFO - ✅ Inference successful for Kazakhstan with weather
2026-01-10 18:53:27,639 - INFO - 
🚀 Processing Kenya
2026-01-10 18:53:27,639 - INFO -    ILI cases: 7,244
2026-01-10 18:53:27,639 - INFO -    ARI cases: 0
2026-01-10 18:53:27,639 - INFO -    Data types: ILI
2026-01-10 18:53:27,639 - INFO - Running extraction: /home/david/miniconda3/bin/python enhanced_extract_country_data.py --country Kenya --input data/who_flu_data.csv --output_dir data/extracted_data
2026-01-10 18:53:28,926 - INFO - ✅ Extraction successful for Kenya
2026-01-10 18:53:28,926 - INFO - 🌦️  Attempting chronos inference with weather for Kenya...
2026-01-10 18:53:34,168 - INFO - ✅ Inference successful for Kenya with weather
2026-01-10 18:53:34,168 - INFO - 
🚀 Processing Kiribati
2026-01-10 18:53:34,168 - INFO -    ILI cases: 205,651
2026-01-10 18:53:34,168 - INFO -    ARI cases: 0
2026-01-10 18:53:34,168 - INFO -    Data types: ILI
2026-01-10 18:53:34,168 - INFO - Running extraction: /home/david/miniconda3/bin/python enhanced_extract_country_data.py --country Kiribati --input data/who_flu_data.csv --output_dir data/extracted_data
2026-01-10 18:53:35,467 - INFO - ✅ Extraction successful for Kiribati
2026-01-10 18:53:35,468 - INFO - 🌦️  Attempting chronos inference with weather for Kiribati...
2026-01-10 18:53:40,761 - INFO - ✅ Inference successful for Kiribati with weather
2026-01-10 18:53:40,762 - INFO - 
🚀 Processing Kosovo (in accordance with UN Security Council resolution 1244 (1999))
2026-01-10 18:53:40,762 - INFO -    ILI cases: 1,392,536
2026-01-10 18:53:40,762 - INFO -    ARI cases: 146,940
2026-01-10 18:53:40,762 - INFO -    Data types: ARI, ILI
2026-01-10 18:53:40,762 - INFO - Running extraction: /home/david/miniconda3/bin/python enhanced_extract_country_data.py --country Kosovo (in accordance with UN Security Council resolution 1244 (1999)) --input data/who_flu_data.csv --output_dir data/extracted_data
2026-01-10 18:53:42,080 - INFO - ✅ Extraction successful for Kosovo (in accordance with UN Security Council resolution 1244 (1999))
2026-01-10 18:53:42,081 - INFO - 🌦️  Attempting chronos inference with weather for Kosovo (in accordance with UN Security Council resolution 1244 (1999))...
2026-01-10 18:53:45,944 - WARNING - ⚠️  Weather failed for Kosovo (in accordance with UN Security Council resolution 1244 (1999)), trying without weather...
2026-01-10 18:53:50,728 - INFO - ✅ Inference successful for Kosovo (in accordance with UN Security Council resolution 1244 (1999)) without weather
2026-01-10 18:53:50,728 - INFO - 
📈 PROGRESS UPDATE
2026-01-10 18:53:50,728 - INFO -    Countries processed: 85/186
2026-01-10 18:53:50,728 - INFO -    Successful extractions: 82
2026-01-10 18:53:50,728 - INFO -    Failed extractions: 0
2026-01-10 18:53:50,728 - INFO -    Successful inferences: 82
2026-01-10 18:53:50,728 - INFO -    Failed inferences: 0
2026-01-10 18:53:50,728 - INFO -    Skipped countries: 3
2026-01-10 18:53:50,728 - INFO -    Average processing time: 3.2s per country
2026-01-10 18:53:50,728 - INFO - 
🚀 Processing Kuwait
2026-01-10 18:53:50,728 - INFO -    ILI cases: 194
2026-01-10 18:53:50,728 - INFO -    ARI cases: 0
2026-01-10 18:53:50,729 - INFO -    Data types: ILI
2026-01-10 18:53:50,729 - INFO - Running extraction: /home/david/miniconda3/bin/python enhanced_extract_country_data.py --country Kuwait --input data/who_flu_data.csv --output_dir data/extracted_data
2026-01-10 18:53:52,025 - INFO - ✅ Extraction successful for Kuwait
2026-01-10 18:53:52,025 - INFO - 🌦️  Attempting chronos inference with weather for Kuwait...
2026-01-10 18:53:57,091 - INFO - ✅ Inference successful for Kuwait with weather
2026-01-10 18:53:57,092 - INFO - 
🚀 Processing Kyrgyzstan
2026-01-10 18:53:57,092 - INFO -    ILI cases: 18,071
2026-01-10 18:53:57,092 - INFO -    ARI cases: 5,613,842
2026-01-10 18:53:57,092 - INFO -    Data types: ARI, ILI
2026-01-10 18:53:57,092 - INFO - Running extraction: /home/david/miniconda3/bin/python enhanced_extract_country_data.py --country Kyrgyzstan --input data/who_flu_data.csv --output_dir data/extracted_data
2026-01-10 18:53:58,390 - INFO - ✅ Extraction successful for Kyrgyzstan
2026-01-10 18:53:58,390 - INFO - 🌦️  Attempting chronos inference with weather for Kyrgyzstan...
2026-01-10 18:54:03,700 - INFO - ✅ Inference successful for Kyrgyzstan with weather
2026-01-10 18:54:03,700 - INFO - 
🚀 Processing Lao People's Democratic Republic
2026-01-10 18:54:03,700 - INFO -    ILI cases: 280,940
2026-01-10 18:54:03,700 - INFO -    ARI cases: 0
2026-01-10 18:54:03,700 - INFO -    Data types: ILI
2026-01-10 18:54:03,701 - INFO - Running extraction: /home/david/miniconda3/bin/python enhanced_extract_country_data.py --country Lao People's Democratic Republic --input data/who_flu_data.csv --output_dir data/extracted_data
2026-01-10 18:54:05,019 - INFO - ✅ Extraction successful for Lao People's Democratic Republic
2026-01-10 18:54:05,019 - INFO - 🌦️  Attempting chronos inference with weather for Lao People's Democratic Republic...
2026-01-10 18:54:08,997 - WARNING - ⚠️  Weather failed for Lao People's Democratic Republic, trying without weather...
2026-01-10 18:54:13,845 - INFO - ✅ Inference successful for Lao People's Democratic Republic without weather
2026-01-10 18:54:13,846 - INFO - 
🚀 Processing Latvia
2026-01-10 18:54:13,846 - INFO -    ILI cases: 70,208
2026-01-10 18:54:13,846 - INFO -    ARI cases: 1,149,835
2026-01-10 18:54:13,846 - INFO -    Data types: ARI, ILI
2026-01-10 18:54:13,846 - INFO - Running extraction: /home/david/miniconda3/bin/python enhanced_extract_country_data.py --country Latvia --input data/who_flu_data.csv --output_dir data/extracted_data
2026-01-10 18:54:15,137 - INFO - ✅ Extraction successful for Latvia
2026-01-10 18:54:15,137 - INFO - 🌦️  Attempting chronos inference with weather for Latvia...
2026-01-10 18:54:20,396 - INFO - ✅ Inference successful for Latvia with weather
2026-01-10 18:54:20,396 - INFO - 
🚀 Processing Lebanon
2026-01-10 18:54:20,396 - INFO -    ILI cases: 40,382
2026-01-10 18:54:20,396 - INFO -    ARI cases: 0
2026-01-10 18:54:20,396 - INFO -    Data types: ILI
2026-01-10 18:54:20,397 - INFO - Running extraction: /home/david/miniconda3/bin/python enhanced_extract_country_data.py --country Lebanon --input data/who_flu_data.csv --output_dir data/extracted_data
2026-01-10 18:54:21,702 - INFO - ✅ Extraction successful for Lebanon
2026-01-10 18:54:21,702 - INFO - 🌦️  Attempting chronos inference with weather for Lebanon...
2026-01-10 18:54:26,927 - INFO - ✅ Inference successful for Lebanon with weather
2026-01-10 18:54:26,927 - INFO - 
📈 PROGRESS UPDATE
2026-01-10 18:54:26,927 - INFO -    Countries processed: 90/186
2026-01-10 18:54:26,927 - INFO -    Successful extractions: 87
2026-01-10 18:54:26,927 - INFO -    Failed extractions: 0
2026-01-10 18:54:26,927 - INFO -    Successful inferences: 87
2026-01-10 18:54:26,927 - INFO -    Failed inferences: 0
2026-01-10 18:54:26,927 - INFO -    Skipped countries: 3
2026-01-10 18:54:26,928 - INFO -    Average processing time: 3.2s per country
2026-01-10 18:54:26,928 - INFO - 🔮 Skipping Lesotho - no ILI or ARI data available
2026-01-10 18:54:26,928 - INFO - 
🚀 Processing Libya
2026-01-10 18:54:26,928 - INFO -    ILI cases: 3,070
2026-01-10 18:54:26,928 - INFO -    ARI cases: 0
2026-01-10 18:54:26,928 - INFO -    Data types: ILI
2026-01-10 18:54:26,928 - INFO - Running extraction: /home/david/miniconda3/bin/python enhanced_extract_country_data.py --country Libya --input data/who_flu_data.csv --output_dir data/extracted_data
2026-01-10 18:54:28,225 - INFO - ✅ Extraction successful for Libya
2026-01-10 18:54:28,225 - INFO - 🌦️  Attempting chronos inference with weather for Libya...
2026-01-10 18:54:33,112 - INFO - ✅ Inference successful for Libya with weather
2026-01-10 18:54:33,113 - INFO - 
🚀 Processing Lithuania
2026-01-10 18:54:33,113 - INFO -    ILI cases: 1,107,980
2026-01-10 18:54:33,113 - INFO -    ARI cases: 24,668,713
2026-01-10 18:54:33,113 - INFO -    Data types: ARI, ILI
2026-01-10 18:54:33,113 - INFO - Running extraction: /home/david/miniconda3/bin/python enhanced_extract_country_data.py --country Lithuania --input data/who_flu_data.csv --output_dir data/extracted_data
2026-01-10 18:54:34,414 - INFO - ✅ Extraction successful for Lithuania
2026-01-10 18:54:34,414 - INFO - 🌦️  Attempting chronos inference with weather for Lithuania...
2026-01-10 18:54:39,727 - INFO - ✅ Inference successful for Lithuania with weather
2026-01-10 18:54:39,727 - INFO - 
🚀 Processing Luxembourg
2026-01-10 18:54:39,727 - INFO -    ILI cases: 11,147
2026-01-10 18:54:39,727 - INFO -    ARI cases: 85,282
2026-01-10 18:54:39,728 - INFO -    Data types: ARI, ILI
2026-01-10 18:54:39,728 - INFO - Running extraction: /home/david/miniconda3/bin/python enhanced_extract_country_data.py --country Luxembourg --input data/who_flu_data.csv --output_dir data/extracted_data
2026-01-10 18:54:41,029 - INFO - ✅ Extraction successful for Luxembourg
2026-01-10 18:54:41,029 - INFO - 🌦️  Attempting chronos inference with weather for Luxembourg...
2026-01-10 18:54:44,999 - WARNING - ⚠️  Weather failed for Luxembourg, trying without weather...
2026-01-10 18:54:49,828 - INFO - ✅ Inference successful for Luxembourg without weather
2026-01-10 18:54:49,829 - INFO - 
🚀 Processing Madagascar
2026-01-10 18:54:49,829 - INFO -    ILI cases: 81,581
2026-01-10 18:54:49,829 - INFO -    ARI cases: 0
2026-01-10 18:54:49,829 - INFO -    Data types: ILI
2026-01-10 18:54:49,829 - INFO - Running extraction: /home/david/miniconda3/bin/python enhanced_extract_country_data.py --country Madagascar --input data/who_flu_data.csv --output_dir data/extracted_data
2026-01-10 18:54:51,124 - INFO - ✅ Extraction successful for Madagascar
2026-01-10 18:54:51,124 - INFO - 🌦️  Attempting chronos inference with weather for Madagascar...
2026-01-10 18:54:55,085 - WARNING - ⚠️  Weather failed for Madagascar, trying without weather...
2026-01-10 18:54:59,866 - INFO - ✅ Inference successful for Madagascar without weather
2026-01-10 18:54:59,866 - INFO - 
📈 PROGRESS UPDATE
2026-01-10 18:54:59,866 - INFO -    Countries processed: 95/186
2026-01-10 18:54:59,866 - INFO -    Successful extractions: 91
2026-01-10 18:54:59,866 - INFO -    Failed extractions: 0
2026-01-10 18:54:59,866 - INFO -    Successful inferences: 91
2026-01-10 18:54:59,866 - INFO -    Failed inferences: 0
2026-01-10 18:54:59,866 - INFO -    Skipped countries: 4
2026-01-10 18:54:59,866 - INFO -    Average processing time: 3.2s per country
2026-01-10 18:54:59,866 - INFO - 
🚀 Processing Maldives
2026-01-10 18:54:59,866 - INFO -    ILI cases: 373,359
2026-01-10 18:54:59,866 - INFO -    ARI cases: 1,084,367
2026-01-10 18:54:59,866 - INFO -    Data types: ARI, ILI
2026-01-10 18:54:59,867 - INFO - Running extraction: /home/david/miniconda3/bin/python enhanced_extract_country_data.py --country Maldives --input data/who_flu_data.csv --output_dir data/extracted_data
2026-01-10 18:55:01,187 - INFO - ✅ Extraction successful for Maldives
2026-01-10 18:55:01,187 - INFO - 🌦️  Attempting chronos inference with weather for Maldives...
2026-01-10 18:55:05,158 - WARNING - ⚠️  Weather failed for Maldives, trying without weather...
2026-01-10 18:55:09,923 - INFO - ✅ Inference successful for Maldives without weather
2026-01-10 18:55:09,923 - INFO - 
🚀 Processing Mali
2026-01-10 18:55:09,924 - INFO -    ILI cases: 5,555
2026-01-10 18:55:09,924 - INFO -    ARI cases: 0
2026-01-10 18:55:09,924 - INFO -    Data types: ILI
2026-01-10 18:55:09,924 - INFO - Running extraction: /home/david/miniconda3/bin/python enhanced_extract_country_data.py --country Mali --input data/who_flu_data.csv --output_dir data/extracted_data
2026-01-10 18:55:11,229 - INFO - ✅ Extraction successful for Mali
2026-01-10 18:55:11,229 - INFO - 🌦️  Attempting chronos inference with weather for Mali...
2026-01-10 18:55:16,215 - INFO - ✅ Inference successful for Mali with weather
2026-01-10 18:55:16,216 - INFO - 
🚀 Processing Malta
2026-01-10 18:55:16,216 - INFO -    ILI cases: 46,711
2026-01-10 18:55:16,216 - INFO -    ARI cases: 0
2026-01-10 18:55:16,216 - INFO -    Data types: ARI, ILI
2026-01-10 18:55:16,216 - INFO - Running extraction: /home/david/miniconda3/bin/python enhanced_extract_country_data.py --country Malta --input data/who_flu_data.csv --output_dir data/extracted_data
2026-01-10 18:55:17,519 - INFO - ✅ Extraction successful for Malta
2026-01-10 18:55:17,519 - INFO - 🌦️  Attempting chronos inference with weather for Malta...
2026-01-10 18:55:22,843 - INFO - ✅ Inference successful for Malta with weather
2026-01-10 18:55:22,843 - INFO - 
🚀 Processing Marshall Islands
2026-01-10 18:55:22,843 - INFO -    ILI cases: 16,111
2026-01-10 18:55:22,843 - INFO -    ARI cases: 0
2026-01-10 18:55:22,844 - INFO -    Data types: ILI
2026-01-10 18:55:22,844 - INFO - Running extraction: /home/david/miniconda3/bin/python enhanced_extract_country_data.py --country Marshall Islands --input data/who_flu_data.csv --output_dir data/extracted_data
2026-01-10 18:55:24,143 - INFO - ✅ Extraction successful for Marshall Islands
2026-01-10 18:55:24,143 - INFO - 🌦️  Attempting chronos inference with weather for Marshall Islands...
2026-01-10 18:55:28,116 - WARNING - ⚠️  Weather failed for Marshall Islands, trying without weather...
2026-01-10 18:55:33,064 - INFO - ✅ Inference successful for Marshall Islands without weather
2026-01-10 18:55:33,064 - INFO - 
🚀 Processing Mauritania
2026-01-10 18:55:33,064 - INFO -    ILI cases: 400
2026-01-10 18:55:33,064 - INFO -    ARI cases: 0
2026-01-10 18:55:33,064 - INFO -    Data types: ILI
2026-01-10 18:55:33,064 - INFO - Running extraction: /home/david/miniconda3/bin/python enhanced_extract_country_data.py --country Mauritania --input data/who_flu_data.csv --output_dir data/extracted_data
2026-01-10 18:55:34,359 - INFO - ✅ Extraction successful for Mauritania
2026-01-10 18:55:34,359 - INFO - 🌦️  Attempting chronos inference with weather for Mauritania...
2026-01-10 18:55:38,334 - WARNING - ⚠️  Weather failed for Mauritania, trying without weather...
2026-01-10 18:55:43,069 - INFO - ✅ Inference successful for Mauritania without weather
2026-01-10 18:55:43,069 - INFO - 
📈 PROGRESS UPDATE
2026-01-10 18:55:43,070 - INFO -    Countries processed: 100/186
2026-01-10 18:55:43,070 - INFO -    Successful extractions: 96
2026-01-10 18:55:43,070 - INFO -    Failed extractions: 0
2026-01-10 18:55:43,070 - INFO -    Successful inferences: 96
2026-01-10 18:55:43,070 - INFO -    Failed inferences: 0
2026-01-10 18:55:43,070 - INFO -    Skipped countries: 4
2026-01-10 18:55:43,070 - INFO -    Average processing time: 3.1s per country
2026-01-10 18:55:43,070 - INFO - 
🚀 Processing Mauritius
2026-01-10 18:55:43,070 - INFO -    ILI cases: 560
2026-01-10 18:55:43,070 - INFO -    ARI cases: 2,042,612
2026-01-10 18:55:43,070 - INFO -    Data types: ARI, ILI
2026-01-10 18:55:43,070 - INFO - Running extraction: /home/david/miniconda3/bin/python enhanced_extract_country_data.py --country Mauritius --input data/who_flu_data.csv --output_dir data/extracted_data
2026-01-10 18:55:44,384 - INFO - ✅ Extraction successful for Mauritius
2026-01-10 18:55:44,384 - INFO - 🌦️  Attempting chronos inference with weather for Mauritius...
2026-01-10 18:55:48,342 - WARNING - ⚠️  Weather failed for Mauritius, trying without weather...
2026-01-10 18:55:53,163 - INFO - ✅ Inference successful for Mauritius without weather
2026-01-10 18:55:53,163 - INFO - 
🚀 Processing Mexico
2026-01-10 18:55:53,163 - INFO -    ILI cases: 4,884,713
2026-01-10 18:55:53,164 - INFO -    ARI cases: 304,033,758
2026-01-10 18:55:53,164 - INFO -    Data types: ARI, ILI
2026-01-10 18:55:53,164 - INFO - Running extraction: /home/david/miniconda3/bin/python enhanced_extract_country_data.py --country Mexico --input data/who_flu_data.csv --output_dir data/extracted_data
2026-01-10 18:55:54,475 - INFO - ✅ Extraction successful for Mexico
2026-01-10 18:55:54,476 - INFO - 🌦️  Attempting chronos inference with weather for Mexico...
2026-01-10 18:55:59,762 - INFO - ✅ Inference successful for Mexico with weather
2026-01-10 18:55:59,762 - INFO - 
🚀 Processing Micronesia (Federated States of)
2026-01-10 18:55:59,762 - INFO -    ILI cases: 43,297
2026-01-10 18:55:59,762 - INFO -    ARI cases: 0
2026-01-10 18:55:59,762 - INFO -    Data types: ILI
2026-01-10 18:55:59,762 - INFO - Running extraction: /home/david/miniconda3/bin/python enhanced_extract_country_data.py --country Micronesia (Federated States of) --input data/who_flu_data.csv --output_dir data/extracted_data
2026-01-10 18:56:01,071 - INFO - ✅ Extraction successful for Micronesia (Federated States of)
2026-01-10 18:56:01,071 - INFO - 🌦️  Attempting chronos inference with weather for Micronesia (Federated States of)...
2026-01-10 18:56:04,929 - WARNING - ⚠️  Weather failed for Micronesia (Federated States of), trying without weather...
2026-01-10 18:56:09,804 - INFO - ✅ Inference successful for Micronesia (Federated States of) without weather
2026-01-10 18:56:09,804 - INFO - 
🚀 Processing Mongolia
2026-01-10 18:56:09,804 - INFO -    ILI cases: 5,337,490
2026-01-10 18:56:09,805 - INFO -    ARI cases: 0
2026-01-10 18:56:09,805 - INFO -    Data types: ILI
2026-01-10 18:56:09,805 - INFO - Running extraction: /home/david/miniconda3/bin/python enhanced_extract_country_data.py --country Mongolia --input data/who_flu_data.csv --output_dir data/extracted_data
2026-01-10 18:56:11,128 - INFO - ✅ Extraction successful for Mongolia
2026-01-10 18:56:11,128 - INFO - 🌦️  Attempting chronos inference with weather for Mongolia...
2026-01-10 18:56:16,158 - INFO - ✅ Inference successful for Mongolia with weather
2026-01-10 18:56:16,158 - INFO - 
🚀 Processing Montenegro
2026-01-10 18:56:16,158 - INFO -    ILI cases: 139,099
2026-01-10 18:56:16,158 - INFO -    ARI cases: 2,590,820
2026-01-10 18:56:16,158 - INFO -    Data types: ARI, ILI
2026-01-10 18:56:16,158 - INFO - Running extraction: /home/david/miniconda3/bin/python enhanced_extract_country_data.py --country Montenegro --input data/who_flu_data.csv --output_dir data/extracted_data
2026-01-10 18:56:17,460 - INFO - ✅ Extraction successful for Montenegro
2026-01-10 18:56:17,460 - INFO - 🌦️  Attempting chronos inference with weather for Montenegro...
2026-01-10 18:56:21,460 - WARNING - ⚠️  Weather failed for Montenegro, trying without weather...
2026-01-10 18:56:26,340 - INFO - ✅ Inference successful for Montenegro without weather
2026-01-10 18:56:26,340 - INFO - 
📈 PROGRESS UPDATE
2026-01-10 18:56:26,340 - INFO -    Countries processed: 105/186
2026-01-10 18:56:26,340 - INFO -    Successful extractions: 101
2026-01-10 18:56:26,340 - INFO -    Failed extractions: 0
2026-01-10 18:56:26,340 - INFO -    Successful inferences: 101
2026-01-10 18:56:26,340 - INFO -    Failed inferences: 0
2026-01-10 18:56:26,340 - INFO -    Skipped countries: 4
2026-01-10 18:56:26,340 - INFO -    Average processing time: 3.1s per country
2026-01-10 18:56:26,340 - INFO - 
🚀 Processing Montserrat
2026-01-10 18:56:26,340 - INFO -    ILI cases: 283
2026-01-10 18:56:26,340 - INFO -    ARI cases: 0
2026-01-10 18:56:26,340 - INFO -    Data types: ILI
2026-01-10 18:56:26,340 - INFO - Running extraction: /home/david/miniconda3/bin/python enhanced_extract_country_data.py --country Montserrat --input data/who_flu_data.csv --output_dir data/extracted_data
2026-01-10 18:56:27,638 - INFO - ✅ Extraction successful for Montserrat
2026-01-10 18:56:27,638 - INFO - 🌦️  Attempting chronos inference with weather for Montserrat...
2026-01-10 18:56:32,531 - INFO - ✅ Inference successful for Montserrat with weather
2026-01-10 18:56:32,532 - INFO - 
🚀 Processing Morocco
2026-01-10 18:56:32,532 - INFO -    ILI cases: 2,254,008
2026-01-10 18:56:32,532 - INFO -    ARI cases: 0
2026-01-10 18:56:32,532 - INFO -    Data types: ILI
2026-01-10 18:56:32,532 - INFO - Running extraction: /home/david/miniconda3/bin/python enhanced_extract_country_data.py --country Morocco --input data/who_flu_data.csv --output_dir data/extracted_data
2026-01-10 18:56:33,840 - INFO - ✅ Extraction successful for Morocco
2026-01-10 18:56:33,840 - INFO - 🌦️  Attempting chronos inference with weather for Morocco...
2026-01-10 18:56:37,819 - WARNING - ⚠️  Weather failed for Morocco, trying without weather...
2026-01-10 18:56:42,688 - INFO - ✅ Inference successful for Morocco without weather
2026-01-10 18:56:42,689 - INFO - 
🚀 Processing Mozambique
2026-01-10 18:56:42,689 - INFO -    ILI cases: 128,713
2026-01-10 18:56:42,689 - INFO -    ARI cases: 0
2026-01-10 18:56:42,689 - INFO -    Data types: ILI
2026-01-10 18:56:42,689 - INFO - Running extraction: /home/david/miniconda3/bin/python enhanced_extract_country_data.py --country Mozambique --input data/who_flu_data.csv --output_dir data/extracted_data
2026-01-10 18:56:44,007 - INFO - ✅ Extraction successful for Mozambique
2026-01-10 18:56:44,007 - INFO - 🌦️  Attempting chronos inference with weather for Mozambique...
2026-01-10 18:56:47,974 - WARNING - ⚠️  Weather failed for Mozambique, trying without weather...
2026-01-10 18:56:52,835 - INFO - ✅ Inference successful for Mozambique without weather
2026-01-10 18:56:52,835 - INFO - 
🚀 Processing Nauru
2026-01-10 18:56:52,835 - INFO -    ILI cases: 3,546
2026-01-10 18:56:52,836 - INFO -    ARI cases: 0
2026-01-10 18:56:52,836 - INFO -    Data types: ILI
2026-01-10 18:56:52,836 - INFO - Running extraction: /home/david/miniconda3/bin/python enhanced_extract_country_data.py --country Nauru --input data/who_flu_data.csv --output_dir data/extracted_data
2026-01-10 18:56:54,134 - INFO - ✅ Extraction successful for Nauru
2026-01-10 18:56:54,135 - INFO - 🌦️  Attempting chronos inference with weather for Nauru...
2026-01-10 18:56:59,379 - INFO - ✅ Inference successful for Nauru with weather
2026-01-10 18:56:59,379 - INFO - 
🚀 Processing Nepal
2026-01-10 18:56:59,379 - INFO -    ILI cases: 64,569
2026-01-10 18:56:59,379 - INFO -    ARI cases: 0
2026-01-10 18:56:59,379 - INFO -    Data types: ILI
2026-01-10 18:56:59,379 - INFO - Running extraction: /home/david/miniconda3/bin/python enhanced_extract_country_data.py --country Nepal --input data/who_flu_data.csv --output_dir data/extracted_data
2026-01-10 18:57:00,721 - INFO - ✅ Extraction successful for Nepal
2026-01-10 18:57:00,722 - INFO - 🌦️  Attempting chronos inference with weather for Nepal...
2026-01-10 18:57:04,688 - WARNING - ⚠️  Weather failed for Nepal, trying without weather...
2026-01-10 18:57:09,928 - INFO - ✅ Inference successful for Nepal without weather
2026-01-10 18:57:09,928 - INFO - 
📈 PROGRESS UPDATE
2026-01-10 18:57:09,928 - INFO -    Countries processed: 110/186
2026-01-10 18:57:09,929 - INFO -    Successful extractions: 106
2026-01-10 18:57:09,929 - INFO -    Failed extractions: 0
2026-01-10 18:57:09,929 - INFO -    Successful inferences: 106
2026-01-10 18:57:09,929 - INFO -    Failed inferences: 0
2026-01-10 18:57:09,929 - INFO -    Skipped countries: 4
2026-01-10 18:57:09,929 - INFO -    Average processing time: 3.1s per country
2026-01-10 18:57:09,929 - INFO - 
🚀 Processing Netherlands (Kingdom of the)
2026-01-10 18:57:09,929 - INFO -    ILI cases: 70,531
2026-01-10 18:57:09,929 - INFO -    ARI cases: 2,242,638
2026-01-10 18:57:09,929 - INFO -    Data types: ARI, ILI
2026-01-10 18:57:09,929 - INFO - Running extraction: /home/david/miniconda3/bin/python enhanced_extract_country_data.py --country Netherlands (Kingdom of the) --input data/who_flu_data.csv --output_dir data/extracted_data
2026-01-10 18:57:11,248 - INFO - ✅ Extraction successful for Netherlands (Kingdom of the)
2026-01-10 18:57:11,248 - INFO - 🌦️  Attempting chronos inference with weather for Netherlands (Kingdom of the)...
2026-01-10 18:57:15,123 - WARNING - ⚠️  Weather failed for Netherlands (Kingdom of the), trying without weather...
2026-01-10 18:57:20,017 - INFO - ✅ Inference successful for Netherlands (Kingdom of the) without weather
2026-01-10 18:57:20,017 - INFO - 
🚀 Processing New Caledonia
2026-01-10 18:57:20,017 - INFO -    ILI cases: 17,873
2026-01-10 18:57:20,017 - INFO -    ARI cases: 0
2026-01-10 18:57:20,017 - INFO -    Data types: ILI
2026-01-10 18:57:20,017 - INFO - Running extraction: /home/david/miniconda3/bin/python enhanced_extract_country_data.py --country New Caledonia --input data/who_flu_data.csv --output_dir data/extracted_data
2026-01-10 18:57:21,312 - INFO - ✅ Extraction successful for New Caledonia
2026-01-10 18:57:21,312 - INFO - 🌦️  Attempting chronos inference with weather for New Caledonia...
2026-01-10 18:57:25,286 - WARNING - ⚠️  Weather failed for New Caledonia, trying without weather...
2026-01-10 18:57:30,103 - INFO - ✅ Inference successful for New Caledonia without weather
2026-01-10 18:57:30,104 - INFO - 
🚀 Processing New Zealand
2026-01-10 18:57:30,104 - INFO -    ILI cases: 26,436
2026-01-10 18:57:30,104 - INFO -    ARI cases: 0
2026-01-10 18:57:30,104 - INFO -    Data types: ILI
2026-01-10 18:57:30,104 - INFO - Running extraction: /home/david/miniconda3/bin/python enhanced_extract_country_data.py --country New Zealand --input data/who_flu_data.csv --output_dir data/extracted_data
2026-01-10 18:57:31,420 - INFO - ✅ Extraction successful for New Zealand
2026-01-10 18:57:31,420 - INFO - 🌦️  Attempting chronos inference with weather for New Zealand...
2026-01-10 18:57:35,303 - WARNING - ⚠️  Weather failed for New Zealand, trying without weather...
2026-01-10 18:57:40,175 - INFO - ✅ Inference successful for New Zealand without weather
2026-01-10 18:57:40,176 - INFO - 
🚀 Processing Nicaragua
2026-01-10 18:57:40,176 - INFO -    ILI cases: 3,862
2026-01-10 18:57:40,176 - INFO -    ARI cases: 17,923,801
2026-01-10 18:57:40,176 - INFO -    Data types: ARI, ILI
2026-01-10 18:57:40,176 - INFO - Running extraction: /home/david/miniconda3/bin/python enhanced_extract_country_data.py --country Nicaragua --input data/who_flu_data.csv --output_dir data/extracted_data
2026-01-10 18:57:41,482 - INFO - ✅ Extraction successful for Nicaragua
2026-01-10 18:57:41,482 - INFO - 🌦️  Attempting chronos inference with weather for Nicaragua...
2026-01-10 18:57:45,471 - WARNING - ⚠️  Weather failed for Nicaragua, trying without weather...
2026-01-10 18:57:50,203 - INFO - ✅ Inference successful for Nicaragua without weather
2026-01-10 18:57:50,203 - INFO - 
🚀 Processing Niger
2026-01-10 18:57:50,203 - INFO -    ILI cases: 366,585
2026-01-10 18:57:50,203 - INFO -    ARI cases: 0
2026-01-10 18:57:50,203 - INFO -    Data types: ILI
2026-01-10 18:57:50,203 - INFO - Running extraction: /home/david/miniconda3/bin/python enhanced_extract_country_data.py --country Niger --input data/who_flu_data.csv --output_dir data/extracted_data
2026-01-10 18:57:51,510 - INFO - ✅ Extraction successful for Niger
2026-01-10 18:57:51,511 - INFO - 🌦️  Attempting chronos inference with weather for Niger...
2026-01-10 18:57:55,475 - WARNING - ⚠️  Weather failed for Niger, trying without weather...
2026-01-10 18:58:00,282 - INFO - ✅ Inference successful for Niger without weather
2026-01-10 18:58:00,282 - INFO - 
📈 PROGRESS UPDATE
2026-01-10 18:58:00,282 - INFO -    Countries processed: 115/186
2026-01-10 18:58:00,282 - INFO -    Successful extractions: 111
2026-01-10 18:58:00,282 - INFO -    Failed extractions: 0
2026-01-10 18:58:00,282 - INFO -    Successful inferences: 111
2026-01-10 18:58:00,282 - INFO -    Failed inferences: 0
2026-01-10 18:58:00,282 - INFO -    Skipped countries: 4
2026-01-10 18:58:00,282 - INFO -    Average processing time: 3.1s per country
2026-01-10 18:58:00,283 - INFO - 
🚀 Processing Nigeria
2026-01-10 18:58:00,283 - INFO -    ILI cases: 17,573
2026-01-10 18:58:00,283 - INFO -    ARI cases: 0
2026-01-10 18:58:00,283 - INFO -    Data types: ILI
2026-01-10 18:58:00,283 - INFO - Running extraction: /home/david/miniconda3/bin/python enhanced_extract_country_data.py --country Nigeria --input data/who_flu_data.csv --output_dir data/extracted_data
2026-01-10 18:58:01,586 - INFO - ✅ Extraction successful for Nigeria
2026-01-10 18:58:01,586 - INFO - 🌦️  Attempting chronos inference with weather for Nigeria...
2026-01-10 18:58:05,547 - WARNING - ⚠️  Weather failed for Nigeria, trying without weather...
2026-01-10 18:58:10,442 - INFO - ✅ Inference successful for Nigeria without weather
2026-01-10 18:58:10,442 - INFO - 
🚀 Processing Niue
2026-01-10 18:58:10,442 - INFO -    ILI cases: 4,465
2026-01-10 18:58:10,442 - INFO -    ARI cases: 0
2026-01-10 18:58:10,442 - INFO -    Data types: ILI
2026-01-10 18:58:10,442 - INFO - Running extraction: /home/david/miniconda3/bin/python enhanced_extract_country_data.py --country Niue --input data/who_flu_data.csv --output_dir data/extracted_data
2026-01-10 18:58:11,739 - INFO - ✅ Extraction successful for Niue
2026-01-10 18:58:11,739 - INFO - 🌦️  Attempting chronos inference with weather for Niue...
2026-01-10 18:58:15,688 - WARNING - ⚠️  Weather failed for Niue, trying without weather...
2026-01-10 18:58:20,486 - INFO - ✅ Inference successful for Niue without weather
2026-01-10 18:58:20,486 - INFO - 
🚀 Processing North Macedonia
2026-01-10 18:58:20,486 - INFO -    ILI cases: 574,986
2026-01-10 18:58:20,486 - INFO -    ARI cases: 0
2026-01-10 18:58:20,486 - INFO -    Data types: ARI, ILI
2026-01-10 18:58:20,486 - INFO - Running extraction: /home/david/miniconda3/bin/python enhanced_extract_country_data.py --country North Macedonia --input data/who_flu_data.csv --output_dir data/extracted_data
2026-01-10 18:58:21,774 - INFO - ✅ Extraction successful for North Macedonia
2026-01-10 18:58:21,774 - INFO - 🌦️  Attempting chronos inference with weather for North Macedonia...
2026-01-10 18:58:25,779 - WARNING - ⚠️  Weather failed for North Macedonia, trying without weather...
2026-01-10 18:58:30,668 - INFO - ✅ Inference successful for North Macedonia without weather
2026-01-10 18:58:30,669 - INFO - 
🚀 Processing Northern Mariana Islands
2026-01-10 18:58:30,669 - INFO -    ILI cases: 18,812
2026-01-10 18:58:30,669 - INFO -    ARI cases: 0
2026-01-10 18:58:30,669 - INFO -    Data types: ILI
2026-01-10 18:58:30,669 - INFO - Running extraction: /home/david/miniconda3/bin/python enhanced_extract_country_data.py --country Northern Mariana Islands --input data/who_flu_data.csv --output_dir data/extracted_data
2026-01-10 18:58:31,991 - INFO - ✅ Extraction successful for Northern Mariana Islands
2026-01-10 18:58:31,991 - INFO - 🌦️  Attempting chronos inference with weather for Northern Mariana Islands...
2026-01-10 18:58:37,210 - INFO - ✅ Inference successful for Northern Mariana Islands with weather
2026-01-10 18:58:37,210 - INFO - 
🚀 Processing Norway
2026-01-10 18:58:37,210 - INFO -    ILI cases: 2,580,758
2026-01-10 18:58:37,210 - INFO -    ARI cases: 0
2026-01-10 18:58:37,211 - INFO -    Data types: ARI, ILI
2026-01-10 18:58:37,211 - INFO - Running extraction: /home/david/miniconda3/bin/python enhanced_extract_country_data.py --country Norway --input data/who_flu_data.csv --output_dir data/extracted_data
2026-01-10 18:58:38,508 - INFO - ✅ Extraction successful for Norway
2026-01-10 18:58:38,508 - INFO - 🌦️  Attempting chronos inference with weather for Norway...
2026-01-10 18:58:43,950 - INFO - ✅ Inference successful for Norway with weather
2026-01-10 18:58:43,950 - INFO - 
📈 PROGRESS UPDATE
2026-01-10 18:58:43,950 - INFO -    Countries processed: 120/186
2026-01-10 18:58:43,950 - INFO -    Successful extractions: 116
2026-01-10 18:58:43,950 - INFO -    Failed extractions: 0
2026-01-10 18:58:43,950 - INFO -    Successful inferences: 116
2026-01-10 18:58:43,950 - INFO -    Failed inferences: 0
2026-01-10 18:58:43,950 - INFO -    Skipped countries: 4
2026-01-10 18:58:43,950 - INFO -    Average processing time: 3.1s per country
2026-01-10 18:58:43,951 - INFO - 
🚀 Processing Oman
2026-01-10 18:58:43,951 - INFO -    ILI cases: 22,673,707
2026-01-10 18:58:43,951 - INFO -    ARI cases: 24,136
2026-01-10 18:58:43,951 - INFO -    Data types: ARI, ILI
2026-01-10 18:58:43,951 - INFO - Running extraction: /home/david/miniconda3/bin/python enhanced_extract_country_data.py --country Oman --input data/who_flu_data.csv --output_dir data/extracted_data
2026-01-10 18:58:45,248 - INFO - ✅ Extraction successful for Oman
2026-01-10 18:58:45,248 - INFO - 🌦️  Attempting chronos inference with weather for Oman...
2026-01-10 18:58:49,228 - WARNING - ⚠️  Weather failed for Oman, trying without weather...
2026-01-10 18:58:54,053 - INFO - ✅ Inference successful for Oman without weather
2026-01-10 18:58:54,054 - INFO - 
🚀 Processing Pakistan
2026-01-10 18:58:54,054 - INFO -    ILI cases: 9,814
2026-01-10 18:58:54,054 - INFO -    ARI cases: 0
2026-01-10 18:58:54,054 - INFO -    Data types: ILI
2026-01-10 18:58:54,054 - INFO - Running extraction: /home/david/miniconda3/bin/python enhanced_extract_country_data.py --country Pakistan --input data/who_flu_data.csv --output_dir data/extracted_data
2026-01-10 18:58:55,366 - INFO - ✅ Extraction successful for Pakistan
2026-01-10 18:58:55,366 - INFO - 🌦️  Attempting chronos inference with weather for Pakistan...
2026-01-10 18:58:59,333 - WARNING - ⚠️  Weather failed for Pakistan, trying without weather...
2026-01-10 18:59:04,226 - INFO - ✅ Inference successful for Pakistan without weather
2026-01-10 18:59:04,226 - INFO - 
🚀 Processing Palau
2026-01-10 18:59:04,226 - INFO -    ILI cases: 6,641
2026-01-10 18:59:04,226 - INFO -    ARI cases: 0
2026-01-10 18:59:04,226 - INFO -    Data types: ILI
2026-01-10 18:59:04,226 - INFO - Running extraction: /home/david/miniconda3/bin/python enhanced_extract_country_data.py --country Palau --input data/who_flu_data.csv --output_dir data/extracted_data
2026-01-10 18:59:05,523 - INFO - ✅ Extraction successful for Palau
2026-01-10 18:59:05,523 - INFO - 🌦️  Attempting chronos inference with weather for Palau...
2026-01-10 18:59:10,779 - INFO - ✅ Inference successful for Palau with weather
2026-01-10 18:59:10,779 - INFO - 
🚀 Processing Panama
2026-01-10 18:59:10,779 - INFO -    ILI cases: 156,708
2026-01-10 18:59:10,779 - INFO -    ARI cases: 530
2026-01-10 18:59:10,780 - INFO -    Data types: ARI, ILI
2026-01-10 18:59:10,780 - INFO - Running extraction: /home/david/miniconda3/bin/python enhanced_extract_country_data.py --country Panama --input data/who_flu_data.csv --output_dir data/extracted_data
2026-01-10 18:59:12,077 - INFO - ✅ Extraction successful for Panama
2026-01-10 18:59:12,077 - INFO - 🌦️  Attempting chronos inference with weather for Panama...
2026-01-10 18:59:16,029 - WARNING - ⚠️  Weather failed for Panama, trying without weather...
2026-01-10 18:59:20,786 - INFO - ✅ Inference successful for Panama without weather
2026-01-10 18:59:20,787 - INFO - 
🚀 Processing Papua New Guinea
2026-01-10 18:59:20,787 - INFO -    ILI cases: 1,041
2026-01-10 18:59:20,787 - INFO -    ARI cases: 0
2026-01-10 18:59:20,787 - INFO -    Data types: ILI
2026-01-10 18:59:20,787 - INFO - Running extraction: /home/david/miniconda3/bin/python enhanced_extract_country_data.py --country Papua New Guinea --input data/who_flu_data.csv --output_dir data/extracted_data
2026-01-10 18:59:22,089 - INFO - ✅ Extraction successful for Papua New Guinea
2026-01-10 18:59:22,089 - INFO - 🌦️  Attempting chronos inference with weather for Papua New Guinea...
2026-01-10 18:59:26,057 - WARNING - ⚠️  Weather failed for Papua New Guinea, trying without weather...
2026-01-10 18:59:30,895 - INFO - ✅ Inference successful for Papua New Guinea without weather
2026-01-10 18:59:30,895 - INFO - 
📈 PROGRESS UPDATE
2026-01-10 18:59:30,895 - INFO -    Countries processed: 125/186
2026-01-10 18:59:30,895 - INFO -    Successful extractions: 121
2026-01-10 18:59:30,895 - INFO -    Failed extractions: 0
2026-01-10 18:59:30,895 - INFO -    Successful inferences: 121
2026-01-10 18:59:30,895 - INFO -    Failed inferences: 0
2026-01-10 18:59:30,895 - INFO -    Skipped countries: 4
2026-01-10 18:59:30,895 - INFO -    Average processing time: 3.1s per country
2026-01-10 18:59:30,895 - INFO - 
🚀 Processing Paraguay
2026-01-10 18:59:30,895 - INFO -    ILI cases: 616,234
2026-01-10 18:59:30,895 - INFO -    ARI cases: 24,841,353
2026-01-10 18:59:30,895 - INFO -    Data types: ARI, ILI
2026-01-10 18:59:30,896 - INFO - Running extraction: /home/david/miniconda3/bin/python enhanced_extract_country_data.py --country Paraguay --input data/who_flu_data.csv --output_dir data/extracted_data
2026-01-10 18:59:32,212 - INFO - ✅ Extraction successful for Paraguay
2026-01-10 18:59:32,212 - INFO - 🌦️  Attempting chronos inference with weather for Paraguay...
2026-01-10 18:59:36,162 - WARNING - ⚠️  Weather failed for Paraguay, trying without weather...
2026-01-10 18:59:40,966 - INFO - ✅ Inference successful for Paraguay without weather
2026-01-10 18:59:40,966 - INFO - 
🚀 Processing Peru
2026-01-10 18:59:40,966 - INFO -    ILI cases: 45,379
2026-01-10 18:59:40,966 - INFO -    ARI cases: 38,394,433
2026-01-10 18:59:40,966 - INFO -    Data types: ARI, ILI
2026-01-10 18:59:40,966 - INFO - Running extraction: /home/david/miniconda3/bin/python enhanced_extract_country_data.py --country Peru --input data/who_flu_data.csv --output_dir data/extracted_data
2026-01-10 18:59:42,272 - INFO - ✅ Extraction successful for Peru
2026-01-10 18:59:42,272 - INFO - 🌦️  Attempting chronos inference with weather for Peru...
2026-01-10 18:59:46,246 - WARNING - ⚠️  Weather failed for Peru, trying without weather...
2026-01-10 18:59:51,043 - INFO - ✅ Inference successful for Peru without weather
2026-01-10 18:59:51,043 - INFO - 
🚀 Processing Pitcairn
2026-01-10 18:59:51,043 - INFO -    ILI cases: 49
2026-01-10 18:59:51,043 - INFO -    ARI cases: 0
2026-01-10 18:59:51,043 - INFO -    Data types: ILI
2026-01-10 18:59:51,043 - INFO - Running extraction: /home/david/miniconda3/bin/python enhanced_extract_country_data.py --country Pitcairn --input data/who_flu_data.csv --output_dir data/extracted_data
2026-01-10 18:59:52,347 - INFO - ✅ Extraction successful for Pitcairn
2026-01-10 18:59:52,347 - INFO - 🌦️  Attempting chronos inference with weather for Pitcairn...
2026-01-10 18:59:56,314 - WARNING - ⚠️  Weather failed for Pitcairn, trying without weather...
2026-01-10 19:00:01,124 - INFO - ✅ Inference successful for Pitcairn without weather
2026-01-10 19:00:01,125 - INFO - 
🚀 Processing Poland
2026-01-10 19:00:01,125 - INFO -    ILI cases: 4,231,657
2026-01-10 19:00:01,125 - INFO -    ARI cases: 0
2026-01-10 19:00:01,125 - INFO -    Data types: ARI, ILI
2026-01-10 19:00:01,125 - INFO - Running extraction: /home/david/miniconda3/bin/python enhanced_extract_country_data.py --country Poland --input data/who_flu_data.csv --output_dir data/extracted_data
2026-01-10 19:00:02,418 - INFO - ✅ Extraction successful for Poland
2026-01-10 19:00:02,418 - INFO - 🌦️  Attempting chronos inference with weather for Poland...
2026-01-10 19:00:07,773 - INFO - ✅ Inference successful for Poland with weather
2026-01-10 19:00:07,773 - INFO - 
🚀 Processing Portugal
2026-01-10 19:00:07,773 - INFO -    ILI cases: 6,502
2026-01-10 19:00:07,774 - INFO -    ARI cases: 1,004
2026-01-10 19:00:07,774 - INFO -    Data types: ARI, ILI
2026-01-10 19:00:07,774 - INFO - Running extraction: /home/david/miniconda3/bin/python enhanced_extract_country_data.py --country Portugal --input data/who_flu_data.csv --output_dir data/extracted_data
2026-01-10 19:00:09,069 - INFO - ✅ Extraction successful for Portugal
2026-01-10 19:00:09,069 - INFO - 🌦️  Attempting chronos inference with weather for Portugal...
2026-01-10 19:00:14,326 - INFO - ✅ Inference successful for Portugal with weather
2026-01-10 19:00:14,326 - INFO - 
📈 PROGRESS UPDATE
2026-01-10 19:00:14,326 - INFO -    Countries processed: 130/186
2026-01-10 19:00:14,326 - INFO -    Successful extractions: 126
2026-01-10 19:00:14,326 - INFO -    Failed extractions: 0
2026-01-10 19:00:14,326 - INFO -    Successful inferences: 126
2026-01-10 19:00:14,326 - INFO -    Failed inferences: 0
2026-01-10 19:00:14,326 - INFO -    Skipped countries: 4
2026-01-10 19:00:14,326 - INFO -    Average processing time: 3.1s per country
2026-01-10 19:00:14,326 - INFO - 
🚀 Processing Qatar
2026-01-10 19:00:14,326 - INFO -    ILI cases: 16,664
2026-01-10 19:00:14,326 - INFO -    ARI cases: 0
2026-01-10 19:00:14,326 - INFO -    Data types: ILI
2026-01-10 19:00:14,327 - INFO - Running extraction: /home/david/miniconda3/bin/python enhanced_extract_country_data.py --country Qatar --input data/who_flu_data.csv --output_dir data/extracted_data
2026-01-10 19:00:15,639 - INFO - ✅ Extraction successful for Qatar
2026-01-10 19:00:15,640 - INFO - 🌦️  Attempting chronos inference with weather for Qatar...
2026-01-10 19:00:19,601 - WARNING - ⚠️  Weather failed for Qatar, trying without weather...
2026-01-10 19:00:24,395 - INFO - ✅ Inference successful for Qatar without weather
2026-01-10 19:00:24,395 - INFO - 
🚀 Processing Republic of Moldova
2026-01-10 19:00:24,395 - INFO -    ILI cases: 12,607,605
2026-01-10 19:00:24,395 - INFO -    ARI cases: 13,915,929
2026-01-10 19:00:24,395 - INFO -    Data types: ARI, ILI
2026-01-10 19:00:24,396 - INFO - Running extraction: /home/david/miniconda3/bin/python enhanced_extract_country_data.py --country Republic of Moldova --input data/who_flu_data.csv --output_dir data/extracted_data
2026-01-10 19:00:25,710 - INFO - ✅ Extraction successful for Republic of Moldova
2026-01-10 19:00:25,710 - INFO - 🌦️  Attempting chronos inference with weather for Republic of Moldova...
2026-01-10 19:00:30,966 - INFO - ✅ Inference successful for Republic of Moldova with weather
2026-01-10 19:00:30,966 - INFO - 
🚀 Processing Romania
2026-01-10 19:00:30,967 - INFO -    ILI cases: 29,670
2026-01-10 19:00:30,967 - INFO -    ARI cases: 5,292,138
2026-01-10 19:00:30,967 - INFO -    Data types: ARI, ILI
2026-01-10 19:00:30,967 - INFO - Running extraction: /home/david/miniconda3/bin/python enhanced_extract_country_data.py --country Romania --input data/who_flu_data.csv --output_dir data/extracted_data
2026-01-10 19:00:32,259 - INFO - ✅ Extraction successful for Romania
2026-01-10 19:00:32,259 - INFO - 🌦️  Attempting chronos inference with weather for Romania...
2026-01-10 19:00:37,560 - INFO - ✅ Inference successful for Romania with weather
2026-01-10 19:00:37,560 - INFO - 
🚀 Processing Russian Federation
2026-01-10 19:00:37,560 - INFO -    ILI cases: 1,645,491
2026-01-10 19:00:37,561 - INFO -    ARI cases: 471,858,357
2026-01-10 19:00:37,561 - INFO -    Data types: ARI, ILI
2026-01-10 19:00:37,561 - INFO - Running extraction: /home/david/miniconda3/bin/python enhanced_extract_country_data.py --country Russian Federation --input data/who_flu_data.csv --output_dir data/extracted_data
2026-01-10 19:00:38,870 - INFO - ✅ Extraction successful for Russian Federation
2026-01-10 19:00:38,870 - INFO - 🌦️  Attempting chronos inference with weather for Russian Federation...
2026-01-10 19:00:42,859 - WARNING - ⚠️  Weather failed for Russian Federation, trying without weather...
2026-01-10 19:00:47,759 - INFO - ✅ Inference successful for Russian Federation without weather
2026-01-10 19:00:47,760 - INFO - 
🚀 Processing Rwanda
2026-01-10 19:00:47,760 - INFO -    ILI cases: 5,507
2026-01-10 19:00:47,760 - INFO -    ARI cases: 0
2026-01-10 19:00:47,760 - INFO -    Data types: ILI
2026-01-10 19:00:47,760 - INFO - Running extraction: /home/david/miniconda3/bin/python enhanced_extract_country_data.py --country Rwanda --input data/who_flu_data.csv --output_dir data/extracted_data
2026-01-10 19:00:49,075 - INFO - ✅ Extraction successful for Rwanda
2026-01-10 19:00:49,075 - INFO - 🌦️  Attempting chronos inference with weather for Rwanda...
2026-01-10 19:00:53,054 - WARNING - ⚠️  Weather failed for Rwanda, trying without weather...
2026-01-10 19:00:57,835 - INFO - ✅ Inference successful for Rwanda without weather
2026-01-10 19:00:57,835 - INFO - 
📈 PROGRESS UPDATE
2026-01-10 19:00:57,835 - INFO -    Countries processed: 135/186
2026-01-10 19:00:57,835 - INFO -    Successful extractions: 131
2026-01-10 19:00:57,835 - INFO -    Failed extractions: 0
2026-01-10 19:00:57,835 - INFO -    Successful inferences: 131
2026-01-10 19:00:57,835 - INFO -    Failed inferences: 0
2026-01-10 19:00:57,835 - INFO -    Skipped countries: 4
2026-01-10 19:00:57,835 - INFO -    Average processing time: 3.1s per country
2026-01-10 19:00:57,835 - INFO - 
🚀 Processing Saint Kitts and Nevis
2026-01-10 19:00:57,835 - INFO -    ILI cases: 169
2026-01-10 19:00:57,835 - INFO -    ARI cases: 0
2026-01-10 19:00:57,835 - INFO -    Data types: ILI
2026-01-10 19:00:57,836 - INFO - Running extraction: /home/david/miniconda3/bin/python enhanced_extract_country_data.py --country Saint Kitts and Nevis --input data/who_flu_data.csv --output_dir data/extracted_data
2026-01-10 19:00:59,210 - INFO - ✅ Extraction successful for Saint Kitts and Nevis
2026-01-10 19:00:59,210 - INFO - 🌦️  Attempting chronos inference with weather for Saint Kitts and Nevis...
2026-01-10 19:01:04,062 - INFO - ✅ Inference successful for Saint Kitts and Nevis with weather
2026-01-10 19:01:04,062 - INFO - 
🚀 Processing Saint Lucia
2026-01-10 19:01:04,062 - INFO -    ILI cases: 2,468
2026-01-10 19:01:04,062 - INFO -    ARI cases: 3,566
2026-01-10 19:01:04,062 - INFO -    Data types: ARI, ILI
2026-01-10 19:01:04,062 - INFO - Running extraction: /home/david/miniconda3/bin/python enhanced_extract_country_data.py --country Saint Lucia --input data/who_flu_data.csv --output_dir data/extracted_data
2026-01-10 19:01:05,360 - INFO - ✅ Extraction successful for Saint Lucia
2026-01-10 19:01:05,360 - INFO - 🌦️  Attempting chronos inference with weather for Saint Lucia...
2026-01-10 19:01:09,338 - WARNING - ⚠️  Weather failed for Saint Lucia, trying without weather...
2026-01-10 19:01:14,212 - INFO - ✅ Inference successful for Saint Lucia without weather
2026-01-10 19:01:14,212 - INFO - 
🚀 Processing Saint Vincent and the Grenadines
2026-01-10 19:01:14,213 - INFO -    ILI cases: 3,426
2026-01-10 19:01:14,213 - INFO -    ARI cases: 13,941
2026-01-10 19:01:14,213 - INFO -    Data types: ARI, ILI
2026-01-10 19:01:14,213 - INFO - Running extraction: /home/david/miniconda3/bin/python enhanced_extract_country_data.py --country Saint Vincent and the Grenadines --input data/who_flu_data.csv --output_dir data/extracted_data
2026-01-10 19:01:15,513 - INFO - ✅ Extraction successful for Saint Vincent and the Grenadines
2026-01-10 19:01:15,513 - INFO - 🌦️  Attempting chronos inference with weather for Saint Vincent and the Grenadines...
2026-01-10 19:01:20,604 - INFO - ✅ Inference successful for Saint Vincent and the Grenadines with weather
2026-01-10 19:01:20,605 - INFO - 
🚀 Processing Samoa
2026-01-10 19:01:20,605 - INFO -    ILI cases: 460,408
2026-01-10 19:01:20,605 - INFO -    ARI cases: 0
2026-01-10 19:01:20,605 - INFO -    Data types: ILI
2026-01-10 19:01:20,605 - INFO - Running extraction: /home/david/miniconda3/bin/python enhanced_extract_country_data.py --country Samoa --input data/who_flu_data.csv --output_dir data/extracted_data
2026-01-10 19:01:21,898 - INFO - ✅ Extraction successful for Samoa
2026-01-10 19:01:21,898 - INFO - 🌦️  Attempting chronos inference with weather for Samoa...
2026-01-10 19:01:27,155 - INFO - ✅ Inference successful for Samoa with weather
2026-01-10 19:01:27,155 - INFO - 
🚀 Processing Saudi Arabia
2026-01-10 19:01:27,155 - INFO -    ILI cases: 203,898
2026-01-10 19:01:27,155 - INFO -    ARI cases: 0
2026-01-10 19:01:27,155 - INFO -    Data types: ILI
2026-01-10 19:01:27,155 - INFO - Running extraction: /home/david/miniconda3/bin/python enhanced_extract_country_data.py --country Saudi Arabia --input data/who_flu_data.csv --output_dir data/extracted_data
2026-01-10 19:01:28,456 - INFO - ✅ Extraction successful for Saudi Arabia
2026-01-10 19:01:28,456 - INFO - 🌦️  Attempting chronos inference with weather for Saudi Arabia...
2026-01-10 19:01:32,387 - WARNING - ⚠️  Weather failed for Saudi Arabia, trying without weather...
2026-01-10 19:01:37,215 - INFO - ✅ Inference successful for Saudi Arabia without weather
2026-01-10 19:01:37,216 - INFO - 
📈 PROGRESS UPDATE
2026-01-10 19:01:37,216 - INFO -    Countries processed: 140/186
2026-01-10 19:01:37,216 - INFO -    Successful extractions: 136
2026-01-10 19:01:37,216 - INFO -    Failed extractions: 0
2026-01-10 19:01:37,216 - INFO -    Successful inferences: 136
2026-01-10 19:01:37,216 - INFO -    Failed inferences: 0
2026-01-10 19:01:37,216 - INFO -    Skipped countries: 4
2026-01-10 19:01:37,216 - INFO -    Average processing time: 3.1s per country
2026-01-10 19:01:37,216 - INFO - 
🚀 Processing Senegal
2026-01-10 19:01:37,216 - INFO -    ILI cases: 69,240
2026-01-10 19:01:37,216 - INFO -    ARI cases: 0
2026-01-10 19:01:37,216 - INFO -    Data types: ILI
2026-01-10 19:01:37,216 - INFO - Running extraction: /home/david/miniconda3/bin/python enhanced_extract_country_data.py --country Senegal --input data/who_flu_data.csv --output_dir data/extracted_data
2026-01-10 19:01:38,512 - INFO - ✅ Extraction successful for Senegal
2026-01-10 19:01:38,512 - INFO - 🌦️  Attempting chronos inference with weather for Senegal...
2026-01-10 19:01:42,496 - WARNING - ⚠️  Weather failed for Senegal, trying without weather...
2026-01-10 19:01:47,288 - INFO - ✅ Inference successful for Senegal without weather
2026-01-10 19:01:47,289 - INFO - 
🚀 Processing Serbia
2026-01-10 19:01:47,289 - INFO -    ILI cases: 5,998,620
2026-01-10 19:01:47,289 - INFO -    ARI cases: 0
2026-01-10 19:01:47,289 - INFO -    Data types: ARI, ILI
2026-01-10 19:01:47,289 - INFO - Running extraction: /home/david/miniconda3/bin/python enhanced_extract_country_data.py --country Serbia --input data/who_flu_data.csv --output_dir data/extracted_data
2026-01-10 19:01:48,597 - INFO - ✅ Extraction successful for Serbia
2026-01-10 19:01:48,597 - INFO - 🌦️  Attempting chronos inference with weather for Serbia...
2026-01-10 19:01:52,578 - WARNING - ⚠️  Weather failed for Serbia, trying without weather...
2026-01-10 19:01:57,412 - INFO - ✅ Inference successful for Serbia without weather
2026-01-10 19:01:57,413 - INFO - 
🚀 Processing Sierra Leone
2026-01-10 19:01:57,413 - INFO -    ILI cases: 9,816
2026-01-10 19:01:57,413 - INFO -    ARI cases: 0
2026-01-10 19:01:57,413 - INFO -    Data types: ILI
2026-01-10 19:01:57,413 - INFO - Running extraction: /home/david/miniconda3/bin/python enhanced_extract_country_data.py --country Sierra Leone --input data/who_flu_data.csv --output_dir data/extracted_data
2026-01-10 19:01:58,716 - INFO - ✅ Extraction successful for Sierra Leone
2026-01-10 19:01:58,716 - INFO - 🌦️  Attempting chronos inference with weather for Sierra Leone...
2026-01-10 19:02:02,672 - WARNING - ⚠️  Weather failed for Sierra Leone, trying without weather...
2026-01-10 19:02:07,410 - INFO - ✅ Inference successful for Sierra Leone without weather
2026-01-10 19:02:07,410 - INFO - 
🚀 Processing Singapore
2026-01-10 19:02:07,410 - INFO -    ILI cases: 110,823
2026-01-10 19:02:07,410 - INFO -    ARI cases: 0
2026-01-10 19:02:07,410 - INFO -    Data types: ILI
2026-01-10 19:02:07,410 - INFO - Running extraction: /home/david/miniconda3/bin/python enhanced_extract_country_data.py --country Singapore --input data/who_flu_data.csv --output_dir data/extracted_data
2026-01-10 19:02:08,709 - INFO - ✅ Extraction successful for Singapore
2026-01-10 19:02:08,710 - INFO - 🌦️  Attempting chronos inference with weather for Singapore...
2026-01-10 19:02:12,893 - WARNING - ⚠️  Weather failed for Singapore, trying without weather...
2026-01-10 19:02:18,088 - INFO - ✅ Inference successful for Singapore without weather
2026-01-10 19:02:18,088 - INFO - 
🚀 Processing Sint Maarten (Dutch part)
2026-01-10 19:02:18,088 - INFO -    ILI cases: 685
2026-01-10 19:02:18,088 - INFO -    ARI cases: 0
2026-01-10 19:02:18,088 - INFO -    Data types: ILI
2026-01-10 19:02:18,088 - INFO - Running extraction: /home/david/miniconda3/bin/python enhanced_extract_country_data.py --country Sint Maarten (Dutch part) --input data/who_flu_data.csv --output_dir data/extracted_data
2026-01-10 19:02:19,392 - INFO - ✅ Extraction successful for Sint Maarten (Dutch part)
2026-01-10 19:02:19,392 - INFO - 🌦️  Attempting chronos inference with weather for Sint Maarten (Dutch part)...
2026-01-10 19:02:24,275 - INFO - ✅ Inference successful for Sint Maarten (Dutch part) with weather
2026-01-10 19:02:24,275 - INFO - 
📈 PROGRESS UPDATE
2026-01-10 19:02:24,275 - INFO -    Countries processed: 145/186
2026-01-10 19:02:24,275 - INFO -    Successful extractions: 141
2026-01-10 19:02:24,275 - INFO -    Failed extractions: 0
2026-01-10 19:02:24,275 - INFO -    Successful inferences: 141
2026-01-10 19:02:24,275 - INFO -    Failed inferences: 0
2026-01-10 19:02:24,275 - INFO -    Skipped countries: 4
2026-01-10 19:02:24,275 - INFO -    Average processing time: 3.0s per country
2026-01-10 19:02:24,275 - INFO - 
🚀 Processing Slovakia
2026-01-10 19:02:24,275 - INFO -    ILI cases: 6,272,156
2026-01-10 19:02:24,275 - INFO -    ARI cases: 60,282,674
2026-01-10 19:02:24,275 - INFO -    Data types: ARI, ILI
2026-01-10 19:02:24,275 - INFO - Running extraction: /home/david/miniconda3/bin/python enhanced_extract_country_data.py --country Slovakia --input data/who_flu_data.csv --output_dir data/extracted_data
2026-01-10 19:02:25,572 - INFO - ✅ Extraction successful for Slovakia
2026-01-10 19:02:25,572 - INFO - 🌦️  Attempting chronos inference with weather for Slovakia...
2026-01-10 19:02:30,885 - INFO - ✅ Inference successful for Slovakia with weather
2026-01-10 19:02:30,885 - INFO - 
🚀 Processing Slovenia
2026-01-10 19:02:30,885 - INFO -    ILI cases: 20,952
2026-01-10 19:02:30,885 - INFO -    ARI cases: 1,292,439
2026-01-10 19:02:30,885 - INFO -    Data types: ARI, ILI
2026-01-10 19:02:30,885 - INFO - Running extraction: /home/david/miniconda3/bin/python enhanced_extract_country_data.py --country Slovenia --input data/who_flu_data.csv --output_dir data/extracted_data
2026-01-10 19:02:32,192 - INFO - ✅ Extraction successful for Slovenia
2026-01-10 19:02:32,193 - INFO - 🌦️  Attempting chronos inference with weather for Slovenia...
2026-01-10 19:02:37,514 - INFO - ✅ Inference successful for Slovenia with weather
2026-01-10 19:02:37,515 - INFO - 
🚀 Processing Solomon Islands
2026-01-10 19:02:37,515 - INFO -    ILI cases: 162,281
2026-01-10 19:02:37,515 - INFO -    ARI cases: 0
2026-01-10 19:02:37,515 - INFO -    Data types: ILI
2026-01-10 19:02:37,515 - INFO - Running extraction: /home/david/miniconda3/bin/python enhanced_extract_country_data.py --country Solomon Islands --input data/who_flu_data.csv --output_dir data/extracted_data
2026-01-10 19:02:38,807 - INFO - ✅ Extraction successful for Solomon Islands
2026-01-10 19:02:38,807 - INFO - 🌦️  Attempting chronos inference with weather for Solomon Islands...
2026-01-10 19:02:42,856 - WARNING - ⚠️  Weather failed for Solomon Islands, trying without weather...
2026-01-10 19:02:47,648 - INFO - ✅ Inference successful for Solomon Islands without weather
2026-01-10 19:02:47,649 - INFO - 
🚀 Processing Somalia
2026-01-10 19:02:47,649 - INFO -    ILI cases: 17,492
2026-01-10 19:02:47,649 - INFO -    ARI cases: 0
2026-01-10 19:02:47,649 - INFO -    Data types: ILI
2026-01-10 19:02:47,649 - INFO - Running extraction: /home/david/miniconda3/bin/python enhanced_extract_country_data.py --country Somalia --input data/who_flu_data.csv --output_dir data/extracted_data
2026-01-10 19:02:48,937 - INFO - ✅ Extraction successful for Somalia
2026-01-10 19:02:48,937 - INFO - 🌦️  Attempting chronos inference with weather for Somalia...
2026-01-10 19:02:52,909 - WARNING - ⚠️  Weather failed for Somalia, trying without weather...
2026-01-10 19:02:57,677 - INFO - ✅ Inference successful for Somalia without weather
2026-01-10 19:02:57,677 - INFO - 
🚀 Processing South Africa
2026-01-10 19:02:57,677 - INFO -    ILI cases: 24,450
2026-01-10 19:02:57,677 - INFO -    ARI cases: 0
2026-01-10 19:02:57,677 - INFO -    Data types: ILI
2026-01-10 19:02:57,678 - INFO - Running extraction: /home/david/miniconda3/bin/python enhanced_extract_country_data.py --country South Africa --input data/who_flu_data.csv --output_dir data/extracted_data
2026-01-10 19:02:58,986 - INFO - ✅ Extraction successful for South Africa
2026-01-10 19:02:58,986 - INFO - 🌦️  Attempting chronos inference with weather for South Africa...
2026-01-10 19:03:02,975 - WARNING - ⚠️  Weather failed for South Africa, trying without weather...
2026-01-10 19:03:07,744 - INFO - ✅ Inference successful for South Africa without weather
2026-01-10 19:03:07,744 - INFO - 
📈 PROGRESS UPDATE
2026-01-10 19:03:07,744 - INFO -    Countries processed: 150/186
2026-01-10 19:03:07,744 - INFO -    Successful extractions: 146
2026-01-10 19:03:07,744 - INFO -    Failed extractions: 0
2026-01-10 19:03:07,744 - INFO -    Successful inferences: 146
2026-01-10 19:03:07,744 - INFO -    Failed inferences: 0
2026-01-10 19:03:07,744 - INFO -    Skipped countries: 4
2026-01-10 19:03:07,744 - INFO -    Average processing time: 3.0s per country
2026-01-10 19:03:07,744 - INFO - 
🚀 Processing South Sudan
2026-01-10 19:03:07,744 - INFO -    ILI cases: 65,986
2026-01-10 19:03:07,744 - INFO -    ARI cases: 0
2026-01-10 19:03:07,744 - INFO -    Data types: ILI
2026-01-10 19:03:07,744 - INFO - Running extraction: /home/david/miniconda3/bin/python enhanced_extract_country_data.py --country South Sudan --input data/who_flu_data.csv --output_dir data/extracted_data
2026-01-10 19:03:09,047 - INFO - ✅ Extraction successful for South Sudan
2026-01-10 19:03:09,047 - INFO - 🌦️  Attempting chronos inference with weather for South Sudan...
2026-01-10 19:03:13,001 - WARNING - ⚠️  Weather failed for South Sudan, trying without weather...
2026-01-10 19:03:17,774 - INFO - ✅ Inference successful for South Sudan without weather
2026-01-10 19:03:17,774 - INFO - 
🚀 Processing Spain
2026-01-10 19:03:17,774 - INFO -    ILI cases: 2,794,420
2026-01-10 19:03:17,774 - INFO -    ARI cases: 86,934,751
2026-01-10 19:03:17,774 - INFO -    Data types: ARI, ILI
2026-01-10 19:03:17,775 - INFO - Running extraction: /home/david/miniconda3/bin/python enhanced_extract_country_data.py --country Spain --input data/who_flu_data.csv --output_dir data/extracted_data
2026-01-10 19:03:19,099 - INFO - ✅ Extraction successful for Spain
2026-01-10 19:03:19,099 - INFO - 🌦️  Attempting chronos inference with weather for Spain...
2026-01-10 19:03:23,081 - WARNING - ⚠️  Weather failed for Spain, trying without weather...
2026-01-10 19:03:27,921 - INFO - ✅ Inference successful for Spain without weather
2026-01-10 19:03:27,921 - INFO - 
🚀 Processing Sri Lanka
2026-01-10 19:03:27,921 - INFO -    ILI cases: 1,478,968
2026-01-10 19:03:27,921 - INFO -    ARI cases: 0
2026-01-10 19:03:27,921 - INFO -    Data types: ILI
2026-01-10 19:03:27,921 - INFO - Running extraction: /home/david/miniconda3/bin/python enhanced_extract_country_data.py --country Sri Lanka --input data/who_flu_data.csv --output_dir data/extracted_data
2026-01-10 19:03:29,243 - INFO - ✅ Extraction successful for Sri Lanka
2026-01-10 19:03:29,243 - INFO - 🌦️  Attempting chronos inference with weather for Sri Lanka...
2026-01-10 19:03:33,213 - WARNING - ⚠️  Weather failed for Sri Lanka, trying without weather...
2026-01-10 19:03:37,940 - INFO - ✅ Inference successful for Sri Lanka without weather
2026-01-10 19:03:37,940 - INFO - 
🚀 Processing Sudan
2026-01-10 19:03:37,940 - INFO -    ILI cases: 114
2026-01-10 19:03:37,941 - INFO -    ARI cases: 0
2026-01-10 19:03:37,941 - INFO -    Data types: ILI
2026-01-10 19:03:37,941 - INFO - Running extraction: /home/david/miniconda3/bin/python enhanced_extract_country_data.py --country Sudan --input data/who_flu_data.csv --output_dir data/extracted_data
2026-01-10 19:03:39,244 - INFO - ✅ Extraction successful for Sudan
2026-01-10 19:03:39,244 - INFO - 🌦️  Attempting chronos inference with weather for Sudan...
2026-01-10 19:03:43,203 - WARNING - ⚠️  Weather failed for Sudan, trying without weather...
2026-01-10 19:03:47,981 - INFO - ✅ Inference successful for Sudan without weather
2026-01-10 19:03:47,981 - INFO - 
🚀 Processing Suriname
2026-01-10 19:03:47,982 - INFO -    ILI cases: 1,348
2026-01-10 19:03:47,982 - INFO -    ARI cases: 44,470
2026-01-10 19:03:47,982 - INFO -    Data types: ARI, ILI
2026-01-10 19:03:47,982 - INFO - Running extraction: /home/david/miniconda3/bin/python enhanced_extract_country_data.py --country Suriname --input data/who_flu_data.csv --output_dir data/extracted_data
2026-01-10 19:03:49,292 - INFO - ✅ Extraction successful for Suriname
2026-01-10 19:03:49,292 - INFO - 🌦️  Attempting chronos inference with weather for Suriname...
2026-01-10 19:03:53,240 - WARNING - ⚠️  Weather failed for Suriname, trying without weather...
2026-01-10 19:03:58,059 - INFO - ✅ Inference successful for Suriname without weather
2026-01-10 19:03:58,059 - INFO - 
📈 PROGRESS UPDATE
2026-01-10 19:03:58,059 - INFO -    Countries processed: 155/186
2026-01-10 19:03:58,059 - INFO -    Successful extractions: 151
2026-01-10 19:03:58,059 - INFO -    Failed extractions: 0
2026-01-10 19:03:58,059 - INFO -    Successful inferences: 151
2026-01-10 19:03:58,059 - INFO -    Failed inferences: 0
2026-01-10 19:03:58,059 - INFO -    Skipped countries: 4
2026-01-10 19:03:58,060 - INFO -    Average processing time: 3.0s per country
2026-01-10 19:03:58,060 - INFO - 
🚀 Processing Sweden
2026-01-10 19:03:58,060 - INFO -    ILI cases: 9,702
2026-01-10 19:03:58,060 - INFO -    ARI cases: 0
2026-01-10 19:03:58,060 - INFO -    Data types: ARI, ILI
2026-01-10 19:03:58,060 - INFO - Running extraction: /home/david/miniconda3/bin/python enhanced_extract_country_data.py --country Sweden --input data/who_flu_data.csv --output_dir data/extracted_data
2026-01-10 19:03:59,354 - INFO - ✅ Extraction successful for Sweden
2026-01-10 19:03:59,355 - INFO - 🌦️  Attempting chronos inference with weather for Sweden...
2026-01-10 19:04:03,339 - WARNING - ⚠️  Weather failed for Sweden, trying without weather...
2026-01-10 19:04:08,245 - INFO - ✅ Inference successful for Sweden without weather
2026-01-10 19:04:08,245 - INFO - 
🚀 Processing Switzerland
2026-01-10 19:04:08,245 - INFO -    ILI cases: 146,858
2026-01-10 19:04:08,246 - INFO -    ARI cases: 0
2026-01-10 19:04:08,246 - INFO -    Data types: ARI, ILI
2026-01-10 19:04:08,246 - INFO - Running extraction: /home/david/miniconda3/bin/python enhanced_extract_country_data.py --country Switzerland --input data/who_flu_data.csv --output_dir data/extracted_data
2026-01-10 19:04:09,542 - INFO - ✅ Extraction successful for Switzerland
2026-01-10 19:04:09,542 - INFO - 🌦️  Attempting chronos inference with weather for Switzerland...
2026-01-10 19:04:13,525 - WARNING - ⚠️  Weather failed for Switzerland, trying without weather...
2026-01-10 19:04:18,462 - INFO - ✅ Inference successful for Switzerland without weather
2026-01-10 19:04:18,462 - INFO - 
🚀 Processing Tajikistan
2026-01-10 19:04:18,462 - INFO -    ILI cases: 41,093
2026-01-10 19:04:18,462 - INFO -    ARI cases: 1,843,652
2026-01-10 19:04:18,462 - INFO -    Data types: ARI, ILI
2026-01-10 19:04:18,462 - INFO - Running extraction: /home/david/miniconda3/bin/python enhanced_extract_country_data.py --country Tajikistan --input data/who_flu_data.csv --output_dir data/extracted_data
2026-01-10 19:04:19,775 - INFO - ✅ Extraction successful for Tajikistan
2026-01-10 19:04:19,775 - INFO - 🌦️  Attempting chronos inference with weather for Tajikistan...
2026-01-10 19:04:23,761 - WARNING - ⚠️  Weather failed for Tajikistan, trying without weather...
2026-01-10 19:04:28,583 - INFO - ✅ Inference successful for Tajikistan without weather
2026-01-10 19:04:28,584 - INFO - 
🚀 Processing Thailand
2026-01-10 19:04:28,584 - INFO -    ILI cases: 37,661,158
2026-01-10 19:04:28,584 - INFO -    ARI cases: 0
2026-01-10 19:04:28,584 - INFO -    Data types: ILI
2026-01-10 19:04:28,584 - INFO - Running extraction: /home/david/miniconda3/bin/python enhanced_extract_country_data.py --country Thailand --input data/who_flu_data.csv --output_dir data/extracted_data
2026-01-10 19:04:29,882 - INFO - ✅ Extraction successful for Thailand
2026-01-10 19:04:29,882 - INFO - 🌦️  Attempting chronos inference with weather for Thailand...
2026-01-10 19:04:33,829 - WARNING - ⚠️  Weather failed for Thailand, trying without weather...
2026-01-10 19:04:38,711 - INFO - ✅ Inference successful for Thailand without weather
2026-01-10 19:04:38,711 - INFO - 
🚀 Processing Timor-Leste
2026-01-10 19:04:38,711 - INFO -    ILI cases: 11,485
2026-01-10 19:04:38,711 - INFO -    ARI cases: 0
2026-01-10 19:04:38,711 - INFO -    Data types: ILI
2026-01-10 19:04:38,711 - INFO - Running extraction: /home/david/miniconda3/bin/python enhanced_extract_country_data.py --country Timor-Leste --input data/who_flu_data.csv --output_dir data/extracted_data
2026-01-10 19:04:40,007 - INFO - ✅ Extraction successful for Timor-Leste
2026-01-10 19:04:40,007 - INFO - 🌦️  Attempting chronos inference with weather for Timor-Leste...
2026-01-10 19:04:43,958 - WARNING - ⚠️  Weather failed for Timor-Leste, trying without weather...
2026-01-10 19:04:48,648 - INFO - ✅ Inference successful for Timor-Leste without weather
2026-01-10 19:04:48,648 - INFO - 
📈 PROGRESS UPDATE
2026-01-10 19:04:48,648 - INFO -    Countries processed: 160/186
2026-01-10 19:04:48,648 - INFO -    Successful extractions: 156
2026-01-10 19:04:48,648 - INFO -    Failed extractions: 0
2026-01-10 19:04:48,648 - INFO -    Successful inferences: 156
2026-01-10 19:04:48,648 - INFO -    Failed inferences: 0
2026-01-10 19:04:48,648 - INFO -    Skipped countries: 4
2026-01-10 19:04:48,648 - INFO -    Average processing time: 3.0s per country
2026-01-10 19:04:48,649 - INFO - 
🚀 Processing Togo
2026-01-10 19:04:48,649 - INFO -    ILI cases: 30,018
2026-01-10 19:04:48,649 - INFO -    ARI cases: 0
2026-01-10 19:04:48,649 - INFO -    Data types: ILI
2026-01-10 19:04:48,649 - INFO - Running extraction: /home/david/miniconda3/bin/python enhanced_extract_country_data.py --country Togo --input data/who_flu_data.csv --output_dir data/extracted_data
2026-01-10 19:04:49,955 - INFO - ✅ Extraction successful for Togo
2026-01-10 19:04:49,955 - INFO - 🌦️  Attempting chronos inference with weather for Togo...
2026-01-10 19:04:53,970 - WARNING - ⚠️  Weather failed for Togo, trying without weather...
2026-01-10 19:04:58,811 - INFO - ✅ Inference successful for Togo without weather
2026-01-10 19:04:58,811 - INFO - 
🚀 Processing Tokelau
2026-01-10 19:04:58,811 - INFO -    ILI cases: 2,844
2026-01-10 19:04:58,811 - INFO -    ARI cases: 0
2026-01-10 19:04:58,811 - INFO -    Data types: ILI
2026-01-10 19:04:58,811 - INFO - Running extraction: /home/david/miniconda3/bin/python enhanced_extract_country_data.py --country Tokelau --input data/who_flu_data.csv --output_dir data/extracted_data
2026-01-10 19:05:00,124 - INFO - ✅ Extraction successful for Tokelau
2026-01-10 19:05:00,124 - INFO - 🌦️  Attempting chronos inference with weather for Tokelau...
2026-01-10 19:05:04,071 - WARNING - ⚠️  Weather failed for Tokelau, trying without weather...
2026-01-10 19:05:08,946 - INFO - ✅ Inference successful for Tokelau without weather
2026-01-10 19:05:08,946 - INFO - 
🚀 Processing Tonga
2026-01-10 19:05:08,946 - INFO -    ILI cases: 67,941
2026-01-10 19:05:08,946 - INFO -    ARI cases: 0
2026-01-10 19:05:08,946 - INFO -    Data types: ILI
2026-01-10 19:05:08,946 - INFO - Running extraction: /home/david/miniconda3/bin/python enhanced_extract_country_data.py --country Tonga --input data/who_flu_data.csv --output_dir data/extracted_data
2026-01-10 19:05:10,256 - INFO - ✅ Extraction successful for Tonga
2026-01-10 19:05:10,256 - INFO - 🌦️  Attempting chronos inference with weather for Tonga...
2026-01-10 19:05:15,491 - INFO - ✅ Inference successful for Tonga with weather
2026-01-10 19:05:15,492 - INFO - 
🚀 Processing Trinidad and Tobago
2026-01-10 19:05:15,492 - INFO -    ILI cases: 30,767
2026-01-10 19:05:15,492 - INFO -    ARI cases: 9,672
2026-01-10 19:05:15,492 - INFO -    Data types: ARI, ILI
2026-01-10 19:05:15,492 - INFO - Running extraction: /home/david/miniconda3/bin/python enhanced_extract_country_data.py --country Trinidad and Tobago --input data/who_flu_data.csv --output_dir data/extracted_data
2026-01-10 19:05:16,780 - INFO - ✅ Extraction successful for Trinidad and Tobago
2026-01-10 19:05:16,780 - INFO - 🌦️  Attempting chronos inference with weather for Trinidad and Tobago...
2026-01-10 19:05:20,733 - WARNING - ⚠️  Weather failed for Trinidad and Tobago, trying without weather...
2026-01-10 19:05:25,577 - INFO - ✅ Inference successful for Trinidad and Tobago without weather
2026-01-10 19:05:25,578 - INFO - 
🚀 Processing Turkmenistan
2026-01-10 19:05:25,578 - INFO -    ILI cases: 3,355
2026-01-10 19:05:25,578 - INFO -    ARI cases: 152,676
2026-01-10 19:05:25,578 - INFO -    Data types: ARI, ILI
2026-01-10 19:05:25,578 - INFO - Running extraction: /home/david/miniconda3/bin/python enhanced_extract_country_data.py --country Turkmenistan --input data/who_flu_data.csv --output_dir data/extracted_data
2026-01-10 19:05:26,884 - INFO - ✅ Extraction successful for Turkmenistan
2026-01-10 19:05:26,884 - INFO - 🌦️  Attempting chronos inference with weather for Turkmenistan...
2026-01-10 19:05:30,866 - WARNING - ⚠️  Weather failed for Turkmenistan, trying without weather...
2026-01-10 19:05:35,719 - INFO - ✅ Inference successful for Turkmenistan without weather
2026-01-10 19:05:35,719 - INFO - 
📈 PROGRESS UPDATE
2026-01-10 19:05:35,719 - INFO -    Countries processed: 165/186
2026-01-10 19:05:35,719 - INFO -    Successful extractions: 161
2026-01-10 19:05:35,719 - INFO -    Failed extractions: 0
2026-01-10 19:05:35,719 - INFO -    Successful inferences: 161
2026-01-10 19:05:35,719 - INFO -    Failed inferences: 0
2026-01-10 19:05:35,719 - INFO -    Skipped countries: 4
2026-01-10 19:05:35,719 - INFO -    Average processing time: 3.0s per country
2026-01-10 19:05:35,719 - INFO - 
🚀 Processing Turks and Caicos Islands
2026-01-10 19:05:35,719 - INFO -    ILI cases: 2,450
2026-01-10 19:05:35,719 - INFO -    ARI cases: 0
2026-01-10 19:05:35,719 - INFO -    Data types: ILI
2026-01-10 19:05:35,720 - INFO - Running extraction: /home/david/miniconda3/bin/python enhanced_extract_country_data.py --country Turks and Caicos Islands --input data/who_flu_data.csv --output_dir data/extracted_data
2026-01-10 19:05:37,022 - INFO - ✅ Extraction successful for Turks and Caicos Islands
2026-01-10 19:05:37,022 - INFO - 🌦️  Attempting chronos inference with weather for Turks and Caicos Islands...
2026-01-10 19:05:40,951 - WARNING - ⚠️  Weather failed for Turks and Caicos Islands, trying without weather...
2026-01-10 19:05:45,702 - INFO - ✅ Inference successful for Turks and Caicos Islands without weather
2026-01-10 19:05:45,702 - INFO - 
🚀 Processing Tuvalu
2026-01-10 19:05:45,702 - INFO -    ILI cases: 9,559
2026-01-10 19:05:45,703 - INFO -    ARI cases: 0
2026-01-10 19:05:45,703 - INFO -    Data types: ILI
2026-01-10 19:05:45,703 - INFO - Running extraction: /home/david/miniconda3/bin/python enhanced_extract_country_data.py --country Tuvalu --input data/who_flu_data.csv --output_dir data/extracted_data
2026-01-10 19:05:47,016 - INFO - ✅ Extraction successful for Tuvalu
2026-01-10 19:05:47,016 - INFO - 🌦️  Attempting chronos inference with weather for Tuvalu...
2026-01-10 19:05:52,305 - INFO - ✅ Inference successful for Tuvalu with weather
2026-01-10 19:05:52,305 - INFO - 
🚀 Processing Türkiye
2026-01-10 19:05:52,305 - INFO -    ILI cases: 3,161,460
2026-01-10 19:05:52,305 - INFO -    ARI cases: 882
2026-01-10 19:05:52,305 - INFO -    Data types: ARI, ILI
2026-01-10 19:05:52,305 - INFO - Running extraction: /home/david/miniconda3/bin/python enhanced_extract_country_data.py --country Türkiye --input data/who_flu_data.csv --output_dir data/extracted_data
2026-01-10 19:05:53,614 - INFO - ✅ Extraction successful for Türkiye
2026-01-10 19:05:53,614 - INFO - 🌦️  Attempting chronos inference with weather for Türkiye...
2026-01-10 19:05:57,607 - WARNING - ⚠️  Weather failed for Türkiye, trying without weather...
2026-01-10 19:06:02,589 - INFO - ✅ Inference successful for Türkiye without weather
2026-01-10 19:06:02,589 - INFO - 
🚀 Processing Uganda
2026-01-10 19:06:02,590 - INFO -    ILI cases: 3,504
2026-01-10 19:06:02,590 - INFO -    ARI cases: 0
2026-01-10 19:06:02,590 - INFO -    Data types: ILI
2026-01-10 19:06:02,590 - INFO - Running extraction: /home/david/miniconda3/bin/python enhanced_extract_country_data.py --country Uganda --input data/who_flu_data.csv --output_dir data/extracted_data
2026-01-10 19:06:03,912 - INFO - ✅ Extraction successful for Uganda
2026-01-10 19:06:03,912 - INFO - 🌦️  Attempting chronos inference with weather for Uganda...
2026-01-10 19:06:07,863 - WARNING - ⚠️  Weather failed for Uganda, trying without weather...
2026-01-10 19:06:12,635 - INFO - ✅ Inference successful for Uganda without weather
2026-01-10 19:06:12,635 - INFO - 
🚀 Processing Ukraine
2026-01-10 19:06:12,635 - INFO -    ILI cases: 11,340,142
2026-01-10 19:06:12,635 - INFO -    ARI cases: 141,147,177
2026-01-10 19:06:12,635 - INFO -    Data types: ARI, ILI
2026-01-10 19:06:12,635 - INFO - Running extraction: /home/david/miniconda3/bin/python enhanced_extract_country_data.py --country Ukraine --input data/who_flu_data.csv --output_dir data/extracted_data
2026-01-10 19:06:13,972 - INFO - ✅ Extraction successful for Ukraine
2026-01-10 19:06:13,972 - INFO - 🌦️  Attempting chronos inference with weather for Ukraine...
2026-01-10 19:06:17,920 - WARNING - ⚠️  Weather failed for Ukraine, trying without weather...
2026-01-10 19:06:22,820 - INFO - ✅ Inference successful for Ukraine without weather
2026-01-10 19:06:22,820 - INFO - 
📈 PROGRESS UPDATE
2026-01-10 19:06:22,820 - INFO -    Countries processed: 170/186
2026-01-10 19:06:22,820 - INFO -    Successful extractions: 166
2026-01-10 19:06:22,820 - INFO -    Failed extractions: 0
2026-01-10 19:06:22,820 - INFO -    Successful inferences: 166
2026-01-10 19:06:22,820 - INFO -    Failed inferences: 0
2026-01-10 19:06:22,820 - INFO -    Skipped countries: 4
2026-01-10 19:06:22,821 - INFO -    Average processing time: 3.0s per country
2026-01-10 19:06:22,821 - INFO - 
🚀 Processing United Arab Emirates
2026-01-10 19:06:22,821 - INFO -    ILI cases: 502,842
2026-01-10 19:06:22,821 - INFO -    ARI cases: 0
2026-01-10 19:06:22,821 - INFO -    Data types: ILI
2026-01-10 19:06:22,821 - INFO - Running extraction: /home/david/miniconda3/bin/python enhanced_extract_country_data.py --country United Arab Emirates --input data/who_flu_data.csv --output_dir data/extracted_data
2026-01-10 19:06:24,129 - INFO - ✅ Extraction successful for United Arab Emirates
2026-01-10 19:06:24,129 - INFO - 🌦️  Attempting chronos inference with weather for United Arab Emirates...
2026-01-10 19:06:28,085 - WARNING - ⚠️  Weather failed for United Arab Emirates, trying without weather...
2026-01-10 19:06:33,024 - INFO - ✅ Inference successful for United Arab Emirates without weather
2026-01-10 19:06:33,024 - INFO - 
🚀 Processing United Kingdom of Great Britain and Northern Ireland
2026-01-10 19:06:33,024 - INFO -    ILI cases: 36,252
2026-01-10 19:06:33,024 - INFO -    ARI cases: 937,786
2026-01-10 19:06:33,024 - INFO -    Data types: ARI, ILI
2026-01-10 19:06:33,024 - INFO - Running extraction: /home/david/miniconda3/bin/python enhanced_extract_country_data.py --country United Kingdom of Great Britain and Northern Ireland --input data/who_flu_data.csv --output_dir data/extracted_data
2026-01-10 19:06:34,370 - INFO - ✅ Extraction successful for United Kingdom of Great Britain and Northern Ireland
2026-01-10 19:06:34,371 - INFO - 🌦️  Attempting chronos inference with weather for United Kingdom of Great Britain and Northern Ireland...
2026-01-10 19:06:38,438 - WARNING - ⚠️  Weather failed for United Kingdom of Great Britain and Northern Ireland, trying without weather...
2026-01-10 19:06:43,268 - INFO - ✅ Inference successful for United Kingdom of Great Britain and Northern Ireland without weather
2026-01-10 19:06:43,268 - INFO - 
🚀 Processing United Kingdom, England
2026-01-10 19:06:43,268 - INFO -    ILI cases: 232,750
2026-01-10 19:06:43,268 - INFO -    ARI cases: 10,467,240
2026-01-10 19:06:43,268 - INFO -    Data types: ARI, ILI
2026-01-10 19:06:43,268 - INFO - Running extraction: /home/david/miniconda3/bin/python enhanced_extract_country_data.py --country United Kingdom, England --input data/who_flu_data.csv --output_dir data/extracted_data
2026-01-10 19:06:44,575 - INFO - ✅ Extraction successful for United Kingdom, England
2026-01-10 19:06:44,575 - INFO - 🌦️  Attempting chronos inference with weather for United Kingdom, England...
2026-01-10 19:06:48,395 - WARNING - ⚠️  Weather failed for United Kingdom, England, trying without weather...
2026-01-10 19:06:53,146 - INFO - ✅ Inference successful for United Kingdom, England without weather
2026-01-10 19:06:53,146 - INFO - 
🚀 Processing United Kingdom, Northern Ireland
2026-01-10 19:06:53,146 - INFO -    ILI cases: 52,518
2026-01-10 19:06:53,146 - INFO -    ARI cases: 1,105,633
2026-01-10 19:06:53,146 - INFO -    Data types: ARI, ILI
2026-01-10 19:06:53,146 - INFO - Running extraction: /home/david/miniconda3/bin/python enhanced_extract_country_data.py --country United Kingdom, Northern Ireland --input data/who_flu_data.csv --output_dir data/extracted_data
2026-01-10 19:06:54,464 - INFO - ✅ Extraction successful for United Kingdom, Northern Ireland
2026-01-10 19:06:54,464 - INFO - 🌦️  Attempting chronos inference with weather for United Kingdom, Northern Ireland...
2026-01-10 19:06:58,338 - WARNING - ⚠️  Weather failed for United Kingdom, Northern Ireland, trying without weather...
2026-01-10 19:07:03,164 - INFO - ✅ Inference successful for United Kingdom, Northern Ireland without weather
2026-01-10 19:07:03,164 - INFO - 
🚀 Processing United Kingdom, Scotland
2026-01-10 19:07:03,165 - INFO -    ILI cases: 151,768
2026-01-10 19:07:03,165 - INFO -    ARI cases: 5,327,760
2026-01-10 19:07:03,165 - INFO -    Data types: ARI, ILI
2026-01-10 19:07:03,165 - INFO - Running extraction: /home/david/miniconda3/bin/python enhanced_extract_country_data.py --country United Kingdom, Scotland --input data/who_flu_data.csv --output_dir data/extracted_data
2026-01-10 19:07:04,479 - INFO - ✅ Extraction successful for United Kingdom, Scotland
2026-01-10 19:07:04,479 - INFO - 🌦️  Attempting chronos inference with weather for United Kingdom, Scotland...
2026-01-10 19:07:08,334 - WARNING - ⚠️  Weather failed for United Kingdom, Scotland, trying without weather...
2026-01-10 19:07:13,109 - INFO - ✅ Inference successful for United Kingdom, Scotland without weather
2026-01-10 19:07:13,109 - INFO - 
📈 PROGRESS UPDATE
2026-01-10 19:07:13,109 - INFO -    Countries processed: 175/186
2026-01-10 19:07:13,109 - INFO -    Successful extractions: 171
2026-01-10 19:07:13,109 - INFO -    Failed extractions: 0
2026-01-10 19:07:13,110 - INFO -    Successful inferences: 171
2026-01-10 19:07:13,110 - INFO -    Failed inferences: 0
2026-01-10 19:07:13,110 - INFO -    Skipped countries: 4
2026-01-10 19:07:13,110 - INFO -    Average processing time: 3.0s per country
2026-01-10 19:07:13,110 - INFO - 
🚀 Processing United Kingdom, Wales
2026-01-10 19:07:13,110 - INFO -    ILI cases: 9,333
2026-01-10 19:07:13,110 - INFO -    ARI cases: 291,962
2026-01-10 19:07:13,110 - INFO -    Data types: ARI, ILI
2026-01-10 19:07:13,110 - INFO - Running extraction: /home/david/miniconda3/bin/python enhanced_extract_country_data.py --country United Kingdom, Wales --input data/who_flu_data.csv --output_dir data/extracted_data
2026-01-10 19:07:14,424 - INFO - ✅ Extraction successful for United Kingdom, Wales
2026-01-10 19:07:14,425 - INFO - 🌦️  Attempting chronos inference with weather for United Kingdom, Wales...
2026-01-10 19:07:18,271 - WARNING - ⚠️  Weather failed for United Kingdom, Wales, trying without weather...
2026-01-10 19:07:23,240 - INFO - ✅ Inference successful for United Kingdom, Wales without weather
2026-01-10 19:07:23,241 - INFO - 
🚀 Processing United Republic of Tanzania
2026-01-10 19:07:23,241 - INFO -    ILI cases: 3,921
2026-01-10 19:07:23,241 - INFO -    ARI cases: 0
2026-01-10 19:07:23,241 - INFO -    Data types: ILI
2026-01-10 19:07:23,241 - INFO - Running extraction: /home/david/miniconda3/bin/python enhanced_extract_country_data.py --country United Republic of Tanzania --input data/who_flu_data.csv --output_dir data/extracted_data
2026-01-10 19:07:24,580 - INFO - ✅ Extraction successful for United Republic of Tanzania
2026-01-10 19:07:24,581 - INFO - 🌦️  Attempting chronos inference with weather for United Republic of Tanzania...
2026-01-10 19:07:28,569 - WARNING - ⚠️  Weather failed for United Republic of Tanzania, trying without weather...
2026-01-10 19:07:33,389 - INFO - ✅ Inference successful for United Republic of Tanzania without weather
2026-01-10 19:07:33,389 - INFO - 
🚀 Processing United States of America
2026-01-10 19:07:33,389 - INFO -    ILI cases: 50,849,436
2026-01-10 19:07:33,389 - INFO -    ARI cases: 0
2026-01-10 19:07:33,389 - INFO -    Data types: ILI
2026-01-10 19:07:33,389 - INFO - Running extraction: /home/david/miniconda3/bin/python enhanced_extract_country_data.py --country United States of America --input data/who_flu_data.csv --output_dir data/extracted_data
2026-01-10 19:07:34,701 - INFO - ✅ Extraction successful for United States of America
2026-01-10 19:07:34,701 - INFO - 🌦️  Attempting chronos inference with weather for United States of America...
2026-01-10 19:07:40,012 - INFO - ✅ Inference successful for United States of America with weather
2026-01-10 19:07:40,013 - INFO - 
🚀 Processing Uruguay
2026-01-10 19:07:40,013 - INFO -    ILI cases: 698
2026-01-10 19:07:40,013 - INFO -    ARI cases: 0
2026-01-10 19:07:40,013 - INFO -    Data types: ILI
2026-01-10 19:07:40,013 - INFO - Running extraction: /home/david/miniconda3/bin/python enhanced_extract_country_data.py --country Uruguay --input data/who_flu_data.csv --output_dir data/extracted_data
2026-01-10 19:07:41,333 - INFO - ✅ Extraction successful for Uruguay
2026-01-10 19:07:41,333 - INFO - 🌦️  Attempting chronos inference with weather for Uruguay...
2026-01-10 19:07:45,326 - WARNING - ⚠️  Weather failed for Uruguay, trying without weather...
2026-01-10 19:07:50,232 - INFO - ✅ Inference successful for Uruguay without weather
2026-01-10 19:07:50,232 - INFO - 
🚀 Processing Uzbekistan
2026-01-10 19:07:50,233 - INFO -    ILI cases: 109,570
2026-01-10 19:07:50,233 - INFO -    ARI cases: 2,002,227
2026-01-10 19:07:50,233 - INFO -    Data types: ARI, ILI
2026-01-10 19:07:50,233 - INFO - Running extraction: /home/david/miniconda3/bin/python enhanced_extract_country_data.py --country Uzbekistan --input data/who_flu_data.csv --output_dir data/extracted_data
2026-01-10 19:07:51,544 - INFO - ✅ Extraction successful for Uzbekistan
2026-01-10 19:07:51,545 - INFO - 🌦️  Attempting chronos inference with weather for Uzbekistan...
2026-01-10 19:07:55,546 - WARNING - ⚠️  Weather failed for Uzbekistan, trying without weather...
2026-01-10 19:08:00,395 - INFO - ✅ Inference successful for Uzbekistan without weather
2026-01-10 19:08:00,395 - INFO - 
📈 PROGRESS UPDATE
2026-01-10 19:08:00,395 - INFO -    Countries processed: 180/186
2026-01-10 19:08:00,395 - INFO -    Successful extractions: 176
2026-01-10 19:08:00,395 - INFO -    Failed extractions: 0
2026-01-10 19:08:00,395 - INFO -    Successful inferences: 176
2026-01-10 19:08:00,396 - INFO -    Failed inferences: 0
2026-01-10 19:08:00,396 - INFO -    Skipped countries: 4
2026-01-10 19:08:00,396 - INFO -    Average processing time: 3.0s per country
2026-01-10 19:08:00,396 - INFO - 
🚀 Processing Vanuatu
2026-01-10 19:08:00,396 - INFO -    ILI cases: 144,369
2026-01-10 19:08:00,396 - INFO -    ARI cases: 0
2026-01-10 19:08:00,396 - INFO -    Data types: ILI
2026-01-10 19:08:00,396 - INFO - Running extraction: /home/david/miniconda3/bin/python enhanced_extract_country_data.py --country Vanuatu --input data/who_flu_data.csv --output_dir data/extracted_data
2026-01-10 19:08:01,703 - INFO - ✅ Extraction successful for Vanuatu
2026-01-10 19:08:01,703 - INFO - 🌦️  Attempting chronos inference with weather for Vanuatu...
2026-01-10 19:08:05,702 - WARNING - ⚠️  Weather failed for Vanuatu, trying without weather...
2026-01-10 19:08:10,644 - INFO - ✅ Inference successful for Vanuatu without weather
2026-01-10 19:08:10,644 - INFO - 
🚀 Processing Viet Nam
2026-01-10 19:08:10,645 - INFO -    ILI cases: 59,088
2026-01-10 19:08:10,645 - INFO -    ARI cases: 0
2026-01-10 19:08:10,645 - INFO -    Data types: ILI
2026-01-10 19:08:10,645 - INFO - Running extraction: /home/david/miniconda3/bin/python enhanced_extract_country_data.py --country Viet Nam --input data/who_flu_data.csv --output_dir data/extracted_data
2026-01-10 19:08:11,973 - INFO - ✅ Extraction successful for Viet Nam
2026-01-10 19:08:11,973 - INFO - 🌦️  Attempting chronos inference with weather for Viet Nam...
2026-01-10 19:08:15,926 - WARNING - ⚠️  Weather failed for Viet Nam, trying without weather...
2026-01-10 19:08:20,766 - INFO - ✅ Inference successful for Viet Nam without weather
2026-01-10 19:08:20,766 - INFO - 
🚀 Processing Wallis and Futuna
2026-01-10 19:08:20,766 - INFO -    ILI cases: 23,000
2026-01-10 19:08:20,766 - INFO -    ARI cases: 0
2026-01-10 19:08:20,766 - INFO -    Data types: ILI
2026-01-10 19:08:20,766 - INFO - Running extraction: /home/david/miniconda3/bin/python enhanced_extract_country_data.py --country Wallis and Futuna --input data/who_flu_data.csv --output_dir data/extracted_data
2026-01-10 19:08:22,084 - INFO - ✅ Extraction successful for Wallis and Futuna
2026-01-10 19:08:22,084 - INFO - 🌦️  Attempting chronos inference with weather for Wallis and Futuna...
2026-01-10 19:08:27,344 - INFO - ✅ Inference successful for Wallis and Futuna with weather
2026-01-10 19:08:27,345 - INFO - 
🚀 Processing Yemen
2026-01-10 19:08:27,345 - INFO -    ILI cases: 2,930
2026-01-10 19:08:27,345 - INFO -    ARI cases: 0
2026-01-10 19:08:27,345 - INFO -    Data types: ILI
2026-01-10 19:08:27,345 - INFO - Running extraction: /home/david/miniconda3/bin/python enhanced_extract_country_data.py --country Yemen --input data/who_flu_data.csv --output_dir data/extracted_data
2026-01-10 19:08:28,630 - INFO - ✅ Extraction successful for Yemen
2026-01-10 19:08:28,630 - INFO - 🌦️  Attempting chronos inference with weather for Yemen...
2026-01-10 19:08:32,580 - WARNING - ⚠️  Weather failed for Yemen, trying without weather...
2026-01-10 19:08:37,423 - INFO - ✅ Inference successful for Yemen without weather
2026-01-10 19:08:37,423 - INFO - 
🚀 Processing Zambia
2026-01-10 19:08:37,423 - INFO -    ILI cases: 695,114
2026-01-10 19:08:37,423 - INFO -    ARI cases: 0
2026-01-10 19:08:37,423 - INFO -    Data types: ILI
2026-01-10 19:08:37,423 - INFO - Running extraction: /home/david/miniconda3/bin/python enhanced_extract_country_data.py --country Zambia --input data/who_flu_data.csv --output_dir data/extracted_data
2026-01-10 19:08:38,721 - INFO - ✅ Extraction successful for Zambia
2026-01-10 19:08:38,721 - INFO - 🌦️  Attempting chronos inference with weather for Zambia...
2026-01-10 19:08:42,684 - WARNING - ⚠️  Weather failed for Zambia, trying without weather...
2026-01-10 19:08:47,541 - INFO - ✅ Inference successful for Zambia without weather
2026-01-10 19:08:47,541 - INFO - 
📈 PROGRESS UPDATE
2026-01-10 19:08:47,541 - INFO -    Countries processed: 185/186
2026-01-10 19:08:47,541 - INFO -    Successful extractions: 181
2026-01-10 19:08:47,541 - INFO -    Failed extractions: 0
2026-01-10 19:08:47,541 - INFO -    Successful inferences: 181
2026-01-10 19:08:47,541 - INFO -    Failed inferences: 0
2026-01-10 19:08:47,541 - INFO -    Skipped countries: 4
2026-01-10 19:08:47,541 - INFO -    Average processing time: 3.0s per country
2026-01-10 19:08:47,541 - INFO - 
🚀 Processing occupied Palestinian territory, including east Jerusalem
2026-01-10 19:08:47,541 - INFO -    ILI cases: 744
2026-01-10 19:08:47,541 - INFO -    ARI cases: 0
2026-01-10 19:08:47,541 - INFO -    Data types: ILI
2026-01-10 19:08:47,541 - INFO - Running extraction: /home/david/miniconda3/bin/python enhanced_extract_country_data.py --country occupied Palestinian territory, including east Jerusalem --input data/who_flu_data.csv --output_dir data/extracted_data
2026-01-10 19:08:48,851 - INFO - ✅ Extraction successful for occupied Palestinian territory, including east Jerusalem
2026-01-10 19:08:48,851 - INFO - 🌦️  Attempting chronos inference with weather for occupied Palestinian territory, including east Jerusalem...
2026-01-10 19:08:52,690 - WARNING - ⚠️  Weather failed for occupied Palestinian territory, including east Jerusalem, trying without weather...
2026-01-10 19:08:57,516 - INFO - ✅ Inference successful for occupied Palestinian territory, including east Jerusalem without weather
2026-01-10 19:08:57,516 - INFO - 
🎉 BATCH PROCESSING COMPLETE
2026-01-10 19:08:57,516 - INFO - ============================================================
2026-01-10 19:08:57,516 - INFO - 📊 SUMMARY STATISTICS:
2026-01-10 19:08:57,516 - INFO -    Total countries in dataset: 186
2026-01-10 19:08:57,516 - INFO -    Countries processed: 182
2026-01-10 19:08:57,516 - INFO -    Countries skipped (no data): 4
2026-01-10 19:08:57,516 - INFO -    Successful extractions: 182
2026-01-10 19:08:57,516 - INFO -    Failed extractions: 0
2026-01-10 19:08:57,516 - INFO -    Successful inferences: 182
2026-01-10 19:08:57,516 - INFO -    Failed inferences: 0
2026-01-10 19:08:57,516 - INFO -    Overall success rate: 100.0%
2026-01-10 19:08:57,516 - INFO - 
🌦️ WEATHER USAGE SUMMARY:
2026-01-10 19:08:57,516 - INFO -    Countries with weather: 101 (55.5%)
2026-01-10 19:08:57,516 - INFO -    Countries without weather: 81 (44.5%)
2026-01-10 19:08:57,516 - INFO - 
📋 COUNTRIES WITHOUT WEATHER DATA:
2026-01-10 19:08:57,516 - INFO -    ❌ Belize
2026-01-10 19:08:57,516 - INFO -    ❌ Bolivia (Plurinational State of)
2026-01-10 19:08:57,516 - INFO -    ❌ China, Hong Kong SAR
2026-01-10 19:08:57,516 - INFO -    ❌ Côte d’Ivoire
2026-01-10 19:08:57,517 - INFO -    ❌ Democratic Republic of the Congo
2026-01-10 19:08:57,517 - INFO -    ❌ Iceland
2026-01-10 19:08:57,517 - INFO -    ❌ Iran (Islamic Republic of)
2026-01-10 19:08:57,517 - INFO -    ❌ Jamaica
2026-01-10 19:08:57,517 - INFO -    ❌ Jordan
2026-01-10 19:08:57,517 - INFO -    ❌ Kosovo (in accordance with UN Security Council resolution 1244 (1999))
2026-01-10 19:08:57,517 - INFO -    ❌ Lao People's Democratic Republic
2026-01-10 19:08:57,517 - INFO -    ❌ Luxembourg
2026-01-10 19:08:57,517 - INFO -    ❌ Madagascar
2026-01-10 19:08:57,517 - INFO -    ❌ Maldives
2026-01-10 19:08:57,517 - INFO -    ❌ Marshall Islands
2026-01-10 19:08:57,517 - INFO -    ❌ Mauritania
2026-01-10 19:08:57,517 - INFO -    ❌ Mauritius
2026-01-10 19:08:57,517 - INFO -    ❌ Micronesia (Federated States of)
2026-01-10 19:08:57,517 - INFO -    ❌ Montenegro
2026-01-10 19:08:57,517 - INFO -    ❌ Morocco
2026-01-10 19:08:57,517 - INFO -    ❌ Mozambique
2026-01-10 19:08:57,517 - INFO -    ❌ Nepal
2026-01-10 19:08:57,517 - INFO -    ❌ Netherlands (Kingdom of the)
2026-01-10 19:08:57,517 - INFO -    ❌ New Caledonia
2026-01-10 19:08:57,517 - INFO -    ❌ New Zealand
2026-01-10 19:08:57,517 - INFO -    ❌ Nicaragua
2026-01-10 19:08:57,517 - INFO -    ❌ Niger
2026-01-10 19:08:57,517 - INFO -    ❌ Nigeria
2026-01-10 19:08:57,517 - INFO -    ❌ Niue
2026-01-10 19:08:57,517 - INFO -    ❌ North Macedonia
2026-01-10 19:08:57,517 - INFO -    ❌ Oman
2026-01-10 19:08:57,517 - INFO -    ❌ Pakistan
2026-01-10 19:08:57,517 - INFO -    ❌ Panama
2026-01-10 19:08:57,517 - INFO -    ❌ Papua New Guinea
2026-01-10 19:08:57,517 - INFO -    ❌ Paraguay
2026-01-10 19:08:57,517 - INFO -    ❌ Peru
2026-01-10 19:08:57,517 - INFO -    ❌ Pitcairn
2026-01-10 19:08:57,517 - INFO -    ❌ Qatar
2026-01-10 19:08:57,517 - INFO -    ❌ Russian Federation
2026-01-10 19:08:57,517 - INFO -    ❌ Rwanda
2026-01-10 19:08:57,517 - INFO -    ❌ Saint Lucia
2026-01-10 19:08:57,517 - INFO -    ❌ Saudi Arabia
2026-01-10 19:08:57,517 - INFO -    ❌ Senegal
2026-01-10 19:08:57,518 - INFO -    ❌ Serbia
2026-01-10 19:08:57,518 - INFO -    ❌ Sierra Leone
2026-01-10 19:08:57,518 - INFO -    ❌ Singapore
2026-01-10 19:08:57,518 - INFO -    ❌ Solomon Islands
2026-01-10 19:08:57,518 - INFO -    ❌ Somalia
2026-01-10 19:08:57,518 - INFO -    ❌ South Africa
2026-01-10 19:08:57,518 - INFO -    ❌ South Sudan
2026-01-10 19:08:57,518 - INFO -    ❌ Spain
2026-01-10 19:08:57,518 - INFO -    ❌ Sri Lanka
2026-01-10 19:08:57,518 - INFO -    ❌ Sudan
2026-01-10 19:08:57,518 - INFO -    ❌ Suriname
2026-01-10 19:08:57,518 - INFO -    ❌ Sweden
2026-01-10 19:08:57,518 - INFO -    ❌ Switzerland
2026-01-10 19:08:57,518 - INFO -    ❌ Tajikistan
2026-01-10 19:08:57,518 - INFO -    ❌ Thailand
2026-01-10 19:08:57,518 - INFO -    ❌ Timor-Leste
2026-01-10 19:08:57,518 - INFO -    ❌ Togo
2026-01-10 19:08:57,518 - INFO -    ❌ Tokelau
2026-01-10 19:08:57,518 - INFO -    ❌ Trinidad and Tobago
2026-01-10 19:08:57,518 - INFO -    ❌ Turkmenistan
2026-01-10 19:08:57,518 - INFO -    ❌ Turks and Caicos Islands
2026-01-10 19:08:57,518 - INFO -    ❌ Türkiye
2026-01-10 19:08:57,518 - INFO -    ❌ Uganda
2026-01-10 19:08:57,518 - INFO -    ❌ Ukraine
2026-01-10 19:08:57,518 - INFO -    ❌ United Arab Emirates
2026-01-10 19:08:57,518 - INFO -    ❌ United Kingdom of Great Britain and Northern Ireland
2026-01-10 19:08:57,518 - INFO -    ❌ United Kingdom, England
2026-01-10 19:08:57,518 - INFO -    ❌ United Kingdom, Northern Ireland
2026-01-10 19:08:57,518 - INFO -    ❌ United Kingdom, Scotland
2026-01-10 19:08:57,518 - INFO -    ❌ United Kingdom, Wales
2026-01-10 19:08:57,518 - INFO -    ❌ United Republic of Tanzania
2026-01-10 19:08:57,518 - INFO -    ❌ Uruguay
2026-01-10 19:08:57,518 - INFO -    ❌ Uzbekistan
2026-01-10 19:08:57,518 - INFO -    ❌ Vanuatu
2026-01-10 19:08:57,518 - INFO -    ❌ Viet Nam
2026-01-10 19:08:57,518 - INFO -    ❌ Yemen
2026-01-10 19:08:57,518 - INFO -    ❌ Zambia
2026-01-10 19:08:57,518 - INFO -    ❌ occupied Palestinian territory, including east Jerusalem
2026-01-10 19:08:57,518 - INFO -    Total processing time: 1475.6 seconds (0.41 hours)
2026-01-10 19:08:57,518 - INFO -    Average time per country: 3.0 seconds
2026-01-10 19:08:57,519 - INFO - 📊 Saved weather usage report with 182 countries
2026-01-10 19:08:57,519 - INFO - ============================================================
2026-01-10 19:08:57,519 - INFO - 📁 RESULTS SAVED TO: results/country_predictions
2026-01-10 19:08:57,519 - INFO - 📁 EXTRACTED DATA IN: data/extracted_data
2026-01-10 19:08:57,519 - INFO - 📄 DETAILED LOG: country_inference_batch.log
2026-01-10 19:08:57,519 - INFO - 📊 WEATHER REPORT: weather_usage_report.csv
